Date,Open,High,Low,Close,Adj Close,Volume,EMA20,EMA50,RSI,MACD,MACD_signal,ATR,Volatility,Volume_MA,date,sentiment_score,sentiment_num,Target
2015-12-24,501.950012,503.600006,498.149994,500.274994,479.069305,5441138.0,489.0114630275778,485.7429846714376,63.22961597953855,8.152331755943976,,10.131294921570827,11.577595853611674,6322770.9,,0.0,0.0,1
2015-12-28,500.299988,506.875,500.0,505.200012,483.785553,5891016.0,490.66404203149176,486.89828298265417,65.81245134540214,8.630014898712318,,9.89870242717291,12.334931293809047,6368352.0,,0.0,0.0,1
2015-12-29,505.200012,509.350006,503.575012,507.700012,486.179596,6818120.0,492.3913051786389,488.1090156734097,67.07666156053267,9.105350524542644,,9.60415182523199,13.156893501660464,6025355.3,,0.0,0.0,0
2015-12-30,507.5,508.0,501.0,502.25,480.960602,3726642.0,493.3847594045414,488.91673318800383,61.718579183234915,8.939241006038912,,9.418140980572561,13.472075119173844,5914954.9,,0.0,0.0,1
2015-12-31,501.700012,509.850006,499.549988,507.299988,485.796509,8450132.0,494.77927447236704,489.9482962425932,64.54473591098818,9.110074574093915,,9.481132196245952,14.083070513996546,6164341.1,,0.0,0.0,1
2016-01-01,504.899994,509.450012,504.100006,507.674988,486.15564,2476270.0,496.0652187435771,490.92648669577983,64.75282919415096,9.17001455391943,,9.186051753656955,14.628076642983396,6028452.2,,0.0,0.0,0
2016-01-04,502.5,506.899994,493.350006,497.649994,476.555573,13793142.0,496.22254560587805,491.2916712433528,55.392966117744365,8.312759865134012,,9.553118199824313,14.573907265513474,6410809.2,,0.0,0.0,1
2016-01-05,500.149994,505.0,498.5,502.575012,481.27179,6832918.0,496.85064498458627,491.89540555209084,58.56193922900642,7.939268198819207,,9.395753042694006,14.290091019639444,6421377.3,,0.0,0.0,1
2016-01-06,503.799988,519.200012,500.200012,516.099976,494.223511,12233710.0,498.7470236296597,493.172264590734,65.75652805125557,8.635085039184276,8.539568049797714,10.081770682501576,14.161520659245426,6860890.2,,0.0,0.0,0
2016-01-07,510.524994,514.0,504.024994,506.625,485.150116,9024438.0,499.5205989067446,493.8724555782575,58.14075634542826,8.325996614522296,8.496853762742631,10.224142919465747,11.325614679013643,7102400.3,,0.0,0.0,1
2016-01-08,510.0,516.450012,508.350006,512.875,491.135223,9743678.0,500.82806427635234,494.8489730713695,61.32287120346613,8.487525665120188,8.494988143218144,10.195633568075337,10.502263330154301,7164597.7,,0.0,0.0,1
2016-01-11,507.975006,530.400024,505.5,525.799988,503.512329,13265342.0,503.2664421543728,496.4203789708314,66.92286090817251,9.548408999177013,8.705672314409918,11.245947170355672,10.602667217192986,7412860.3,,0.0,0.0,0
2016-01-12,527.5,532.700012,520.549988,522.724976,500.567719,10685522.0,505.16190454589287,497.74062726146946,64.52905116164753,10.025471520171038,8.969632155562143,11.310524086758841,9.91804659310656,7705663.4,,0.0,0.0,1
2016-01-13,526.549988,544.875,523.599976,538.424988,515.602234,32825622.0,508.39504962245076,499.76043950286754,70.3587879120717,11.537410674566104,9.483187859362936,12.084774080561784,11.802635466713815,8987638.4,,0.0,0.0,0
2016-01-14,531.924988,540.5,526.525024,530.825012,508.324341,12719826.0,510.5709568245544,501.2867488198128,64.80626863837954,11.98423203285779,9.983396694061907,12.219788503378798,12.219528471268058,9347104.9,,0.0,0.0,1
2016-01-15,534.875,544.75,532.799988,536.650024,513.902466,13151450.0,513.096387685452,503.0072051258418,66.9585549574143,12.662406623737581,10.519198679997043,12.341588467423168,13.659791516601068,9561933.9,,0.0,0.0,0
2016-01-18,537.5,541.974976,504.049988,508.424988,486.87381,12459918.0,512.6447435107855,503.2683216152522,50.759931186703746,10.797869239113652,10.574932791820366,14.168974148321512,13.24322271462291,9818827.8,,0.0,0.0,1
2016-01-19,514.5,524.900024,507.049988,521.799988,499.681915,9824192.0,513.5286215464803,504.1535277216312,56.17093923248548,10.280948276925471,10.516135888841387,14.431907137727121,12.958479903772371,10028153.9,,0.0,0.0,0
2016-01-20,517.450012,517.450012,495.0,502.274994,480.984528,20624706.0,512.4435748363062,504.0645562383211,47.896393778749015,8.201242038437044,10.053157118760518,15.315341485032326,12.437451542911104,10794706.4,,0.0,0.0,0
2016-01-21,508.774994,512.875,488.350006,492.100006,471.240845,14523544.0,510.48440931267737,503.5024679168287,44.239048849717456,5.666701161690412,9.175865927346496,15.973173807530015,13.064738360026587,11225566.3,,0.0,0.0,1
2016-01-22,497.024994,505.5,497.024994,502.075012,480.79303,10826910.0,509.67541359771775,503.43592342095945,48.39897284087439,4.412098945872401,8.223112531051678,15.7893752498493,12.983761110899572,11494854.9,,0.0,0.0,0
2016-01-25,505.0,509.375,500.0,501.975006,480.697266,5988680.0,508.9353365918973,503.36831942725627,48.36001998817617,3.3708904754068385,7.252668119922711,15.331205589145778,13.096800030045747,11499738.1,,0.0,0.0,0
2016-01-27,504.049988,505.0,498.475006,499.674988,478.494751,7886590.0,508.0461097767984,503.1986084618142,47.41485545622169,2.333236927601547,6.268781881458478,14.702190475635364,13.361891522580526,11553161.6,,0.0,0.0,1
2016-01-28,500.5,510.899994,498.549988,508.450012,486.897797,10548946.0,508.08486406446315,503.43829953769244,51.323632234255506,2.193672821171731,5.453760069401129,14.534177298804266,13.199849905851599,11894276.8,,0.0,0.0,1
2016-01-29,509.475006,520.0,509.0,517.700012,495.755707,8767154.0,509.00677838165797,504.08509301258766,55.111469310894954,2.7972203409640315,4.922452123713709,14.321020920318245,13.20565423127396,11910127.9,2016-01-29,0.0516,1.0,0
2016-02-01,519.974976,520.900024,512.775024,515.150024,493.313812,4534546.0,509.59542296685345,504.5838465071269,53.86702013088834,3.0347902058616114,4.54491974014329,13.878447997438371,13.164047662505888,12013041.7,,0.0,0.0,0
2016-02-02,515.150024,516.400024,495.25,500.575012,479.356567,6752932.0,508.7315914621696,504.4042002964358,47.2935783769305,2.023656918178972,4.040667175750427,14.397846283335634,12.999832559982211,11661031.2,2016-02-02,0.6486,1.0,0
2016-02-03,494.0,497.0,487.5,490.700012,469.900208,7173616.0,507.00572135927933,503.7934983169373,43.42687127837195,0.420647568362881,3.316663254272918,14.303358120240233,13.756913315223507,11678066.1,,0.0,0.0,0
2016-02-04,494.0,500.5,482.850006,486.524994,465.902161,8322158.0,505.04636610312576,503.0280523456064,41.86828723161829,-1.1731150113319018,2.418707601151954,14.542403540223074,14.897091708121247,11482488.5,,0.0,0.0,0
2016-02-05,489.549988,491.0,480.700012,485.450012,464.872711,9599764.0,503.1724233621376,502.2528474809752,41.45573040298546,-2.4941741149522727,1.4361312579311085,14.239373858778567,15.94504450557968,11511254.8,,0.0,0.0,0
2016-02-08,485.549988,492.399994,478.975006,480.524994,460.156433,5521706.0,501.00755727517526,501.29929091080425,39.5337122080428,-3.893647223316293,0.37017556168162824,14.181203440294382,17.228182130769717,11300156.2,,0.0,0.0,0
2016-02-09,476.450012,484.399994,475.0,478.75,458.456726,8962058.0,498.8807073222994,500.314285083987,38.83488675142633,-5.087323428179161,-0.7213242362905297,13.839688480273354,17.92418184724391,11084992.0,,0.0,0.0,1
2016-02-10,475.850006,486.5,474.325012,481.325012,460.922607,7718500.0,497.2036835757018,499.48847776831866,40.47865618207486,-5.759150569559665,-1.728889502944357,13.72078130311097,18.28270779694013,10936640.9,,0.0,0.0,0
2016-02-11,481.424988,482.975006,457.75,462.274994,442.680023,7824326.0,493.8680488083377,497.87701905404765,33.34017516333624,-7.739539075546645,-2.9310194174648148,14.542511638603044,18.6548811753928,9686576.1,2016-02-11,0.4019,1.0,0
2016-02-12,466.950012,466.950012,444.049988,453.274994,434.061554,13403870.0,489.99248501104444,495.9534759866109,30.59504685783125,-9.920874354305113,-4.328990404832874,15.139476807274258,19.95975216501492,9720778.3,,0.0,0.0,1
2016-02-15,459.0,475.674988,459.0,473.375,453.309509,8815778.0,488.40632791571295,494.98353191039143,42.06748036352983,-9.913420041602365,-5.4458763321867725,15.65808517818324,18.15812306791608,9503994.7,,0.0,0.0,0
2016-02-16,475.549988,479.0,463.5,465.274994,445.552887,5954526.0,486.19888700584715,493.71204827882946,39.25170837465802,-10.440760645136095,-6.444853194776638,15.646793379741581,18.79618811999419,9178725.1,,0.0,0.0,1
2016-02-17,467.549988,478.725006,458.200012,476.299988,456.110535,7059664.0,485.2544094660391,492.9694970843337,44.67940460627833,-9.855449509498612,-7.126972457721033,15.99523628118861,17.581634308205672,9040498.7,,0.0,0.0,0
2016-02-18,481.475006,484.350006,468.0,470.049988,450.125458,6598322.0,483.8039721800429,491.9954175450751,42.36835430214917,-9.78313509258038,-7.658204984692903,16.020576975389424,17.74672384460561,8339179.5,2016-02-18,0.0,0.0,1
2016-02-19,470.0,476.375,468.674988,472.174988,452.160431,4679328.0,482.6947913130318,491.1558065015942,43.43957338003158,-9.445474109609336,-8.01565880967619,15.426250905718751,18.00721670015776,7846968.7,,0.0,0.0,1
2016-02-22,472.049988,484.149994,472.049988,481.149994,460.755005,5838396.0,482.54746844698644,490.73328030606143,47.84860959072407,-8.357329281246166,-8.083992903990184,15.188661983881698,17.6329670595455,7597543.0,,0.0,0.0,0
2016-02-23,481.549988,483.600006,471.375,474.825012,454.69812,8681492.0,481.81109504788867,490.0635223382146,45.17592754068143,-7.9141109082409,-8.050016504840329,14.976972270747291,17.30206123405444,7732183.6,,0.0,0.0,1
2016-02-24,472.450012,479.274994,471.0,476.325012,456.134521,6942622.0,481.28803166995374,489.48677812292374,45.94703367016588,-7.357012628441964,-7.911415729560656,14.498259537122484,16.949903284326375,7684985.2,,0.0,0.0,0
2016-02-25,477.100006,478.274994,470.424988,472.049988,452.04071,11350050.0,480.4073355307733,488.7567976820555,44.045615972003816,-7.177726573004691,-7.764677898249464,14.023384284470879,15.942122161765504,7725040.4,,0.0,0.0,1
2016-02-26,476.5,479.375,472.149994,475.174988,455.033234,3817066.0,479.9085645474126,488.18970566872895,45.81095332990928,-6.706175087143492,-7.55297733602827,13.544929121294388,13.375199352577269,7477536.0,,0.0,0.0,1
2016-02-29,475.649994,497.299988,467.5,483.325012,462.837799,14186948.0,480.23420759753367,487.98710050925825,50.22184076285842,-5.610157904920186,-7.164413449806654,14.706004755487644,10.342595203592337,7960156.1,,0.0,0.0,1
2016-03-01,482.350006,492.524994,482.325012,490.649994,469.852295,7521846.0,481.22692396264546,488.09773580618656,53.8572266361497,-4.10319251252389,-6.552169262350102,14.384145987238526,9.339957683894644,7998601.8,,0.0,0.0,1
2016-03-02,496.450012,502.875,493.625,500.75,479.52417,9191772.0,483.0875138038588,488.6221770676649,58.37163451133344,-2.0700631080820813,-5.655748031496499,14.229921702435774,10.360186842990307,8099509.6,,0.0,0.0,1
2016-03-03,505.0,509.0,498.75,506.424988,484.958618,7260012.0,485.31148143058925,489.3584651062633,60.69831258629393,-0.0008593968176455746,-4.524770304560729,13.94564158083322,12.129857595297636,8046402.3,,0.0,0.0,0
2016-03-04,507.0,507.5,501.75,503.200012,481.870361,4108856.0,487.0160879169645,489.9296995801147,58.69077803729232,1.3630583529971432,-3.3472045730491544,13.360238610773704,13.298786245688563,7771856.9,,0.0,0.0,1
2016-03-08,503.75,515.450012,503.75,513.5,491.733734,6045108.0,489.53962017847493,490.9004416016097,62.91005046650194,3.2377729164931566,-2.030209075140692,13.280935852861296,15.394952349094257,7798027.0,,0.0,0.0,1
2016-03-09,510.0,521.950012,509.299988,520.849976,498.772247,5419662.0,492.5229010852984,492.13148788315226,65.6094292003344,5.255991552662465,-0.5729689495800605,13.235870720514061,17.82781341238165,7620907.2,,0.0,0.0,0
2016-03-10,521.025024,522.950012,504.5,505.875,484.431915,9466248.0,493.7950474140652,492.695336754317,56.57506599495639,5.58273466017215,0.6581717723703817,13.608309383334486,18.564365501067066,7708294.6,,0.0,0.0,1
2016-03-11,507.450012,514.775024,505.299988,507.25,485.748657,7003352.0,495.07694360144484,493.29138499543956,57.15840122097304,5.884795674201996,1.7034965527367045,13.313075570239167,18.53844743678444,7667245.9,,0.0,0.0,1
2016-03-14,509.549988,513.200012,506.475006,509.875,488.26236,5431180.0,496.4867520969916,493.9693462420486,58.30979624079381,6.263791674661775,2.615555577121719,12.842499172364942,17.559718577264693,7268611.4,,0.0,0.0,1
2016-03-15,512.0,513.924988,507.549988,510.25,488.621521,4794664.0,497.7979329248347,494.6338152025406,58.48146345415487,6.519258151664076,3.3962960920301906,12.380534945767447,17.776188169433368,7067555.7,,0.0,0.0,1
2016-03-16,510.5,512.900024,502.725006,510.875,489.220001,5058148.0,499.04370770727706,495.2956159270145,58.786064130711424,6.694973959552897,4.056031665534732,12.222998021069774,17.25151773430223,7022736.8,,0.0,0.0,0
2016-03-17,513.5,518.450012,506.0,508.0,496.674988,7695480.0,499.89689849421404,495.81250582849384,56.724476324170496,6.527002310923876,4.550225794612562,12.239213305279078,17.087659318799652,7054527.6,,0.0,0.0,1
2016-03-18,509.125,515.075012,507.850006,513.599976,502.150146,6414492.0,501.2022449739354,496.53514343739533,59.68982099255361,6.767740531389165,4.993728741967883,11.881055640616287,16.557294353248537,7045336.1,,0.0,0.0,1
2016-03-21,513.974976,520.75,511.375,518.650024,507.087616,5809704.0,502.86427399436343,497.4323218594311,62.20495830512548,7.282080680968647,5.451399129768036,11.702051666286552,16.17534048261633,7101854.9,2016-03-21,-0.2732,-1.0,1
2016-03-22,518.5,526.125,517.825012,523.924988,512.244995,7009934.0,504.8704229828166,498.50565008972376,64.68369773869787,8.022861907209347,5.9656916852562984,11.459047118694654,16.4975549481508,7160431.8,,0.0,0.0,0
2016-03-23,523.450012,523.450012,511.200012,514.599976,503.127899,7683308.0,505.7972003507159,499.1568526825845,57.503962902840875,7.767941831959661,6.326141714596972,11.549470610216462,15.509869700822069,7110522.6,,0.0,0.0,0
2016-03-28,515.0,515.849976,507.825012,510.200012,498.825989,8261106.0,506.21657849747714,499.60312083964715,54.43376515711706,7.128700293436793,6.486653430364937,11.29772013805814,14.209020689092434,7176446.8,,0.0,0.0,1
2016-03-29,511.899994,521.0,510.100006,518.125,506.57431,7255802.0,507.3508674382624,500.35071978555646,58.70987581827688,7.178824053358426,6.625087554963635,11.269311128196843,12.184845474136239,6971734.4,,0.0,0.0,1
2016-03-30,521.349976,525.875,521.349976,523.525024,511.853973,6607560.0,508.89145200180707,501.28503268163666,61.37005930458548,7.567055990010886,6.8134812419730855,11.017931761897069,10.103775215270389,7111259.1,,0.0,0.0,0
2016-03-31,520.5,528.0,516.349976,522.599976,510.949524,14095970.0,510.197170416875,502.14343700018236,60.649211098350364,7.711199051604581,6.993024803899385,11.063081207475852,8.38370173569502,7106710.2,,0.0,0.0,0
2016-04-01,519.549988,523.150024,512.5,517.224976,505.694366,5660230.0,510.8665523509482,502.75016590105344,56.49671387756381,7.307479808675339,7.0559158048545765,11.033577121227578,6.847751142813749,7013629.4,,0.0,0.0,1
2016-04-04,520.0,521.099976,512.650024,517.525024,505.987671,3946520.0,511.5007500407508,503.3439548253976,56.67504177866518,6.931834888332787,7.031099621550219,10.849032469711318,6.276354379796171,6751366.8,,0.0,0.0,0
2016-04-05,515.674988,521.200012,511.100006,513.474976,502.027924,4690296.0,511.68878699430593,503.75071594570363,53.48786179734265,6.235450168539273,6.871969730948029,10.795530579017653,6.03340151378931,6622881.0,,0.0,0.0,1
2016-04-06,516.049988,518.349976,511.299988,516.875,505.352142,3195950.0,512.1827487244155,504.2771648531894,55.738212396758726,5.8900173291734745,6.675579250593119,10.527991823373535,5.475490895392876,6577235.7,,0.0,0.0,1
2016-04-07,517.450012,524.0,511.049988,518.625,507.063141,4018110.0,512.7963376909227,504.85217782689244,56.894218567944144,5.691857499708306,6.478834900416157,10.70099326456114,5.529139987447707,6475885.8,2016-04-07,0.1779,1.0,0
2016-04-08,517.950012,527.224976,515.599976,518.174988,506.623169,6131402.0,513.3086212427097,505.3856519526562,56.485673246330485,5.435841205971087,6.270236161527143,10.766993745663914,5.413782890406578,6511472.8,,0.0,0.0,1
2016-04-11,518.5,522.75,516.5,520.150024,508.554169,4712636.0,513.9602192479049,505.9763611258894,57.91405658716868,5.330864460667328,6.082361821355181,10.44435133525935,5.08356939274076,6273792.2,,0.0,0.0,1
2016-04-12,520.150024,528.724976,519.025024,523.700012,512.025024,5104198.0,514.8878647189615,506.68490620241727,60.42844396579923,5.471057056675363,5.960100868419218,10.391179954169392,4.978162098477132,6178834.5,,0.0,0.0,1
2016-04-13,526.275024,534.950012,526.275024,533.025024,521.142151,7332282.0,516.6152909951489,507.7371135705457,66.14940089622681,6.262421933243672,6.020565081384109,10.452524243157294,5.952917917671515,6273889.6,,0.0,0.0,0
2016-04-18,532.900024,533.400024,527.700012,532.375,520.506653,8716204.0,518.1162768045414,508.7206027973807,65.43918868941867,6.759216751828603,6.1682954154730085,10.113059082931773,6.53178739222007,6469966.6,,0.0,0.0,0
2016-04-20,534.599976,534.599976,517.900024,518.650024,507.087616,9914994.0,518.1671117443093,509.11668496691414,52.598163848230904,5.976545470072324,6.129945426392871,10.583551434150928,6.263503849144351,6712808.9,,0.0,0.0,1
2016-04-21,520.700012,526.0,517.5,520.575012,508.969666,5202872.0,518.3964432252925,509.5734469254625,53.962662451260016,5.448792990404968,5.993714939195291,10.434726331711577,5.690103477214545,6588178.5,,0.0,0.0,0
2016-04-22,519.5,523.75,514.650024,519.474976,507.894165,5351172.0,518.4991637314318,509.967895142067,53.02335304066972,4.885465036358937,5.772064958628021,10.339387022303606,5.502835702697511,6535012.5,,0.0,0.0,0
2016-04-25,522.224976,522.224976,506.149994,508.450012,497.11499,27959172.0,517.5420755369032,509.907464630027,44.637127982912716,3.50895210328747,5.319442387559912,10.749072377853349,6.083736423303572,7642485.9,,0.0,0.0,1
2016-04-26,507.700012,511.950012,503.75,508.475006,497.139404,12082558.0,516.6785237780596,509.850469077345,44.658497442558335,2.3924933197894234,4.734052574005814,10.56699663657811,6.469482672684883,7896117.1,,0.0,0.0,1
2016-04-27,508.950012,512.974976,508.0,509.700012,498.337158,6630120.0,516.0138887577791,509.84448602570114,45.76347615029822,1.5882312948859862,4.104888318181848,10.167566591108242,6.724320681168376,7843457.7,,0.0,0.0,0
2016-04-28,507.0,509.600006,495.475006,498.350006,487.240173,28321014.0,514.3315801990985,509.3876497331688,38.16085107495317,0.034598388823383175,3.290830332310155,10.457383691743368,7.915078305678869,8846453.1,,0.0,0.0,0
2016-04-29,496.725006,499.274994,489.424988,491.350006,480.39621,10734120.0,512.1428188119911,508.67114064685813,34.368631780718005,-1.7414342115257568,2.284377423542973,10.413999570904556,9.900042192800994,9020369.0,,0.0,0.0,1
2016-05-02,489.5,496.200012,489.0,493.475006,482.473846,4855506.0,510.3649024546473,508.06781085845114,36.43376217111074,-2.9435516709271496,1.2387916046489482,10.18442903012566,11.013787576691458,8932766.3,,0.0,0.0,0
2016-05-03,494.0,497.475006,486.375,487.899994,477.023102,8033248.0,508.22535532835093,507.2674810267447,33.459199511969544,-4.296567142869321,0.13171985514529438,10.249827385116685,12.416077810040369,8629630.2,,0.0,0.0,1
2016-05-04,487.024994,491.850006,486.5,489.049988,478.147461,6192906.0,506.39910512834405,506.5448849471481,34.6445193875218,-5.215920858574748,-0.9378082875987142,9.899840143322637,13.507024033090225,8656264.0,,0.0,0.0,0
2016-05-05,490.0,491.725006,485.450012,487.625,476.754272,9904822.0,504.61107320059614,505.7947655289321,33.84010548146756,-5.990445794143682,-1.9483357889077078,9.640922561656733,14.479386340258287,8954179.1,,0.0,0.0,0
2016-05-06,486.5,488.399994,483.5,484.475006,473.674469,6742440.0,502.6933312480774,504.9498624762859,32.067572530510574,-6.780281708972325,-2.9147249729206317,9.30228480725268,15.57372543993815,9056786.3,,0.0,0.0,1
2016-05-09,487.5,493.0,486.399994,491.549988,480.591766,7016176.0,501.63204981435644,504.4190447827803,39.70651582984771,-6.757444825046491,-3.683268943345804,9.246764035306057,15.927302313692342,9247797.6,,0.0,0.0,0
2016-05-10,491.549988,492.350006,489.0,491.274994,480.322815,3313680.0,500.6456545920464,503.89856831614645,39.520495207579444,-6.6844816045912125,-4.283511475594886,8.825567032784196,16.118099922240667,9212576.1,,0.0,0.0,0
2016-05-11,485.899994,490.375,485.0,487.700012,476.827606,5641398.0,499.41272612362536,503.2573849766928,37.0879155921868,-6.836324009025532,-4.794073982281015,8.64338324472818,16.38366242687509,9188075.9,,0.0,0.0,1
2016-05-12,488.0,497.100006,487.524994,496.399994,485.333588,5845428.0,499.12579712253495,502.98605020782054,45.82684086492841,-6.183366371371164,-5.071932460099045,8.709928155819027,16.07538865014814,9244715.5,,0.0,0.0,0
2016-05-13,494.475006,495.274994,487.5,489.075012,478.171906,6696706.0,498.1685730561136,502.43580913868516,40.70061419989091,-6.185653209432644,-5.294676609965766,8.723504287546238,15.66494281469052,9324340.9,,0.0,0.0,0
2016-05-16,488.5,491.25,485.549988,487.975006,477.096436,4264144.0,497.1977512405129,501.8640161190194,39.97740218807788,-6.204702883589846,-5.476681864690582,8.507540552721506,14.124188739148286,9170934.0,,0.0,0.0,0
2016-05-17,490.125,491.549988,483.174988,484.575012,473.772278,5558046.0,495.99557898222025,501.18061576080675,37.74490566148694,-6.420143569797403,-5.665374205711947,8.498073370384256,12.218948606338975,9013026.1,,0.0,0.0,1
2016-05-18,482.950012,486.25,482.049988,485.274994,474.456635,3761948.0,494.9745658045448,500.5520941066055,38.50628373764662,-6.459933080988037,-5.824285980767165,8.191068986785382,11.402141949149081,8705373.8,,0.0,0.0,0
2016-05-19,485.850006,485.950012,472.799988,475.600006,464.997314,4176116.0,493.12936131956116,499.56639078939315,32.57604619502155,-7.189283642963687,-6.09728551320647,8.545280059157857,10.63395704621042,8654036.0,,0.0,0.0,0
2016-05-20,476.0,477.25,465.674988,467.100006,456.686829,8477976.0,490.6503649938009,498.2842133572744,28.433028587776377,-8.356845665674427,-6.549197543700061,8.761689483503726,10.315698375474794,8810376.2,,0.0,0.0,0
2016-05-23,468.674988,470.350006,462.825012,465.0,454.633606,8396196.0,488.2074640802655,496.9701015752159,27.502402269859218,-9.343889373887407,-7.1081359097375305,8.673354091824889,10.951725556688967,7832227.4,,0.0,0.0,1
2016-05-24,464.024994,472.0,464.024994,470.225006,459.742157,5615474.0,486.49484331042896,495.91444483374636,33.347844200489874,-9.593921551274832,-7.605293038044991,8.623472085265968,10.632745561438924,7508873.2,,0.0,0.0,1
2016-05-25,474.924988,476.399994,470.575012,475.600006,464.997314,4224270.0,485.4572366245651,495.1128175014116,38.813308518985956,-9.251708339241873,-7.934576098284367,8.448580364889827,9.411669668797325,7388580.7,,0.0,0.0,0
2016-05-26,475.0,476.200012,472.049988,473.424988,462.870789,6487202.0,484.3113050540903,494.2572047123236,37.474204375797,-9.051665710563839,-8.157994020740261,8.141540624540555,9.195671753722019,6296890.1,,0.0,0.0,1
2016-05-27,474.524994,488.450012,474.375,487.350006,476.485382,6126758.0,484.60070585937325,493.9847710182095,49.4894662399028,-7.680956623017607,-8.062586541195731,8.633218008501947,9.06382968507771,6066522.0,,0.0,0.0,0
2016-05-30,488.200012,490.75,482.5,484.350006,473.552277,4404182.0,484.5768296289043,493.60484264960803,47.377177096696016,-6.758823216842984,-7.801833876325182,8.605845293608951,8.761635252898463,6043955.8,,0.0,0.0,0
2016-05-31,484.5,486.5,478.25,478.924988,468.248169,10666938.0,484.03855790866083,493.0260967159496,43.741395063068296,-6.3920953662292845,-7.519886174306003,8.580427772636883,8.731358333802417,6175640.3,,0.0,0.0,0
2016-06-01,478.975006,483.049988,475.899994,476.799988,466.170563,4134068.0,483.3491690365058,492.38652404015727,42.36979512392665,-6.201444254025091,-7.2561977902498205,8.478253931734248,8.686663067635921,6072698.4,,0.0,0.0,1
2016-06-02,477.25,478.575012,472.549988,478.125,467.466034,4687704.0,482.85162830433524,491.82450069612264,43.558245072719004,-5.875703032166825,-6.9800988386332214,8.30302322232466,8.623260181081765,5811842.5,,0.0,0.0,1
2016-06-03,480.0,481.450012,477.924988,479.825012,469.128143,3951424.0,482.5633787006112,491.3517115628236,45.121920096430095,-5.4179196015694515,-6.6676629912204675,7.961737563587186,8.602623579748567,5672291.7,,0.0,0.0,0
2016-06-06,480.5,481.5,476.274994,477.399994,466.757202,3964932.0,482.0716271101254,490.802104827656,43.2799588335143,-5.19096342544259,-6.372323078064892,7.766256737616673,8.292185531228409,5519729.5,,0.0,0.0,1
2016-06-07,478.625,480.475006,475.799988,477.524994,466.879395,8665254.0,481.6386139018823,490.279166177066,43.40819961646964,-4.9440209692127155,-6.086662656294457,7.545453970644055,7.922298835870857,5787308.2,,0.0,0.0,0
2016-06-08,479.0,479.0,474.575012,477.049988,466.414978,5547950.0,481.2016014262804,489.758204401456,43.01024340330551,-4.7320976320615955,-5.815749651447884,7.322563544169478,7.726819565104751,5782635.8,,0.0,0.0,1
2016-06-09,480.0,488.225006,478.100006,485.575012,474.749939,7151680.0,481.6181171371979,489.59349833871346,51.58840302741817,-3.8320748963213873,-5.4190147004225855,7.597738862443088,6.794773703261385,5847948.4,,0.0,0.0,1
2016-06-10,487.0,492.200012,484.149994,488.350006,477.463104,7459474.0,482.2592499922393,489.54454566503347,54.01482476799868,-2.8618914663674104,-4.907590053611551,7.630044515125726,6.738993736034847,5886086.8,,0.0,0.0,1
2016-06-13,484.950012,491.725006,481.524994,490.549988,479.614014,4669712.0,483.04884473716027,489.58412101118944,55.901855437426526,-1.8936649561029526,-4.304805034109831,7.813613621188175,6.944910183391571,5906365.2,,0.0,0.0,0
2016-06-14,490.475006,492.700012,484.649994,488.125,477.243103,4994016.0,483.5322884550129,489.52669671180195,53.30524837517367,-1.306949041153814,-3.705233835518628,7.830499648246165,7.139389036450452,5878163.7,,0.0,0.0,1
2016-06-15,490.0,493.25,486.875,492.299988,481.325012,5087842.0,484.36730802107974,489.63582546821493,57.00779120121417,-0.49932984806088143,-3.0640530380270787,7.726535387657153,7.615653259335369,5944458.4,,0.0,0.0,0
2016-06-16,490.5,491.825012,483.524994,488.149994,477.267517,4284658.0,484.72756404788515,489.5773659834968,52.5475209520714,-0.1919430517850742,-2.4896310407786784,7.801425288538785,7.795770349335682,5949885.5,,0.0,0.0,0
2016-06-17,488.5,489.325012,485.049988,487.450012,476.58316,4816192.0,484.9868449480237,489.49367682571244,51.81118739770125,-0.0047645754802942974,-1.9926577477190015,7.5495394822145885,7.325270527938337,5766796.3,,0.0,0.0,1
2016-06-20,486.075012,496.299988,484.0,495.100006,484.062622,4918474.0,485.95000362337373,489.7142000015131,58.633478787469556,0.75219545667278,-1.4436871068406454,7.888857233484974,6.923343046923091,5592910.2,,0.0,0.0,0
2016-06-21,497.049988,497.075012,489.850006,493.549988,482.54715,6369730.0,486.6738119855543,489.8650615511302,56.87645794879927,1.2130351233833494,-0.9123426607958465,7.841439288236048,6.687826583239577,5630623.0,,0.0,0.0,0
2016-06-22,492.5,492.950012,488.549988,490.25,479.32074,5846568.0,487.0144014591865,489.8801994505908,53.21995399409973,1.2970211742433548,-0.47046989378800624,7.638479339076331,6.54595444927293,5711737.9,,0.0,0.0,0
2016-06-23,489.975006,491.0,485.0,490.225006,479.296295,4497386.0,487.32017343305944,489.8937576538151,53.19206143160075,1.3460475197975938,-0.10716641107088626,7.521445100570879,6.112346075091775,5612247.1,,0.0,0.0,0
2016-06-24,482.450012,482.450012,466.700012,475.725006,465.119568,11422346.0,486.21587140404563,489.33668427569563,40.07118089215422,0.21242374472126357,-0.043248379912456295,8.664555736244386,6.45514515366216,5877026.5,,0.0,0.0,1
2016-06-27,470.25,479.200012,470.25,477.825012,467.17276,4189198.0,485.4167416955793,488.8841252628806,42.29139054402007,-0.5106419678851921,-0.13672709750700346,8.684945469369788,6.639610505131652,5866277.3,,0.0,0.0,1
2016-06-28,478.200012,480.774994,477.5,478.899994,468.223755,3476740.0,484.7960988882675,488.49165676932483,43.44639562758387,-0.9855736120311462,-0.306496400411832,8.298520364414802,6.640705676920258,5506767.4,,0.0,0.0,1
2016-06-29,481.0,484.475006,480.0,483.450012,472.672333,3439714.0,484.6679001053011,488.2934921415933,48.17446346167535,-0.9834750470511153,-0.4418921297396887,8.103984052670889,6.400162932803205,5472049.7,,0.0,0.0,1
2016-06-30,486.0,488.75,483.524994,484.575012,473.772278,5832658.0,484.6590536171026,488.1473483624088,49.3030359350858,-0.8808795896217134,-0.5296896217160937,7.903698620337252,6.2071657679366785,5529297.4,,0.0,0.0,1
2016-07-01,486.375,488.399994,485.0,486.725006,475.874329,3021958.0,484.8558110267327,488.0914522607817,51.47772039635934,-0.6189505265118669,-0.5475418026752483,7.61236171888459,6.08947696380773,5482824.1,2016-07-01,0.4939,1.0,1
2016-07-04,487.75,496.799988,487.75,493.350006,482.351624,3567500.0,485.66478212473424,488.2980890629267,57.52403658489162,0.12180814716691657,-0.41367181270681536,7.788263167535689,6.0252066562161595,5462952.5,,0.0,0.0,1
2016-07-05,493.049988,501.450012,490.149994,496.549988,485.480286,5193356.0,486.70146857035957,488.62232462941375,60.10965139320178,0.9560557217338896,-0.13972630581867435,8.039102798425999,6.07887308112559,5289357.6,,0.0,0.0,0
2016-07-07,496.25,500.25,493.075012,493.950012,482.938263,5499296.0,487.3918061433509,488.83164535919235,57.069925778822444,1.391367779052871,0.16649251115563468,7.97738031282414,5.76167395546294,5286924.9,,0.0,0.0,0
2016-07-08,493.5,494.5,488.174988,489.200012,478.294128,3264450.0,487.56401624829687,488.84611713624724,51.905603109480886,1.3376508122339033,0.40072417137128846,7.859354004765274,5.737221840348836,5092563.4,,0.0,0.0,1
2016-07-11,495.5,497.475006,492.75,496.25,485.186981,3779212.0,488.3912528976058,489.13696804527035,57.98291386664133,1.8427131907975536,0.6891219752565415,7.889042575853468,6.012360249659931,4908550.3,,0.0,0.0,1
2016-07-12,497.625,502.5,495.5,501.700012,490.515472,4465370.0,489.6587539052469,489.6304556940771,61.9823268976539,2.6521765450477233,1.081732889214778,7.825539534721078,6.681434221199078,4898333.2,,0.0,0.0,1
2016-07-13,502.600006,508.350006,502.075012,504.375,493.130859,6818772.0,491.0603012931755,490.2095968689539,63.803479001753715,3.469536602707649,1.5592936319133521,7.741571996526715,7.4874200445321915,4989571.0,,0.0,0.0,0
2016-07-14,504.049988,507.049988,499.125,502.450012,491.248779,4918366.0,492.14503574480733,490.6903498957518,61.51964071070094,3.916819239304857,2.030798753391653,7.754673139631948,7.980685098383987,4981097.2,,0.0,0.0,1
2016-07-15,504.5,510.5,501.75,506.100006,494.817352,6397124.0,493.474080640319,491.29554121171196,64.14067052978872,4.513785849296369,2.527396172572596,7.8257679153725235,8.682442838891282,5086720.5,,0.0,0.0,0
2016-07-18,514.0,519.375,500.875,503.125,491.908691,14678172.0,494.39321588582357,491.7600987415113,60.52217728922137,4.6927331608361555,2.960463570225308,8.588213064274486,9.009846971294188,5579819.5,,0.0,0.0,1
2016-07-19,503.0,511.475006,497.649994,508.899994,497.554932,7611500.0,495.7748138944722,492.43316631077033,64.68683478900455,5.240138887417629,3.4163986336637726,8.962270131112025,9.74460623515642,5714470.8,,0.0,0.0,1
2016-07-20,509.975006,514.150024,508.274994,511.5,500.096954,5607290.0,497.27245075764955,493.18186297973676,66.4051630482004,5.816709221492374,3.896460751229493,8.741752978889739,10.600639920918596,5676348.8,,0.0,0.0,0
2016-07-21,512.0,512.5,502.5,503.174988,491.957581,3068088.0,497.83459719266267,493.57424253826144,56.863985398317624,5.538047309767535,4.2247780629371015,8.8316277661119,10.768286093191792,5537424.8,,0.0,0.0,1
2016-07-22,503.0,508.899994,502.549988,507.424988,496.112854,3154228.0,498.7479677912842,494.11806458125255,60.0219717624248,5.595642138931623,4.498950878136006,8.654369068532478,11.098850952148041,5470266.9,,0.0,0.0,1
2016-07-25,507.0,511.875,503.674988,511.375,499.974792,3767768.0,499.95054234160364,494.7955918483012,62.75141566540547,5.892098963616547,4.777580495232115,8.621914992208731,10.649581221422785,5087538.0,,0.0,0.0,1
2016-07-26,511.5,517.400024,507.600006,512.025024,500.610352,4807744.0,501.1004930226732,495.47200854744403,63.19671804058656,6.109073046049275,5.043879005395548,8.706065207050967,10.13427996622376,5118465.3,,0.0,0.0,0
2016-07-27,511.524994,513.0,504.475006,506.549988,495.257355,5042896.0,501.6194925634894,495.9069040730536,57.0141338169477,5.772692910678359,5.18964178645211,8.693131549404468,9.118180976264759,5196773.1,,0.0,0.0,1
2016-07-28,507.475006,515.25,506.524994,513.174988,501.73465,7136750.0,502.7200159751657,496.584780149947,61.874556189018385,5.971851574867173,5.3460837441351226,8.695408295875577,8.666354212344237,5381624.9,,0.0,0.0,0
2016-07-29,512.0,512.450012,506.0,507.450012,496.137299,4402328.0,503.17049180067255,497.01128860264805,55.983651187732605,5.603139034560797,5.397494802220258,8.586806846170179,7.7599874838562535,5310108.4,,0.0,0.0,0
2016-08-01,509.0,510.149994,502.524994,504.75,493.497467,3647388.0,503.3209211571038,497.31505551762774,53.40139553809376,5.035022679226017,5.325000377621411,8.518106357158024,6.7840925252328494,5341379.9,,0.0,0.0,1
2016-08-02,504.0,510.0,503.149994,506.399994,495.110657,3524816.0,503.61416619701725,497.67165248589276,54.774251991665714,4.664161549784467,5.192832612054022,8.398956331646737,6.35329331916467,5339245.7,,0.0,0.0,0
2016-08-03,507.200012,507.200012,495.75,496.975006,485.895844,5427608.0,502.981865211716,497.6443090820572,46.37043619463524,3.5685971030735004,4.867985510257919,8.616888879386256,6.326586087973882,5350958.3,,0.0,0.0,0
2016-08-04,499.5,500.0,491.700012,496.5,485.431396,4657432.0,502.36454470285713,497.59939644552355,45.98748563622406,2.631688900059771,4.420726188218289,8.594253102287237,6.128724463077811,5308865.1,,0.0,0.0,1
2016-08-05,499.0,509.5,498.524994,508.125,496.797241,5535828.0,502.913159503116,498.01249899887443,55.64239433428542,2.795003682313336,4.095581687037298,8.90894930926672,5.004959092645847,5422434.0,,0.0,0.0,1
2016-08-08,509.950012,517.0,509.325012,514.625,503.152344,6197506.0,504.0285729022675,498.6644757643438,59.95291529459801,3.409623483995631,3.958390046428965,8.90652435860481,4.919571970373992,5543348.7,,0.0,0.0,1
2016-08-09,513.5,517.25,510.5,515.349976,503.861176,6076092.0,505.1068017848947,499.31929751833434,60.41496390364072,3.9101399498835008,3.9487400271198725,8.752486904418753,5.182522071156717,5623884.8,,0.0,0.0,0
2016-08-10,515.625,517.275024,501.0,501.825012,490.637695,6158926.0,504.794250372567,499.4176312992441,49.04607143821808,3.1788079735861174,3.7947536164131215,9.289810982674558,5.281378222548943,5590892.5,,0.0,0.0,1
2016-08-11,500.975006,511.424988,499.799988,507.049988,495.746185,6477798.0,505.009082530199,499.7171456257893,52.745618742212415,2.9864085508621088,3.6330846033029194,9.456610198197804,5.176974741165318,5668864.1,,0.0,0.0,1
2016-08-12,508.5,521.450012,508.5,517.900024,506.35434,7481722.0,506.2367912552504,500.4306716886592,59.34648031537345,3.667165053846304,3.6399006934115965,9.809711184040822,5.700539369047708,5723094.0,,0.0,0.0,0
2016-08-16,518.125,522.400024,507.75,512.450012,501.025818,6111206.0,506.8285265702231,500.9023181338914,55.177127969634924,3.7239714416106153,3.6567148430514007,10.155447813752193,5.6871255618483465,5294745.7,,0.0,0.0,0
2016-08-17,512.049988,514.400024,503.600006,506.649994,495.355103,7079940.0,506.81152346814247,501.12785491145496,51.06546517860671,3.2633599512081446,3.5780438646827495,10.201488541341323,5.694304964835016,5268167.7,,0.0,0.0,1
2016-08-18,508.0,511.825012,508.0,509.024994,497.677185,3542898.0,507.02233018719716,501.43772844407425,52.62233051220086,3.054751405152615,3.4733853727767228,9.842454931245516,5.642353761196983,5164948.1,,0.0,0.0,0
2016-08-19,509.0,511.0,503.549988,507.450012,496.137299,3738616.0,507.0630617887197,501.67363725036614,51.45324831818049,2.7308600895232757,3.324880316126033,9.671566150442265,5.5322400805278615,5198474.5,,0.0,0.0,0
2016-08-22,506.0,509.850006,503.600006,505.924988,494.646271,3055808.0,506.9546738081114,501.84044723007844,50.288244863133684,2.3243238383661833,3.124769020574063,9.427168568267819,5.552769407020818,5193553.5,,0.0,0.0,0
2016-08-23,506.0,507.5,502.5,505.225006,493.961853,3346656.0,506.7899435396682,501.9732441258872,49.73164623873734,1.923485489586426,2.8845123143765354,9.110942241962976,5.530866452005171,5172497.9,,0.0,0.0,1
2016-08-24,505.850006,510.975006,505.5,510.25,498.874878,3986306.0,507.11947272818367,502.2979851400831,53.693941415712054,1.9883725098919172,2.705284353479612,8.87087493896562,5.4729539146840205,5131426.0,,0.0,0.0,0
2016-08-25,510.600006,514.5,504.5,506.350006,495.061829,6839550.0,507.0461901822767,502.4569642827508,50.37513829921591,1.7054397707022986,2.5053154369241497,8.951526729039504,5.475314091268066,5221258.7,,0.0,0.0,1
2016-08-26,508.950012,515.400024,507.299988,513.950012,502.492371,4406930.0,507.7036970250281,502.90788013492033,56.07312222719137,2.070601895032894,2.418372728545899,8.958561819822398,5.518876564944017,5084767.7,,0.0,0.0,1
2016-08-29,513.625,529.875,513.049988,528.724976,516.937988,7402990.0,509.70572360225,503.9207643836586,64.58627932206548,3.511730580533765,2.637044298943472,9.520451118406514,7.245975747388725,5234800.8,,0.0,0.0,1
2016-08-30,531.0,534.25,526.5,533.200012,521.313293,8307044.0,511.9432748864947,505.0694595344308,66.69183078021189,4.957783213555388,3.1011920818658556,9.39399032423462,8.99558240460662,5467783.6,,0.0,0.0,0
2016-08-31,532.450012,537.0,523.5,530.0,518.184631,10649920.0,513.6629629982925,506.0475281202318,63.7719587650842,5.77895986662304,3.6367456388172927,9.687276729646433,9.966679923132414,5824038.8,,0.0,0.0,0
2016-09-01,526.5,536.375,512.849976,514.599976,503.127899,19484908.0,513.7522023320583,506.38305017977774,51.977875825690596,5.1279828527401605,3.9349930816018666,10.675687248957404,9.388626863234126,6526903.8,,0.0,0.0,0
2016-09-02,515.549988,516.275024,501.149994,506.674988,495.379578,12857628.0,513.0781819176366,506.394503049051,47.14574359838121,3.9273268008063837,3.93345982544277,10.993497445460449,8.743249013242965,6936913.6,,0.0,0.0,1
2016-09-06,509.950012,512.5,507.5,509.950012,498.581543,5262182.0,512.780260972362,506.5339854073198,49.245622941818745,3.203141474638244,3.7873961552818654,10.624319913641845,8.701671243484666,6923231.3,,0.0,0.0,0
2016-09-07,511.0,513.525024,506.524994,508.825012,497.481628,5909990.0,512.403570593198,506.62386093445,48.53232950071141,2.5095131823453585,3.531819560694564,10.36544206266743,8.736288412659563,6908855.5,2016-09-07,0.0,0.0,1
2016-09-08,511.524994,517.974976,510.100006,516.700012,505.181091,5580392.0,512.8127554899133,507.01913657229665,53.598873754285336,2.565678899980867,3.3385914285518252,10.278622201048325,8.764080241602585,6884070.5,,0.0,0.0,1
2016-09-09,517.5,524.950012,515.0,522.275024,510.631836,6980882.0,513.7139239210981,507.6175993506937,56.83821466788127,3.0251751756214844,3.275908177965757,10.255150043830588,8.628245601737351,6925168.3,2016-09-09,0.2263,1.0,1
2016-09-12,515.200012,528.0,514.575012,523.25,511.584991,15399600.0,514.6221216444052,508.23082436377666,57.39834285671018,3.428480312654756,3.306422604903557,10.48156704069983,8.734927063545951,7371258.4,,0.0,0.0,0
2016-09-14,524.0,529.5,520.450012,522.375,510.729553,8505508.0,515.3604910127132,508.78566281980784,56.687337456574674,3.63558855035717,3.3722557939942797,10.379311394935554,8.883497165037687,7422447.7,,0.0,0.0,1
2016-09-15,523.5,535.099976,523.5,532.5,520.628845,14341770.0,516.9928252041958,509.71590245817134,62.479189032495206,4.5641139382966,3.610627422854744,10.54685886672587,9.709984135829915,7833975.9,,0.0,0.0,1
2016-09-16,533.5,546.924988,529.549988,537.775024,525.786194,17977852.0,518.9720822348,510.81656213539026,65.09779132821292,5.660378034963628,4.020577545276521,11.034583233388307,10.634276565647008,8378871.5,,0.0,0.0,1
2016-09-19,536.275024,544.0,535.5,541.200012,529.134827,7624648.0,521.0890279290777,512.0083841308436,66.72175760397424,6.727987090358511,4.562059454292919,10.853541573860571,11.70420319027065,8582959.0,,0.0,0.0,0
2016-09-20,542.0,542.375,534.525024,537.099976,525.126282,5271708.0,522.6138801278424,512.9926173900514,62.945988300982684,7.160692315065376,5.081786026447411,10.639001175727671,12.05542407000247,8659613.6,,0.0,0.0,0
2016-09-21,537.0,542.450012,534.5,536.125,524.173035,5002952.0,523.9006534501715,513.899990436465,62.04680479169063,7.340327185533056,5.5334942582645406,10.446930520318555,12.045860284027897,8756970.8,2016-09-21,0.0,0.0,1
2016-09-22,541.5,547.900024,539.5,544.474976,532.336914,8577088.0,525.8601127422451,515.0992898546299,66.46508694667486,8.06351125572246,6.039497657756125,10.541794340295803,12.386807323380934,9018492.4,,0.0,0.0,1
2016-09-23,544.5,554.724976,544.5,551.400024,539.107544,14211450.0,528.2924852447959,516.5231678815601,69.62347466166878,9.09064207703068,6.649726541611036,10.520951887417533,13.391837545222895,9529749.6,2016-09-23,0.0,0.0,1
2016-09-26,551.700012,564.775024,550.125,553.599976,541.258423,17469886.0,530.702722461202,517.977474206424,70.57169360374775,9.967271887719107,7.313235610832651,10.815885609744855,13.923743287458347,10061266.4,,0.0,0.0,1
2016-09-27,558.5,562.974976,553.299988,555.25,542.871643,8857386.0,533.0405584187039,519.4394450155911,71.295434718745,10.672128817600765,7.985014252186274,10.734392923334507,14.73271825850568,10283789.2,,0.0,0.0,0
2016-09-28,553.950012,554.0,543.150024,545.325012,533.167969,11346976.0,534.210506379473,520.454767554874,61.49817508721821,10.31101051688006,8.450213505125031,10.831934571667755,15.10228108187829,10480988.5,,0.0,0.0,0
2016-09-29,547.5,555.375,533.700012,536.224976,524.270752,9719492.0,534.4023606291428,521.0733254941423,54.15060090446526,9.184649882220015,8.597100780544029,11.606438387977201,15.139205435514654,10551610.9,,0.0,0.0,1
2016-09-30,534.0,547.275024,533.150024,541.849976,529.770386,5120210.0,535.1116573314495,521.8882459618158,57.52847678623789,8.646223175495152,8.606925259534254,11.786335645978829,15.317259879825542,10275125.4,,0.0,0.0,1
2016-10-03,543.5,553.974976,538.125,545.349976,533.192383,8286218.0,536.0867353002814,522.8084763957055,59.526545915624695,8.405048710961523,8.56654994981971,12.076595671266052,15.032767546607056,9715190.9,,0.0,0.0,1
2016-10-04,546.525024,554.150024,546.0,548.174988,535.954346,5995088.0,537.237997462585,523.8034104511358,61.1166068420406,8.345667410133615,8.52237344188249,11.84255655188991,13.975026138184937,9372063.9,,0.0,0.0,0
2016-10-05,552.0,553.25,542.900024,544.700012,532.556885,4932794.0,537.9486655140051,524.6230186976594,58.093276758623105,7.926830215352311,8.403264796576455,11.735943655326341,12.738548362096731,9355594.5,,0.0,0.0,1
2016-10-06,546.0,563.125,546.0,555.400024,543.018372,9651260.0,539.6106996560316,525.8301492411478,63.998824107140116,8.361909379380222,8.39499371313721,12.213732537088745,11.467502858229418,9542658.0,,0.0,0.0,0
2016-10-07,557.0,561.525024,553.25,554.5,542.138428,6985676.0,541.0287282606073,526.9546264111394,63.19215738063749,8.535694167386282,8.423133803987024,11.932396213010978,10.583797083641604,9612922.2,,0.0,0.0,0
2016-10-10,557.0,561.0,547.0,548.174988,535.954346,5281946.0,541.7093244264323,527.786917846551,57.68905583286035,8.0700181104977,8.35251066528916,12.080082197795909,9.659226206628922,9527975.4,,0.0,0.0,0
2016-10-13,544.5,544.525024,526.0,528.575012,516.791321,10029334.0,540.4584375283964,527.8178277954759,44.6987681710861,6.049675329624961,7.89194359815632,12.801146897953343,9.153969578149136,9259462.1,,0.0,0.0,1
2016-10-14,531.5,541.0,530.825012,538.825012,526.812805,6978946.0,540.3028731923272,528.2495397241984,50.92262599496338,5.215507335156303,7.356656345556318,12.774278405242388,7.848883529877623,9183134.0,,0.0,0.0,0
2016-10-17,540.0,540.400024,529.375,530.325012,518.502319,4492474.0,539.3526006976455,528.3309412370704,46.27188850598435,3.824458253049329,6.650216727054921,12.649331662010791,8.02711665034372,8690669.2,,0.0,0.0,1
2016-10-18,533.0,541.375,531.025024,540.549988,528.49939,5062266.0,539.466637583603,528.8101786131442,51.95618328250555,3.506689014896665,6.02151118462327,12.53509282901002,7.942532173801929,8044889.9,,0.0,0.0,1
2016-10-19,542.224976,547.349976,540.700012,543.674988,531.554749,7805312.0,539.8674328614153,529.3931813584217,53.57284622540983,3.467049993382261,5.510618946375069,12.125442484080732,7.91821193414112,8053923.1,,0.0,0.0,1
2016-10-20,546.974976,549.0,542.025024,543.775024,531.652527,4629042.0,540.2395843984739,529.9572393681312,53.62664117620383,3.404463318482044,5.089387820796464,11.757552020932106,7.751886195412142,8021789.8,,0.0,0.0,0
2016-10-21,548.5,548.5,529.200012,532.099976,520.237671,19936484.0,539.4643835985239,530.0412774428347,46.80966155139793,2.385288011155808,4.548567858868332,12.296297448008383,8.023169230443166,8768466.4,,0.0,0.0,0
2016-10-24,535.0,537.0,530.325012,531.650024,519.797791,4806198.0,538.7201588747721,530.1043721702393,46.563990611338646,1.5237124625535898,3.943596779605384,11.894775344579212,8.491517495237137,8579921.9,,0.0,0.0,0
2016-10-25,532.5,532.625,527.099976,530.424988,518.600098,3501422.0,537.9301426009047,530.1169466089898,45.858317208578946,0.7336009704857815,3.301597617781464,11.439793105680698,8.752002420997934,8044420.5,,0.0,0.0,0
2016-10-26,528.025024,529.724976,526.049988,527.025024,515.27594,5004110.0,536.8915598769145,529.9956829844878,43.871113609808546,-0.1650145742452196,2.6082751793761276,10.935165026703505,8.98006021359501,7421131.7,,0.0,0.0,0
2016-10-27,525.549988,526.950012,521.700012,524.349976,512.660522,5871148.0,535.6971233171099,529.7742620839541,42.31735099168653,-1.0805717266783859,1.870505798165225,10.534439810510397,9.073971239054602,7271819.8,,0.0,0.0,1
2016-10-28,525.0,529.0,521.900024,527.474976,515.715881,3715834.0,534.914061667803,529.6840859312309,44.777845947473196,-1.536286626998617,1.1891473131324566,10.28912096690251,9.349589663686348,6890262.7,,0.0,0.0,0
2016-11-01,525.650024,527.974976,523.700012,525.5,513.784851,4674022.0,534.017484366047,529.5199900189577,43.5145410666976,-2.0333686186797877,0.5446441267700077,9.859538326409472,9.793408663205565,6637989.2,,0.0,0.0,0
2016-11-02,520.5,521.424988,510.5,511.875,500.463623,3218450.0,531.9086763310568,528.827972451272,35.97413537332932,-3.4865426165077906,-0.2615932218855519,10.226714160237368,11.360755276194283,6542901.2,,0.0,0.0,1
2016-11-03,511.924988,517.375,510.299988,511.975006,500.561371,3342742.0,530.0102315375179,528.1670193393962,36.06171347513633,-4.577358886982552,-1.124746354904952,10.00159257736327,12.413533919445854,6295727.4,,0.0,0.0,0
2016-11-04,510.125,513.450012,500.0,502.774994,491.566498,5273822.0,527.4163993909581,527.1711776895078,31.75802713549615,-6.1137274762493234,-2.1225425791738264,10.247908250408752,13.927104349065333,6259664.1,,0.0,0.0,0
2016-11-07,507.0,508.274994,499.524994,500.575012,489.415527,4345842.0,524.8600767821799,526.1281143676201,30.8110993404853,-7.423260092042369,-3.1826860817475353,10.140914803950983,15.345906347837463,6230316.5,,0.0,0.0,1
2016-11-08,502.850006,502.850006,499.149994,501.75,490.564331,6140692.0,522.659117088549,525.1720425723124,31.977677370200922,-8.270920391116192,-4.200332943621267,9.680850317954484,15.448602039896597,6054788.1,,0.0,0.0,1
2016-11-09,475.0,504.5,465.0,502.299988,491.102081,9893146.0,520.7201524133774,524.2750385805368,32.55094536477796,-8.796912518412114,-5.119648858579437,11.810789580957735,15.104883915589081,6200161.6,,0.0,0.0,1
2016-11-10,509.299988,514.474976,503.5,505.200012,493.937439,4463814.0,519.2420438025301,523.5269497045934,35.63139016127987,-8.877423951268725,-5.871203877117294,11.836803753746468,14.713765706348514,6159255.0,2016-11-10,0.3818,1.0,0
2016-11-11,498.924988,508.75,497.549988,500.875,489.708862,6754784.0,517.4928015355695,522.6385824810746,33.196390860205966,-9.18435068696823,-6.533833239087481,11.791318628478864,15.450110697959602,5995527.5,,0.0,0.0,0
2016-11-15,498.25,500.0,489.774994,492.700012,481.716156,6623184.0,515.1315834844982,521.4644504548398,29.142456426114663,-9.972291181468108,-7.221524827563607,11.741939155016087,16.176912524619976,5977739.4,,0.0,0.0,1
2016-11-16,497.5,498.399994,490.350006,493.274994,482.27829,7566452.0,513.0500035335419,520.3589178518594,29.791875487234677,-10.430111623808898,-7.8632421868126645,11.478228358229222,16.955847012538833,6131438.3,,0.0,0.0,0
2016-11-17,493.0,499.075012,487.200012,488.875,477.976379,5773270.0,510.7476222445815,519.1241860282616,27.699707106186366,-11.020937855001193,-8.49478132045037,11.506569189784276,17.192690099045787,6166988.5,,0.0,0.0,1
2016-11-18,492.5,496.350006,491.0,493.75,482.742706,8303856.0,509.12880107839806,518.1290669617679,33.289553296139076,-10.969352277103326,-8.989695511780962,11.218600390513972,16.402229394553583,6191915.7,2016-11-18,0.0,0.0,1
2016-11-21,493.774994,496.774994,491.600006,495.75,484.69812,6049424.0,507.8546295470987,517.251411626171,35.493020383472,-10.644385202942885,-9.320633450013347,10.786913791191543,15.026678498877677,6262934.8,,0.0,0.0,1
2016-11-22,498.850006,503.899994,496.649994,500.725006,489.562225,8067320.0,507.17561778069705,516.603285454438,40.73681866695093,-9.871611259336305,-9.43082901187794,10.598562377535004,14.214975142550982,5669476.6,,0.0,0.0,1
2016-11-23,502.5,505.25,499.774994,504.5,493.253021,5992496.0,506.9207970396744,516.128624409906,44.42829693606508,-8.852525471504066,-9.315168303803166,10.232594064853933,13.137481436038641,5728791.5,,0.0,0.0,0
2016-11-24,502.774994,502.774994,491.100006,493.674988,482.669342,8646750.0,505.6592914168311,515.2480497239857,37.26084404133577,-8.816746675094123,-9.215483978061357,10.458836917364366,12.240416851052254,5986057.9,,0.0,0.0,1
2016-11-25,495.0,497.950012,492.174988,496.850006,485.77359,4779658.0,504.820311853313,514.5265263826701,40.302858050062106,-8.434961319786112,-9.059379446406307,10.12427885183834,11.232901822330943,5974835.3,,0.0,0.0,0
2016-11-28,496.5,500.299988,492.049988,493.325012,482.327179,3800322.0,503.7255213910805,513.6950596466215,38.09444135912332,-8.320912926655524,-8.911686142456151,9.990401790992745,10.343576217855206,5871294.0,,0.0,0.0,1
2016-11-29,494.5,502.149994,494.024994,498.850006,487.729004,4519218.0,503.26118659192525,513.1128772694764,43.33544841307161,-7.695993291847685,-8.66854757233446,9.907157520207548,8.471137510273923,5911463.2,,0.0,0.0,0
2016-11-30,499.975006,499.975006,493.325012,495.024994,483.989288,12616008.0,502.47678729744905,512.4035211079186,40.762497186922594,-7.423809426492937,-8.419599943166155,9.674502983049864,6.23033748167827,6308562.5,,0.0,0.0,1
2016-12-01,500.0,507.5,497.5,498.875,487.753448,5773026.0,502.1337599357844,511.8729711744906,44.34437378992293,-6.818835156753494,-8.099446985883622,9.874538912832017,5.474041788662787,6436291.3,,0.0,0.0,0
2016-12-02,497.950012,502.5,495.899994,497.375,486.286896,5706090.0,501.68054470380156,511.3044030078165,43.24717293617222,-6.386803063290927,-7.7569182013650835,9.640643704772588,4.47649951878221,6554458.7,,0.0,0.0,0
2016-12-05,497.5,499.850006,493.25,496.924988,485.846893,1822820.0,501.22763454153164,510.740485057118,42.90419601480175,-6.011430693047714,-7.40782069970161,9.423455297288834,4.326451704868386,6381908.6,,0.0,0.0,1
2016-12-06,498.0,503.274994,497.299988,502.600006,491.395386,3075070.0,501.35833658519607,510.4212400741791,48.455757663298535,-5.196121209887906,-6.965480801738869,9.203923204625346,4.423364370092742,6318370.0,,0.0,0.0,0
2016-12-07,502.0,503.799988,498.174988,499.575012,488.437866,2254226.0,501.18849614850984,509.995884342451,45.894163135852786,-4.7394409799491655,-6.520272837380929,8.948285832866393,4.343534454502985,6124046.7,,0.0,0.0,1
2016-12-08,502.524994,510.899994,502.174988,510.024994,498.654877,4000460.0,502.03006737246557,509.99702593234224,54.78637898081313,-3.494015557861019,-5.915021381476947,9.118049844804506,5.070656097647104,5829412.4,,0.0,0.0,1
2016-12-09,511.0,515.924988,510.149994,514.474976,503.005615,3766666.0,503.21529676556946,510.1726369449311,57.95525328620095,-2.1234527393263534,-5.156707653046828,8.888188713032756,6.091245953985632,5794555.0,,0.0,0.0,0
2016-12-12,510.25,520.849976,510.25,513.599976,502.150146,4125400.0,504.20431383551926,510.3070461687183,57.107704109945395,-1.0952516394563645,-4.344416450328735,9.010459233530414,6.965130663573968,5663085.8,,0.0,0.0,1
2016-12-13,514.0,520.5,513.775024,519.900024,508.309723,4738906.0,505.6991433749992,510.6832515177822,61.47610762156274,0.22536845462360588,-3.430459469338267,8.859713859706815,8.207304386347323,5568871.9,,0.0,0.0,1
2016-12-14,519.900024,532.224976,519.099976,529.75,517.940125,11035658.0,507.98970114881644,511.4309865081465,67.11526037754858,2.043227087254593,-2.335722158019695,9.164377155442041,10.32155380888109,5742332.2,,0.0,0.0,0
2016-12-15,526.200012,533.799988,524.325012,526.474976,514.738159,8837934.0,509.7502035156011,512.0209615594341,63.772676306038946,3.1829351887489565,-1.2319906886659648,9.18656278719618,11.153446384398604,5895565.4,,0.0,0.0,1
2016-12-16,526.0,531.0,526.0,528.575012,516.791321,6831074.0,511.54304241888207,512.6701555271261,64.97718260594593,4.207120360133388,-0.1441684789060943,8.88752258811074,12.12818739644748,5821926.3,,0.0,0.0,1
2016-12-19,527.5,533.474976,527.174988,531.275024,519.431213,6861900.0,513.4222787599455,513.3997749699727,66.51853151713485,5.176985820789241,0.9200623810329729,8.702698688959972,13.132160403604976,5862550.1,,0.0,0.0,0
2016-12-20,527.349976,530.5,526.575012,528.950012,517.157959,5343438.0,514.9011104970969,514.0096016438495,63.91019160120005,5.692383890296924,1.874526682885763,8.416792496891404,13.849350325716966,5726356.0,,0.0,0.0,1
2016-12-21,530.049988,533.650024,528.599976,531.625,519.773315,9311516.0,516.493861878329,514.7004162257431,65.58237444226125,6.244704681047438,2.7485622825180984,8.176310747113451,14.685313845219449,5892307.0,,0.0,0.0,0
2016-12-22,529.0,531.325012,525.474976,526.674988,514.933716,13208832.0,517.4634929375376,515.1700168415452,60.03867843591395,6.2113971674640425,3.4411292595072873,8.031575979462492,14.562238658362933,6120411.1,,0.0,0.0,1
2016-12-23,526.0,534.474976,526.0,528.650024,516.864685,4692828.0,518.52887684825,515.6986549193907,61.43926831768544,6.272069113602811,4.007317230326392,8.063247409500883,14.552898975976872,6116069.6,,0.0,0.0,0
2016-12-26,527.174988,533.0,522.325012,523.724976,512.049377,7004598.0,519.0237434341317,516.0134185275816,56.15394511348186,5.855246221106313,4.376903028482377,8.249800308822248,13.89355500424801,6276283.4,,0.0,0.0,1
2016-12-27,523.924988,533.549988,523.5,532.349976,520.482178,7974284.0,520.2929084404066,516.6540794146653,62.27453689024542,6.1499833142090665,4.731519085627715,8.378385143906373,13.844768730730186,6449036.7,,0.0,0.0,0
2016-12-28,533.950012,534.775024,523.549988,524.849976,513.149353,4405854.0,520.7269148746541,516.9754927029601,55.075004709679476,5.712526810922441,4.927720630686661,8.581717347913065,12.950883156648596,6038529.0,,0.0,0.0,1
2016-12-29,525.0,534.400024,524.75,532.724976,520.848816,4010412.0,521.8695873627836,517.5931297993903,60.26895449538355,5.932895341841231,5.128755572917575,8.658024965919276,12.480288318503487,5950398.3,,0.0,0.0,1
2016-12-30,532.400024,542.5,531.549988,541.200012,529.134827,7182986.0,523.7105801853776,518.5189047195734,64.96361954967858,6.714008654192526,5.445806189172565,8.821738325496472,12.140568684583599,6024243.1,,0.0,0.0,1
2017-01-02,542.0,545.0,536.174988,542.549988,530.454773,3244916.0,525.5048095010576,519.4613146505924,65.65968185061851,7.357169492596654,5.828078849857383,8.821972159389583,11.406440970062162,6095347.9,,0.0,0.0,1
2017-01-03,544.924988,548.5,540.549988,544.700012,532.556885,2941502.0,527.3329240247679,520.4510821276014,66.79125664396514,7.948739933026104,6.252211066491127,8.759689290861756,11.035197377856788,6088669.5,,0.0,0.0,0
2017-01-04,546.450012,546.5,532.150024,533.575012,521.679932,4751094.0,527.927408593838,520.9657533582019,56.429637888567584,7.434172728997623,6.488603398992427,9.158995484371628,9.105889021590398,6213512.9,,0.0,0.0,1
2017-01-05,535.5,539.950012,534.375,538.700012,526.690674,3992966.0,528.9533708229969,521.6612239772169,59.5433366195042,7.3551337773627665,6.661909474666495,8.960138664059368,8.301878258997517,6213138.2,,0.0,0.0,0
2017-01-06,537.099976,542.5,536.549988,537.474976,525.49292,3586854.0,529.7649522684263,522.2813792507752,58.46775954310016,7.111665814943876,6.751860742721972,8.745129616626558,7.646650371988109,6204147.6,,0.0,0.0,1
2017-01-09,538.5,543.0,535.5,538.849976,526.837219,2390514.0,530.6301926238148,522.9311363323742,59.35522533212861,6.949556547351335,6.791399903647845,8.656191786867518,6.667642349504014,6117403.3,,0.0,0.0,1
2017-01-10,540.0,547.200012,540.0,544.924988,532.776794,5188800.0,531.9916017072617,523.7936507640691,63.10623640820254,7.227966978185123,6.878713318555301,8.634323516376984,6.5997658724279145,6139898.0,,0.0,0.0,0
2017-01-11,547.5,547.849976,542.0,543.025024,530.919189,5246422.0,533.0424038303801,524.5478310382094,61.20382217560883,7.212160734784902,6.945402801801221,8.435441550921484,6.8771921603881045,5850436.2,,0.0,0.0,0
2017-01-12,543.5,545.174988,539.900024,541.650024,529.57489,1998728.0,533.862177179868,525.2185127692052,59.79885023909777,7.007900450243142,6.957902331489605,8.20969315442709,6.8351826659737736,5508475.9,,0.0,0.0,1
2017-01-13,542.275024,548.75,542.275024,545.200012,533.045715,3307338.0,534.941970972262,526.0021093902443,62.21078650785138,7.051195276311546,6.976560920453994,8.130427643396581,7.04564761943345,5332289.1,,0.0,0.0,0
2017-01-16,544.974976,546.974976,536.974976,538.125,526.128418,5492010.0,535.2451165939514,526.477521770881,55.11381868357414,6.440371800709158,6.869323096505028,8.26396852601111,6.988876843153973,5263794.6,,0.0,0.0,0
2017-01-17,532.5,534.0,519.25,520.625,509.018524,17936580.0,533.8527245373841,526.2480088377483,42.269075064581116,4.492400453149344,6.393938567833891,9.021899345581746,7.646365238900003,5893451.7,,0.0,0.0,0
2017-01-18,521.299988,524.0,514.375,516.275024,504.765564,7254142.0,532.1786578195374,525.8569076677098,39.78686704064598,2.568009996193382,5.62875285350579,9.064977963754478,8.752491490238254,5790583.0,2017-01-18,0.0,0.0,1
2017-01-19,517.575012,522.650024,515.5,516.849976,505.327698,6987456.0,530.7187833605335,525.5036914285267,40.286005422121534,1.0768967208440472,4.718381626973442,8.928195537772018,9.47775689165112,5479514.2,2017-01-19,0.4404,1.0,0
2017-01-20,516.974976,518.724976,511.950012,512.900024,501.46582,4016164.0,529.02175865953,525.0094256146524,37.95803036346032,-0.4187226341545056,3.690960774747853,8.774393285074014,10.564096532838716,5445681.0,,0.0,0.0,0
2017-01-23,510.899994,515.5,506.399994,507.950012,496.626129,6267066.0,527.0149256443362,524.3404233504513,35.21194960609405,-1.980605164319627,2.5566475869343575,8.797651336140158,11.84470711998712,5408804.4,,0.0,0.0,1
2017-01-24,508.5,514.400024,508.5,513.650024,502.199097,4306182.0,525.7420778686849,523.921188600491,40.54586251929854,-2.7270294923484926,1.4999121710777874,8.629962812130147,12.590460684199478,5225399.3,,0.0,0.0,0
2017-01-25,516.0,516.349976,508.075012,508.649994,497.310516,10906460.0,524.1142603573813,523.3223135536236,37.62001619934694,-3.6796204104070966,0.4640056547808106,8.604605754120849,13.545339761910814,5550429.6,,0.0,0.0,1
2017-01-27,510.125,514.450012,509.5,512.549988,501.123596,9994478.0,523.0129010852496,522.8998662489707,41.18508916364686,-4.072908697656317,-0.44337721570661487,8.404278057397933,14.146447170190685,5849632.9,,0.0,0.0,1
2017-01-30,512.474976,523.224976,512.400024,522.400024,510.754059,7167512.0,522.9545318390354,522.8802644510365,49.097689389157374,-3.5488677751574187,-1.0644753275967758,8.577183339012363,13.984735888463042,5848859.2,,0.0,0.0,1
2017-01-31,523.424988,526.900024,520.150024,522.599976,510.949524,6914730.0,522.9207646162702,522.8692726710484,49.24695730977742,-3.081900878325996,-1.4679604377426199,8.446670243368622,13.6778517824905,6032349.9,,0.0,0.0,1
2017-02-01,523.049988,525.450012,517.599976,524.825012,513.124939,5171596.0,523.1021215099588,522.945968840682,50.9699647952046,-2.503426496155271,-1.6750536494251502,8.40405351169944,13.113612940209137,6143854.6,,0.0,0.0,0
2017-02-02,525.0,525.400024,519.125,521.75,510.118469,4159816.0,522.9733480328199,522.8990678023794,48.51849332849216,-2.2669768520482876,-1.7934382899497778,8.251979975149482,13.0699661891435,6114290.7,2017-02-02,-0.2732,-1.0,0
2017-02-03,523.0,525.224976,515.049988,516.825012,505.303284,6043502.0,522.3877922201704,522.66086807441,44.801845129625356,-2.448766323451082,-1.9245038966500387,8.389337691210232,12.905024690828,6216817.5,,0.0,0.0,1
2017-02-06,518.5,522.450012,516.025024,520.825012,509.214142,4567964.0,522.2389560087256,522.5888732942262,48.26796224296889,-2.24419948396951,-1.988443014113933,8.249026998980929,12.615820479432267,6265873.0,,0.0,0.0,0
2017-02-07,521.0,521.174988,513.599976,515.450012,503.958954,4528490.0,521.5923899126565,522.3089163640445,44.24720650997914,-2.4871263250141737,-2.088179676293981,8.200883070482293,12.298214234755957,6372771.8,,0.0,0.0,0
2017-02-08,515.450012,519.125,511.0,512.575012,501.148041,7420188.0,520.7335920162129,521.9271925474615,42.22127778595953,-2.878455031530507,-2.246234747341286,8.19546285116213,11.406673490052734,6484341.2,,0.0,0.0,1
2017-02-09,514.0,517.0,513.400024,516.375,504.863312,4508432.0,520.3184880146688,521.7094583682295,45.7564873969153,-2.8491157442537087,-2.3668109467237706,7.926143218936263,10.290735544563079,6447441.7,,0.0,0.0,0
2017-02-10,517.5,517.775024,512.775024,515.075012,503.592346,5723062.0,519.819109346605,521.4492826941736,44.747790615630755,-2.8973633141165465,-2.4729214202023257,7.717132989012244,9.04287791512504,6633658.4,,0.0,0.0,0
2017-02-13,516.5,517.0,511.0,514.924988,503.445648,3915976.0,519.3530025516902,521.1934267656964,44.62552695472523,-2.914113457865369,-2.561159827734935,7.594480632654227,6.65899220431146,6664090.3,2017-02-13,0.0,0.0,1
2017-02-14,517.5,526.450012,514.950012,524.900024,513.198303,8340828.0,519.8812903086721,521.338784193874,53.68644725094629,-2.098298152165853,-2.468587492621119,7.875233730321784,4.945562759047303,6806531.2,,0.0,0.0,1
2017-02-15,526.450012,528.75,522.625,525.650024,513.93158,6965690.0,520.43069351737,521.5078531746473,54.29204736386866,-1.3753853268780176,-2.2499470594724986,7.750217035298799,5.2623312824814885,6257986.7,,0.0,0.0,1
2017-02-16,526.275024,534.724976,526.275024,533.75,521.850952,8985694.0,521.699198896668,521.9879394184592,60.3258684836889,-0.14717479621799612,-1.8293926068215982,7.84484096134888,6.430502540605094,6344564.3,,0.0,0.0,1
2017-02-17,533.25,539.099976,529.224976,537.75,525.76178,6787712.0,523.2278466207949,522.6060619828507,62.928438847971655,1.1358639363072598,-1.2363412981958266,7.989852321252532,7.785216339923897,6334577.1,2017-02-17,-0.148,-0.5,0
2017-02-20,535.275024,539.424988,533.25,537.700012,525.712891,5326254.0,524.6061480854812,523.1979839297759,62.872931661319456,2.124161747416224,-0.5642406890734164,7.860219155448779,8.675132872450316,6400081.6,2017-02-20,-0.1027,-1.0,1
2017-02-21,537.599976,545.474976,536.525024,544.099976,531.970215,6485580.0,526.4627031249593,524.0176730045373,66.89865852748915,3.384800616548091,0.22556757205088518,7.938057215773862,9.673194684388543,6411007.3,,0.0,0.0,1
2017-02-22,546.5,605.825012,546.0,603.75,590.290466,58207852.0,533.8233980654395,527.144442328525,84.14957809495986,9.09231388875628,1.9989168353919642,11.779984271790017,20.47377548068859,9106090.8,,0.0,0.0,0
2017-02-23,606.799988,611.0,589.674988,591.375,578.191284,28458468.0,539.3045030115883,529.6632965528565,75.37342529591518,12.473216721526228,4.093776812618817,12.461771966662159,24.593799268733342,9983691.2,2017-02-23,0.0,0.0,1
2017-02-27,595.25,628.400024,595.174988,619.450012,605.640442,38137822.0,546.9374086295325,533.1843560705819,80.37421595955863,17.219529394248752,6.718927328944805,14.216289969043435,31.16653977050594,11390858.4,2017-02-27,0.4404,1.0,0
2017-02-28,616.0,624.0,614.25,619.025024,605.224976,16509062.0,553.8028958076724,536.5506676614918,80.10902573257437,20.708014304282074,9.51674472401226,13.897269256968903,36.03892441533041,11857935.9,,0.0,0.0,0
2017-03-01,620.049988,622.200012,615.0,617.25,603.489441,11148306.0,559.8454771593226,539.7153571953232,78.9375410758449,23.063571629188118,12.226110105047432,13.418893738613983,39.54836330225991,12069614.7,,0.0,0.0,1
2017-03-02,618.950012,627.349976,613.525024,618.375,604.589355,8258066.0,565.4197174298635,542.8000582798236,79.14569464382704,24.73600461446574,14.728089006931096,13.447897900141552,42.384214809570985,12223938.2,,0.0,0.0,1
2017-03-03,620.775024,643.900024,620.775024,629.275024,615.246399,38541702.0,571.501175198448,546.1912431339091,81.09512698988205,26.633941151484123,17.109259435841704,14.310549764417157,45.28649867469132,13943032.5,,0.0,0.0,1
2017-03-06,634.5,656.0,632.625,652.674988,638.124695,30504308.0,579.2320145128815,550.3670877748067,84.45469924947746,29.68407156480066,19.624221861633494,15.197294495530215,49.1673614105322,15166072.8,,0.0,0.0,0
2017-03-07,659.424988,663.5,648.075012,652.474976,637.929199,19233700.0,586.2075346545118,554.3713292887612,84.31677210630568,31.71953948902535,22.043285387111865,15.213558317278057,52.02224844634152,15899359.6,,0.0,0.0,0
2017-03-08,653.849976,653.849976,643.049988,645.599976,631.207458,19812206.0,591.8639576397966,557.9489323793616,79.51004721983678,32.404370033770874,24.115502316443667,14.898303294615337,53.08793459929701,16663545.4,,0.0,0.0,0
2017-03-09,645.0,649.0,640.75,643.375,629.032043,14215340.0,596.7697711979113,561.2989824355999,77.96105123503354,32.394146648215155,25.771231182797965,14.4234244878571,52.97142339936716,17003303.0,,0.0,0.0,0
2017-03-10,645.125,648.0,630.599976,640.825012,626.53894,11331136.0,600.9655084171579,564.4176575859024,76.13048944958832,31.813554962686226,26.97969593877562,14.636038738724451,52.142186515721534,17344438.2,,0.0,0.0,1
2017-03-14,659.375,659.5,642.625,644.75,630.376465,12693240.0,605.1354599964762,567.5679526320798,77.02472573788921,31.30923225792492,27.84560320260548,14.924535114529846,50.58833327850534,17692947.1,,0.0,0.0,1
2017-03-15,645.525024,658.150024,645.200012,652.474976,637.929199,11021316.0,609.6439853301451,570.8976470415136,78.71488729307086,31.173544665785016,28.51119149524139,14.815641463492002,48.45583097262038,18048214.1,,0.0,0.0,0
2017-03-16,655.0,655.200012,646.799988,648.825012,634.360596,7279928.0,613.3755116796552,573.9536285032602,75.87474004827865,30.420817433586876,28.89311668291049,14.357383073242575,45.97455675082722,17995169.1,,0.0,0.0,1
2017-03-17,654.0,659.974976,649.025024,650.349976,635.851624,10390152.0,616.8968892339738,576.9495696947711,76.26014538757244,29.606047443305215,29.035702834989436,14.128281710868103,42.55854411201093,18166392.2,,0.0,0.0,0
2017-03-20,653.0,653.125,639.174988,640.400024,626.123352,5883428.0,619.1352830212144,579.4378275890732,68.56376601173781,27.836575668089495,28.79587740160945,14.11554816009181,38.435151725010044,18011278.9,,0.0,0.0,0
2017-03-21,641.099976,641.950012,629.650024,631.900024,617.812927,10330214.0,620.3509726382415,581.495172425424,62.73862481581915,25.45494877106205,28.127691675499968,13.985865291513822,33.32244915184368,18188404.0,,0.0,0.0,0
2017-03-22,626.0,632.950012,623.275024,629.849976,615.808533,9276676.0,621.2556396250757,583.3914425979625,61.3840679376468,23.13538029309393,27.12922939901876,13.67794548497712,26.38069557644815,18385925.1,,0.0,0.0,1
2017-03-23,631.575012,638.775024,629.0,636.650024,622.45697,5398180.0,622.7217714703066,585.4800179792923,64.14906910880137,21.596857476531,26.02275501452121,13.399165378907327,17.29193430239328,18331555.1,,0.0,0.0,1
2017-03-24,637.049988,646.0,634.224976,643.375,629.032043,7443822.0,624.6887456159917,587.7504131509521,66.68931525930267,20.681809395445725,24.954565890706114,13.283155280413949,15.928300236565757,15793353.6,,0.0,0.0,0
2017-03-27,635.549988,639.375,623.599976,625.549988,611.604431,14836244.0,624.770768700183,589.2327517529967,55.47019435924253,18.307262968436476,23.625105306252188,13.74686018895581,12.396922256133212,15112242.4,,0.0,0.0,0
2017-03-28,629.0,632.0,621.049988,622.875,608.989136,9923868.0,624.5902193001656,590.5520576011897,54.00198172159813,16.02484421259237,22.105053087520226,13.54708531831611,12.161366439753893,13701544.7,,0.0,0.0,1
2017-03-29,625.849976,630.0,616.674988,628.325012,614.317627,8651574.0,624.945913843007,592.0333520830645,56.52669592343682,14.488763874394294,20.58179524489504,13.53122293843639,11.590479901891893,13308670.3,,0.0,0.0,1
2017-03-30,627.5,637.375,626.5,635.325012,621.16156,12737718.0,625.9343993817683,593.7310666069205,59.59431112884063,13.678572568120785,19.20115070954019,13.341492728548076,10.566641242004044,13388140.9,,0.0,0.0,1
2017-03-31,633.0,668.825012,633.0,660.450012,645.72644,20751038.0,629.2216005835047,596.3474993476822,68.25333686426791,14.892199635078896,18.339360494647934,14.947458390794642,10.503187302627255,14012789.5,2017-03-31,0.0,0.0,1
2017-04-03,671.0,690.25,668.525024,687.325012,672.002258,20520654.0,634.7552588136472,599.9152495399637,74.53874411789857,17.817210019332947,18.23493039958494,16.008353362880737,14.44263032931715,13111737.1,2017-04-03,-0.296,-1.0,1
2017-04-05,697.599976,709.0,690.049988,707.5,691.727478,18434720.0,641.6833294028237,604.1342645861093,78.05179083084111,21.51524044552241,18.890992408772433,16.413112979817825,20.26953755654397,12508257.7,,0.0,0.0,1
2017-04-06,704.5,724.450012,701.099976,719.25,703.215576,23142150.0,649.0706313644596,608.6486125220275,79.79989383805905,25.104691743015337,20.133732275621014,16.908607481259413,26.00826315741956,12703680.2,,0.0,0.0,0
2017-04-07,710.650024,717.0,701.275024,703.299988,687.621033,14572302.0,654.2353319964158,612.3604354109623,71.47755405663176,26.358480927740402,21.378682006044894,16.98477666116945,28.595383585389484,12441685.0,,0.0,0.0,0
2017-04-10,705.0,712.450012,688.650024,690.674988,675.277588,14066282.0,657.7057754253285,615.4315977088011,65.64202598957394,26.033290335399784,22.309603671915873,17.47157747108592,29.723081543372885,12434232.1,,0.0,0.0,0
2017-04-11,693.924988,700.224976,685.049988,686.174988,670.877869,14743454.0,660.4171290038686,618.2058512356876,63.647420111523594,25.122861348974425,22.872255207327584,17.307535366008352,30.308937139299307,12604848.0,,0.0,0.0,0
2017-04-12,691.400024,693.224976,675.575012,677.0,661.907471,12548430.0,661.9964500511193,620.5115064657961,59.666500918199134,23.39135399665861,22.97607496519379,17.331994554150608,30.465479127647978,12597607.5,,0.0,0.0,1
2017-04-13,677.0,686.700012,673.674988,682.400024,667.187012,5812376.0,663.9396475700602,622.9385095173336,61.204509208300635,22.19896292579392,22.820652557313817,17.024353800282707,30.866631190030372,12337160.5,,0.0,0.0,1
2017-04-17,682.5,697.775024,682.5,695.924988,680.410461,5411708.0,666.9858704681496,625.800727038289,64.82261634382812,22.090688269979182,22.67465969984689,16.906542814548228,31.723897893714685,12243749.5,,0.0,0.0,0
2017-04-18,699.974976,705.0,683.5,685.099976,669.826904,7322166.0,668.7110233759448,628.1261898727407,59.9995306598588,20.89057824311601,22.317843408500714,17.234646899223353,31.960897849638787,12090350.2,,0.0,0.0,0
2017-04-19,684.5,691.275024,678.775024,684.400024,669.142517,5290584.0,670.2052139115692,630.333008803709,59.69026869477654,19.656415205053804,21.785557767811333,16.896457834993114,31.73056204765854,12060708.0,,0.0,0.0,1
2017-04-20,689.5,693.400024,682.049988,684.775024,669.509155,3837224.0,671.5928148723722,632.4679915637868,59.80979035630167,18.495388150104304,21.12752384426993,16.500284846779323,30.87245353295587,11736058.5,2017-04-20,0.7456,1.0,1
2017-04-21,690.25,710.5,689.275024,701.25,685.616882,13820554.0,674.417308694051,635.1653273788871,64.75427840250336,18.689221014173995,20.639863278250747,17.159191357723653,30.189796579922728,11963252.4,,0.0,0.0,1
2017-04-24,704.525024,717.5,700.099976,708.700012,692.900757,11663462.0,677.6823280565224,638.0490427106645,66.74657636075023,19.22240474512114,20.356371571624827,17.176393689314825,29.936576849728933,12276516.5,,0.0,0.0,1
2017-04-25,730.0,733.875,713.049988,716.400024,700.429077,16807408.0,681.369727670187,641.1216324739783,68.71493426420011,20.035328514437424,20.292162960187348,17.747721854363764,30.13850534358893,12744695.8,,0.0,0.0,0
2017-04-26,717.5,720.025024,701.299988,708.224976,692.43634,7663550.0,683.9273703682644,643.753138002785,64.3591947711734,19.791771188238613,20.1920846057976,17.8175300076235,27.839791213964663,12386061.1,,0.0,0.0,0
2017-04-27,708.5,712.075012,701.099976,704.75,689.038818,5747310.0,685.9104779522393,646.1451734320094,62.54432749077233,19.09819660858716,19.973307006355512,17.328780435650394,24.106276002980664,12177233.2,,0.0,0.0,0
2017-04-28,704.875,710.150024,695.5,697.599976,682.048157,5416808.0,687.0237634805974,648.1630101442026,58.86608947332833,17.766782170300758,19.53200203914456,17.137440690246798,19.577132016578535,12015494.9,,0.0,0.0,0
2017-05-02,701.0,701.0,683.150024,685.275024,669.997986,8499368.0,686.8572168633976,649.618384149485,53.072065205684076,15.537993693919248,18.7332003700995,17.188336069514882,14.523658056764791,11803577.4,,0.0,0.0,0
2017-05-03,688.450012,690.375,682.5,685.049988,669.778015,4343098.0,686.6850998287883,651.0078596476732,52.96954892423306,13.596769153233708,17.70591412672634,16.523097778835247,12.38868484092346,10983180.4,,0.0,0.0,0
2017-05-04,687.5,689.799988,677.025024,678.974976,663.83844,6567622.0,685.9508023212846,652.1046099435978,50.15308413795816,11.436301457218178,16.45199159282471,16.255373937489868,12.813989482915725,10285528.8,,0.0,0.0,0
2017-05-05,680.799988,683.674988,662.5,664.125,649.319458,7131086.0,683.8721544811623,652.57599805119,43.99501181956765,8.428685644588086,14.847330403177388,16.606774941954875,14.206251181577246,9720347.1,,0.0,0.0,0
2017-05-08,665.0,669.75,659.174988,660.700012,645.970886,7345170.0,681.6652837686706,652.8945870037835,42.69298000629403,5.7030196757800695,13.018468257697924,16.175934731815243,14.534079118018157,8930498.1,,0.0,0.0,1
2017-05-09,662.0,666.825012,660.125,665.174988,650.346069,9649022.0,680.0947794097497,653.376171603891,44.98397279780682,3.8595128606083335,11.186677178280005,15.499083108114155,15.188838307276878,8684334.1,,0.0,0.0,1
2017-05-10,667.400024,681.799988,665.325012,679.549988,664.400574,10471864.0,680.0428945135831,654.40259628273,51.668193100806626,3.517910508429736,9.652923844309953,15.579505743248857,15.294220026683345,8504613.2,,0.0,0.0,1
2017-05-11,682.049988,684.875,675.825012,679.775024,664.620544,6301512.0,680.017383036099,655.397593919797,51.76698804983146,3.2281347794188378,8.36796603133173,15.11311161873108,15.391750636465948,8082516.1,,0.0,0.0,0
2017-05-12,680.025024,682.0,672.025024,675.224976,660.171997,3439458.0,679.5609633183753,656.1751386692434,49.56106187204643,2.601347860342912,7.214642397133966,14.74610193167886,15.458980632558324,7627067.5,,0.0,0.0,0
2017-05-15,678.200012,678.200012,666.75,672.049988,657.06781,3080426.0,678.8456323356729,656.7976820526807,48.0232595757418,1.8273551019746037,6.137184938102094,14.510666936558943,15.796571273952162,7490470.0,,0.0,0.0,1
2017-05-16,673.025024,688.450012,670.5,678.150024,663.03186,5785894.0,678.7793839227517,657.6350291477693,51.158859818311385,1.6867385180452175,5.247095654090719,14.756334441090448,15.747301710399158,7509179.3,2017-05-16,-0.3612,-1.0,0
2017-05-17,676.5,682.974976,673.875,676.549988,661.467468,4500608.0,678.5670605015372,658.3767925396525,50.301671769340565,1.429708538977593,4.483618231068094,14.352308838155414,15.881715797150985,7368101.4,,0.0,0.0,0
2017-05-18,670.125,675.0,662.049988,663.674988,648.879517,4475832.0,677.1487678823431,658.5845649912857,43.92403672320395,0.18497327288207543,3.623889239430891,14.362858206858599,16.605570792100217,7327363.8,,0.0,0.0,0
2017-05-19,666.5,667.849976,655.0,659.424988,644.724243,5857766.0,675.4607888459295,658.6175227686231,42.02968859785927,-1.1313859614990633,2.6728341992449,14.254795192082982,17.510148286526828,7428390.9,,0.0,0.0,1
2017-05-22,663.25,666.799988,657.599976,662.075012,647.315186,4023718.0,674.185952955841,658.7531106301954,43.66127516098776,-1.9384303307549544,1.7505812932449292,13.893739249791341,17.555936778985874,6938549.1,,0.0,0.0,0
2017-05-23,662.849976,664.924988,651.0,652.775024,638.222473,4216446.0,672.1468168648086,658.5186757796865,39.4635159201536,-3.2905190607332315,0.7423612224492971,13.895971303377674,17.376776173732157,6566198.3,,0.0,0.0,0
2017-05-24,653.75,656.849976,647.549988,648.849976,634.384949,6549608.0,669.9280701157792,658.139510957046,37.81121548685574,-4.625458287231936,-0.3312026794869495,13.567686781707838,16.094175832379566,6053308.3,,0.0,0.0,1
2017-05-25,650.0,656.200012,648.224976,651.224976,636.707031,11850670.0,668.1468230571335,657.8683526372753,39.462866986448596,-5.429180378793944,-1.3507982193483485,13.168211725871569,14.883383839824582,6262664.3,,0.0,0.0,1
2017-05-26,651.974976,672.200012,650.0,668.650024,653.743652,9797278.0,668.1947469564542,658.291163408031,49.96295728850127,-4.606973853621184,-2.002033346202916,13.813340316880742,12.744051339243562,6465162.7,,0.0,0.0,1
2017-05-29,668.5,682.724976,667.799988,678.450012,663.325073,10982340.0,669.1714388653634,659.0817067219502,54.71977000701244,-3.1285284010941723,-2.2273323571811674,13.89274372281783,11.207256836762324,6743439.3,,0.0,0.0,1
2017-05-30,677.950012,682.349976,674.25,679.674988,664.522766,4415454.0,670.1717768781858,659.889286607502,55.29190342940955,-1.8368305633468935,-2.149231998414313,13.478974599759411,10.851064609199408,6539243.6,,0.0,0.0,0
2017-05-31,683.5,683.974976,667.900024,670.349976,655.405762,7508198.0,670.1887482231205,660.2995098320071,50.10209763796291,-1.5477596470109347,-2.0289375281336373,13.664401556919447,10.184523668208625,6697498.6,,0.0,0.0,0
2017-06-01,666.349976,670.0,661.5,664.125,649.319458,4358656.0,669.6112483923471,660.4495290933082,46.935014341149426,-1.800220579830352,-1.9831941384729803,13.320514017139486,9.900455510831973,6587050.3,,0.0,0.0,0
2017-06-02,667.5,669.349976,658.5,662.375,647.608521,5255130.0,668.9220818787902,660.5250377751888,46.05365555959915,-2.117103412325946,-2.0099759932435735,13.144047015915234,9.939776177500441,6493252.5,,0.0,0.0,1
2017-06-05,663.125,670.5,657.924988,664.674988,649.857239,4953412.0,668.5175967474769,660.6877809603415,47.45033875138513,-2.1577720769613506,-2.039535209987129,13.103401657635576,9.837098876372778,6373664.6,,0.0,0.0,0
2017-06-06,666.974976,666.974976,655.5,656.400024,641.766785,4384712.0,667.3635422000981,660.5196335897675,43.12436549514166,-2.825156083989441,-2.1966593847875915,12.987085539233034,10.14373668627146,6110449.1,,0.0,0.0,1
2017-06-07,655.599976,671.0,654.5,669.5,654.574707,5119908.0,667.5670143715173,660.8718048996097,50.77533319428148,-2.2708274503620487,-2.211492997902483,13.23800800071639,9.740731782457216,5842851.3,,0.0,0.0,0
2017-06-08,670.0,672.400024,664.025024,665.849976,651.005981,3613042.0,667.4034869075633,661.0670273372828,48.80532851536572,-2.101816020022966,-2.18955760232658,12.890650286379506,9.241756929022108,5708427.8,,0.0,0.0,1
2017-06-09,672.549988,676.474976,665.5,667.849976,652.961426,6325604.0,667.4460096782716,661.3330253784876,49.95117727985249,-1.7859031783610817,-2.1088267175334803,12.753816408780967,8.99833572687467,5852735.1,2017-06-09,-0.3903,-1.0,0
2017-06-12,663.275024,664.875,658.5,659.724976,645.017517,3855026.0,666.7106731374838,661.2699646061487,45.49610443256596,-2.1661890924052614,-2.1202991925078365,12.510684951010896,8.957739924509179,5891465.1,,0.0,0.0,0
2017-06-13,660.299988,663.5,655.5,657.174988,642.524414,2754582.0,665.8025126481996,661.1093772579262,44.16477791413117,-2.6428658274268173,-2.224812519491633,12.188493168795832,8.558237064701448,5739899.5,2017-06-13,0.0,0.0,1
2017-06-14,657.950012,680.0,657.950012,678.75,663.618469,24202054.0,667.0356066817044,661.8011665106186,55.91826303814138,-1.265128798427554,-2.0328757752788174,12.948244513881844,8.740651659335235,6724971.8,,0.0,0.0,1
2017-06-15,680.0,697.5,679.549988,691.974976,676.548584,12933608.0,669.4107847120183,662.984453363593,61.29647011640566,0.8836960624515768,-1.4495614077327386,13.362655620033141,10.735021579801444,7147860.6,,0.0,0.0,1
2017-06-16,694.549988,697.900024,684.650024,694.400024,678.919556,14954314.0,671.7907122632547,664.216436732204,62.2070125184727,2.750628815989785,-0.609523362988234,13.354608790030776,12.412119809088248,7602688.0,,0.0,0.0,1
2017-06-19,695.099976,707.900024,695.099976,704.625,688.916565,6965824.0,674.9177872858019,665.8010865271889,65.85462070504678,4.997646821571152,0.5119106739236432,13.364993876457149,14.880890788361691,7749793.3,,0.0,0.0,1
2017-06-20,704.5,711.049988,703.724976,706.174988,690.432007,4636798.0,677.8946635442969,667.3843770258829,66.38427219526753,6.824823540228067,1.774493247184528,12.933566599567355,16.45410510379348,7770810.9,,0.0,0.0,1
2017-06-21,703.900024,714.0,702.125,711.0,695.149475,9139886.0,681.0475527305543,669.0947938672487,68.0459212457562,8.56349772675162,3.1322941430979467,12.857954699598258,17.66797259042875,7900324.8,,0.0,0.0,1
2017-06-22,714.724976,722.700012,713.849976,716.325012,700.355774,10111884.0,684.4073107562158,670.9469595486343,69.81903571202238,10.25290441161485,4.556416196801328,12.77524450676981,18.976977966898115,7813385.5,,0.0,0.0,1
2017-06-23,718.0,721.0,715.299988,717.924988,701.920105,14237664.0,687.5994704937191,672.7892354268672,70.35137990127168,11.587304835235614,5.962593924488186,12.269870756286254,20.759149768191428,8035404.8,,0.0,0.0,1
2017-06-27,716.0,721.5,712.5,718.575012,702.555603,14899756.0,690.5495220657459,674.5847563134124,70.5784321594211,12.552579961032734,7.280591131797095,12.036308559408665,22.388337965704903,8231275.6,,0.0,0.0,0
2017-06-28,719.974976,719.974976,697.775024,699.25,683.661499,7117076.0,691.3781390118653,675.5520208941798,56.681016831274725,11.624203903340685,8.149313686105813,12.76228309087947,22.667337317679472,8366356.7,,0.0,0.0,0
2017-06-29,700.0,705.0,695.049988,696.349976,680.825989,5896644.0,691.8516472964495,676.3676270759789,54.932936647342636,10.533033238159192,8.626057596516489,12.561406584388079,22.597728625957338,8285779.0,,0.0,0.0,0
2017-06-30,696.0,696.200012,687.525024,690.0,674.617676,3572422.0,691.6752999348829,676.9022299982281,51.20881692080304,9.051542087510938,8.71115449471538,12.294516971217499,22.065000979934645,8246467.3,,0.0,0.0,1
2017-07-03,694.099976,697.349976,685.5,690.525024,675.13092,4203772.0,691.5657498458465,677.4364572739751,51.50157588448175,7.82956042717376,8.534835681207056,12.262764044701962,21.33453078211421,8193899.4,,0.0,0.0,1
2017-07-04,695.0,713.549988,694.5,710.974976,695.125,8602400.0,693.4142475748135,678.7516934443495,61.25365854076172,8.414276830873519,8.51072391114035,13.031492612937532,21.198745733684746,8376348.8,,0.0,0.0,1
2017-07-05,714.724976,723.724976,712.0,721.325012,705.244385,12439044.0,696.0724156153075,680.4212355215583,65.080750504756,9.602142676155268,8.729007664143333,13.011385997727709,20.721379187989417,8779065.4,,0.0,0.0,0
2017-07-06,724.349976,725.0,719.0,721.275024,705.195435,6213034.0,698.4726640328972,682.0233450332167,65.04733282639822,10.419393025864451,9.067084736487557,12.51057271217573,20.810531929981924,8833721.7,,0.0,0.0,1
2017-07-07,721.5,748.875,720.0,745.575012,728.953674,16387270.0,702.9586019345261,684.5155675056883,72.45244662132549,12.879409943433075,9.829549777876661,13.679460375591749,22.312307546741156,9472433.1,,0.0,0.0,1
2017-07-10,747.549988,750.450012,744.549988,746.424988,729.784729,1602158.0,707.0982577502855,686.9433881404368,72.6705525912185,14.727804076075813,10.809200637516492,13.123786348763769,23.25336914564206,9236260.8,,0.0,0.0,1
2017-07-11,750.5,752.200012,743.5,747.174988,730.518005,9598458.0,710.9150892026391,689.3054118729829,72.87463211883512,16.06796695406001,11.860953900825196,12.807802466709216,22.72202783107413,9523432.4,,0.0,0.0,1
2017-07-12,749.700012,762.5,748.75,755.549988,738.706299,7819594.0,715.1660319452449,691.9032386082396,75.10977668816945,17.60293254844578,13.009349630349314,12.98760314765856,21.699382148815136,9776683.0,,0.0,0.0,1
2017-07-13,754.375,762.5,753.075012,761.049988,749.488342,10519518.0,719.5359325218882,694.6148760603949,76.48041299075717,19.04368413893667,14.216216532066786,12.733130637111518,22.6054427848648,9092556.2,,0.0,0.0,1
2017-07-14,760.0,768.0,757.775024,766.875,755.224792,9386022.0,724.0444151388512,697.4486066329678,77.87032495186386,20.420129400558608,15.456999105765153,12.553976734460694,24.323889448068776,8915176.9,,0.0,0.0,1
2017-07-17,768.5,779.799988,768.5,775.875,764.088074,8571618.0,728.9806613161035,700.5241517023862,79.8515325600977,21.98378162091126,16.762355608794376,12.580477539142072,26.35983374542745,8596042.1,,0.0,0.0,0
2017-07-18,773.400024,775.900024,755.5,759.950012,748.405029,8978824.0,731.9301232859984,702.8545777649422,68.21425533060078,21.687968430350793,17.747478173105662,13.139016572060497,26.988816628535034,8696692.1,,0.0,0.0,1
2017-07-19,756.299988,769.0,756.299988,766.474976,754.830872,5390082.0,735.2201092587605,705.3494955161395,70.13477020398533,21.72955957244335,18.543894452973202,13.107659102627606,27.789359246316117,8734356.3,,0.0,0.0,0
2017-07-20,769.875,775.0,761.849976,764.450012,752.83667,6229372.0,738.003909519831,707.6671629839533,68.74654466689024,21.352979326818627,19.105711427742285,13.110685166725636,28.33719020712946,8588830.6,,0.0,0.0,1
2017-07-21,775.0,795.849976,772.474976,792.5,780.460571,44410224.0,743.1940133750852,710.9939411195284,75.8711819071619,23.05220490843078,19.895010123879985,14.41706222624523,30.89724513477183,10303747.6,,0.0,0.0,1
2017-07-24,800.0,812.450012,792.5,807.625,795.355774,19854458.0,749.3302978155533,714.78339464248,78.69188363219355,25.327356518999636,20.981479402903915,14.812272924370573,34.24926316653843,10584587.3,,0.0,0.0,0
2017-07-25,812.349976,812.474976,798.799988,801.075012,788.905334,9172158.0,754.2583658331197,718.1673798372495,74.6234588218431,26.29874570085269,22.04493266249367,14.731038286915531,36.205693867826994,10298207.4,,0.0,0.0,1
2017-07-26,802.099976,814.950012,800.549988,811.375,799.048828,10036778.0,759.6980452775845,721.8225808358737,76.66641356926884,27.581756259844724,23.152297381963884,14.70739440927871,37.24920121281675,10444192.5,,0.0,0.0,0
2017-07-27,814.0,815.75,794.174988,797.400024,785.286133,8416142.0,763.2887099178145,724.7864022984146,68.5971911284138,27.157829053814567,23.953403716334023,15.19793852290166,36.19594609421074,10570167.4,,0.0,0.0,0
2017-07-28,795.625,802.974976,789.0,797.224976,785.11377,6552046.0,766.520735258975,727.6271308280396,68.4999371270525,26.502237481525185,24.463170469372255,15.110584056980112,33.652196761458,10719148.6,,0.0,0.0,1
2017-07-31,800.974976,809.400024,798.0,807.599976,795.331116,7574068.0,770.4330439009774,730.7633209930107,71.11393464563741,26.51421288806182,24.87337895311017,14.900902910052965,30.602803106170484,10887663.4,,0.0,0.0,0
2017-08-01,811.375,811.375,795.75,801.799988,789.619202,5628596.0,773.4203719104081,733.5490727753789,67.73017415163719,25.7587619514386,25.05045555277586,14.952624130763468,28.370142922710407,10738973.2,,0.0,0.0,1
2017-08-02,805.0,817.849976,804.049988,814.599976,802.224854,9502770.0,777.3422389665598,736.727539716531,71.00870770564785,25.89441895606228,25.219248233433145,15.031007264280362,27.168103914047858,10592159.5,,0.0,0.0,1
2017-08-03,813.424988,832.450012,808.525024,825.049988,812.516052,9009552.0,781.8858341126017,740.1911652943967,73.38601251779042,26.539229031410628,25.48324439302864,15.66629160254605,25.822899457289957,10731985.4,,0.0,0.0,0
2017-08-04,831.5,831.5,807.549988,811.075012,798.753357,8494090.0,784.6657558161635,742.9709241082403,65.63478752074644,25.62716785361897,25.512029085146708,16.257985916649904,25.06483990735439,10337326.4,,0.0,0.0,0
2017-08-07,815.799988,815.799988,806.275024,808.174988,795.897461,4360036.0,786.9047303098622,745.527946327262,64.12124643892466,24.38920156499455,25.287463581116278,15.777055779746336,23.760009002130115,10475220.3,,0.0,0.0,0
2017-08-08,809.0,810.525024,793.400024,801.275024,789.102295,5011136.0,788.2733297089229,747.7141063227563,60.54390436539689,22.59092085949112,24.748155036791246,15.873337509764454,21.78801935807054,10245854.2,,0.0,0.0,0
2017-08-09,800.75,810.0,792.5,799.400024,787.255798,4771286.0,789.3330148795017,749.7410051324817,59.57130328733119,20.774992433703687,23.953522516173734,15.98952768763842,20.13985178804771,10093438.8,,0.0,0.0,0
2017-08-10,796.525024,803.325012,788.974976,792.174988,780.140503,4657686.0,789.6036789862159,751.4050829529543,55.848265545047255,18.539148288899128,22.870647670718814,15.872421138521393,18.643931589684712,9800347.2,,0.0,0.0,0
2017-08-11,775.474976,790.0,766.5,773.125,761.379883,7770128.0,788.0342809875287,752.2568444357596,47.431148727237016,15.056489038253062,21.307815944225666,16.572604485769865,18.192884717146146,9719552.5,,0.0,0.0,1
2017-08-14,780.5,792.25,780.5,786.525024,774.576416,6144598.0,787.8905422268117,753.6006946601948,52.81789511924129,13.22527371608578,19.691307498597688,16.75491845107202,17.741222968224132,9598201.5,,0.0,0.0,0
2017-08-16,786.0,788.0,775.099976,783.049988,771.154114,6206788.0,787.4295370623533,754.7555689463377,51.3484157059129,11.362634637851102,18.02557292644837,16.47956884742402,15.9345508986581,9459599.7,,0.0,0.0,1
2017-08-17,784.5,798.825012,780.575012,783.549988,771.646545,7236358.0,787.060056199272,755.8847618856528,51.55725228222939,9.81369935276291,16.383198211711278,16.606028215465162,14.609773209569735,9551913.5,,0.0,0.0,1
2017-08-18,782.0,788.900024,776.575012,787.700012,775.733521,3628022.0,787.1210043707698,757.1324187903028,53.347248556722796,8.819365082648233,14.87043158589867,16.300241342931937,12.588910538469461,9421846.0,,0.0,0.0,0
2017-08-21,788.5,792.075012,780.125,782.200012,770.317078,3462376.0,786.6523384306965,758.1154616895993,50.6747835617601,7.501076237599364,13.39656051623881,15.989510675579655,13.075060222073885,7374453.6,,0.0,0.0,0
2017-08-22,786.0,789.950012,778.025024,780.025024,768.175049,4358460.0,786.0211656277731,758.974660235364,49.61625438108485,6.209243185352079,11.959097050061466,15.699187627323965,13.521285307650606,6599653.7,,0.0,0.0,1
2017-08-23,782.424988,793.275024,776.575012,791.025024,779.007996,3803648.0,786.4977235679852,760.2315372791757,54.76292049800386,6.003855544014641,10.768048748852102,15.770675082515112,13.557178118789816,6331228.2,,0.0,0.0,0
2017-08-24,795.0,796.549988,782.25,784.025024,772.114319,5785142.0,786.2622283710343,761.1646152136433,51.180087182859026,5.216114736197483,9.657661946321179,15.665626005192603,13.37908849898099,6118646.4,,0.0,0.0,0
2017-08-28,789.525024,790.974976,780.599976,783.275024,771.375732,5630656.0,785.97773271665,762.0316900893015,50.79662480052804,4.479666926811433,8.62206294241923,15.287724147678846,13.635531994538823,5979372.1,,0.0,0.0,0
2017-08-29,780.924988,783.75,765.0,766.075012,754.437012,6932842.0,784.0822355055404,762.1902517365993,42.86477528770672,2.4795468376705685,7.393559721469498,15.535029565701786,15.03263320421529,5998411.9,,0.0,0.0,1
2017-08-30,773.775024,784.400024,770.625,782.049988,770.169312,4724774.0,783.8886881240604,762.9690649410528,50.58291877144048,2.158601299595375,6.3465680370946735,15.734314025294518,14.818431175338267,5855947.2,,0.0,0.0,1
2017-08-31,787.5,798.724976,787.0,797.25,785.138428,11476990.0,785.1611940170071,764.313415364799,56.591501825910775,3.095085367489787,5.696271503173697,15.801505023487765,14.69134983919776,6148366.9,,0.0,0.0,1
2017-09-01,799.924988,808.299988,799.5,805.049988,792.819885,7054954.0,787.0553648725303,765.9109280505866,59.324636947895584,4.41574759313346,5.4401667211656495,15.462110950381495,14.04478663262944,6025976.1,,0.0,0.0,1
2017-09-04,807.75,818.075012,797.924988,806.674988,794.420227,9856750.0,788.9239004084798,767.5095186689756,59.89122814213655,5.5297621848129666,5.458085813895114,15.796961882497104,12.185192025711185,6068336.0,,0.0,0.0,1
2017-09-05,815.0,817.424988,810.525024,816.299988,803.898987,11528262.0,791.5311468457675,769.422870444404,63.16418805416402,7.107354674763542,5.787939586068799,15.436464605175884,12.701707507604384,6220044.6,2017-09-05,0.0,0.0,1
2017-09-06,813.200012,826.25,811.400024,822.700012,810.201721,22285024.0,794.4996101937896,771.5121701520238,65.19782426138228,8.772907917035127,6.384933252262066,15.394572561949033,14.106329556668868,7116294.0,,0.0,0.0,0
2017-09-07,823.0,832.5,815.0,818.099976,805.671631,7408536.0,796.7472640800954,773.339142962951,62.52588148544457,9.610897951099332,7.0301261920295195,15.54496023609553,15.199819835577264,7236164.0,,0.0,0.0,0
2017-09-08,820.0,823.25,812.099976,816.900024,804.489929,6056729.0,798.6665745486578,775.0474128368053,61.814225982216556,10.062194280339554,7.636539809691527,15.231036219231566,16.12306762088691,7300436.15,,0.0,0.0,1
2017-09-11,821.299988,826.849976,816.549988,817.900024,805.474731,5801712.0,800.4983316392618,776.727907419884,62.2003427485105,10.380877224554979,8.185407292664218,14.878818489286454,17.061927702538252,7357637.45,,0.0,0.0,1
2017-09-12,822.75,825.0,817.0,823.75,811.23584,2971669.0,802.7127762450465,778.5719110796372,64.4640671413849,10.97892175093989,8.744110184319354,14.387474311480279,17.52368494631463,7117714.5,,0.0,0.0,1
2017-09-13,824.0,859.900024,822.0,849.0,836.102234,13430225.0,807.1210832693276,781.333796961614,72.20222667905105,13.336604251657945,9.662608997787071,16.066942146374547,20.86338166191747,7481995.85,,0.0,0.0,0
2017-09-14,855.799988,861.5,842.0,843.849976,831.030457,5425486.0,810.6190730532012,783.7854118616523,68.90641659640585,14.620979176703031,10.654283033570264,16.31216056449065,22.643333126698693,7442930.75,,0.0,0.0,0
2017-09-15,842.0,852.849976,834.75,841.799988,829.011597,13072853.0,813.5886840005154,786.0604933107508,67.58395837518428,15.297103175793154,11.582847062014842,16.439861667027028,23.746819902713543,7734755.5,,0.0,0.0,1
2017-09-18,850.0,851.049988,843.099976,845.549988,832.70459,2314174.0,816.632617714752,788.3934147025499,68.76490366232964,15.951649292734942,12.456607508158863,15.926300119382239,24.922472327944973,7669063.1,,0.0,0.0,0
2017-09-19,848.700012,848.75,837.0,838.599976,825.860168,3528729.0,818.7247470752518,790.3622994848032,64.1037621890242,15.728268235720861,13.110939653671263,15.627992967997793,24.95996159689083,7672380.75,,0.0,0.0,1
2017-09-20,856.099976,872.5,845.099976,847.150024,834.280334,11402965.0,821.4319163061803,792.5892691013357,67.06173293206012,16.056070174120464,13.699965757761102,16.933138041712237,25.018547730262483,8024606.0,,0.0,0.0,0
2017-09-21,847.0,851.700012,836.25,841.349976,828.568359,5920552.0,823.3288743722583,794.5014537084501,63.25388279227851,15.667238004215733,14.093420207052029,16.82720046730422,25.02681735747834,8130451.2,,0.0,0.0,0
2017-09-22,839.900024,839.900024,813.200012,817.400024,804.9823,5620443.0,822.7642219558527,795.3994368674495,50.502068344611594,13.273515910937363,13.929439347829096,17.6359692910682,23.767598526584347,8122216.25,,0.0,0.0,1
2017-09-25,815.0,827.950012,805.200012,821.549988,809.069275,6505309.0,822.6485806267239,796.4249486878828,52.29662935254356,11.577878739155949,13.459127226094466,18.001257198849043,22.22762754204114,8165948.9,,0.0,0.0,0
2017-09-26,821.700012,827.049988,812.200012,820.099976,807.641235,4829571.0,822.4058563765597,797.3533811413363,51.592792246643874,10.001775966516334,12.767656974178841,17.776165684645537,18.10903353664678,8060785.35,,0.0,0.0,0
2017-09-27,825.599976,825.700012,795.5,799.150024,787.009521,8434196.0,820.1910151978398,797.4238377247465,42.659520431239564,6.981736016824129,11.6104727827079,18.66358327859943,16.36078349543789,8246256.45,,0.0,0.0,0
2017-09-28,799.650024,802.900024,780.200012,786.450012,774.502441,13508179.0,816.977586321855,796.993491613683,38.32707613508824,3.5229375375288328,9.992965733672088,18.95189961584233,17.449734623102703,8347815.9,,0.0,0.0,0
2017-09-29,791.75,793.400024,779.099976,780.900024,769.036804,7619230.0,813.541628005488,796.3623752307428,36.57876527052786,0.330171167282856,8.060406820394242,18.619624500425026,19.538201756623536,8376029.7,2017-09-29,-0.3612,-1.0,1
2017-10-03,795.0,803.849976,785.349976,798.349976,786.22168,8387059.0,812.0948040049653,796.4403203596531,45.063881812258394,-0.783027637522764,6.291719928810841,18.92893360753752,19.982519698671936,8302545.15,,0.0,0.0,1
2017-10-04,799.200012,824.950012,795.599976,818.849976,806.410217,8643924.0,812.7381537187782,797.3191303923912,53.016541665307045,-0.010940916073877816,5.031187759833898,19.67329806414199,19.950044761127494,8158328.25,,0.0,0.0,1
2017-10-05,825.0,828.450012,818.650024,824.150024,811.629761,4860479.0,813.824998507466,798.3713223073447,54.836867451188276,1.0168908675806279,4.228328381383244,18.968061630988988,19.95355909032309,7287101.0,,0.0,0.0,1
2017-10-06,824.0,839.349976,822.599976,837.049988,824.33374,5942106.0,816.0369022686598,799.8881327388153,59.000532067699545,2.839640636910076,3.950590832488611,18.809628657346916,20.18013871603369,7213779.5,,0.0,0.0,0
2017-10-09,839.0,839.799988,828.0,830.650024,818.031006,4046109.0,817.4286281478351,801.0944814250092,56.23078844135619,3.724821924710568,3.9054370509330028,18.308940038964995,20.17803264218016,7113248.5,,0.0,0.0,1
2017-10-10,831.0,847.299988,831.0,843.200012,830.390381,6734986.0,819.8830456575652,802.7456787146701,60.178552169605794,5.37703055846066,4.199755752438534,18.190441750467492,20.553334783139487,7159912.2,,0.0,0.0,0
2017-10-11,845.299988,858.400024,836.0,840.150024,827.386658,7049800.0,821.8132340711304,804.2125157951045,58.790739476525665,6.366915424692593,4.633187686889346,18.491126196862673,20.807830698800597,7363818.75,,0.0,0.0,1
2017-10-12,842.099976,876.799988,842.099976,872.75,859.491394,8522926.0,826.6643546357845,806.9002602920748,67.43525463346782,9.670476691117187,5.640645487734915,19.788186039943906,22.759892209541512,7118453.8,,0.0,0.0,1
2017-10-13,879.299988,890.700012,873.349976,876.450012,863.135193,9833512.0,831.4058458133288,809.6277015534107,68.24933847112409,12.443689732434336,7.0012543366747995,19.656887894233627,25.04852660888935,7338855.1,,0.0,0.0,1
2017-10-16,879.0,892.0,861.299988,876.799988,863.479919,14633539.0,835.7290974501547,812.2619088816405,68.32998571299929,14.502544876116644,8.501512444563168,20.44568247321694,27.12087373830108,7416889.4,,0.0,0.0,0
2017-10-17,878.0,884.0,867.200012,874.349976,861.067078,6354084.0,839.4072763596638,814.6967350578857,67.0461042727068,15.754894303490346,9.952188816348604,20.185275725130015,28.664237988208978,7618884.9,,0.0,0.0,1
2017-10-18,877.400024,917.900024,875.0,914.5,900.607117,16765178.0,846.5589643254102,818.6105886077931,75.25242549027271,19.759387714640752,11.913628596007035,21.854188030477875,34.062477958635675,8280707.35,,0.0,0.0,0
2017-10-19,915.799988,921.900024,903.0,909.900024,896.077087,3664082.0,852.5914461991807,822.1905664863182,73.0091957526264,22.3046834673695,13.991839570279527,21.64317631401517,37.81996846193143,7893763.2,,0.0,0.0,1
2017-10-23,912.900024,944.700012,909.099976,939.75,925.473633,12551649.0,860.8922608468779,826.800740374354,77.66249531447095,26.425871291104386,16.4786459144445,22.64009486301409,44.008198799151735,8225318.05,,0.0,0.0,0
2017-10-24,947.700012,947.700012,928.200012,934.25,920.05719,6335308.0,867.8787121947943,831.0144368519996,75.09357088124932,28.914826181026456,18.965881967760893,22.415802372798797,47.8615814044533,8261061.3,,0.0,0.0,1
2017-10-25,940.099976,945.900024,929.5,939.900024,925.621338,4577050.0,874.737884747671,835.284459898576,75.9728261241667,30.986062540013677,21.36991808221145,21.986103917598886,51.35246984884146,8164648.35,,0.0,0.0,1
2017-10-26,940.0,957.799988,931.0,947.400024,933.007446,7698704.0,881.6580884859881,839.681148707805,77.1271291451796,32.85399914560162,23.666734294889483,22.329952780627536,54.478025037076684,8308105.0,,0.0,0.0,0
2017-10-27,950.0,956.700012,925.700012,929.849976,915.723877,5256749.0,886.2477920587511,843.2171811668152,68.79808405017563,32.54307386342009,25.442002208595607,22.94924186772557,54.34970910334549,8149232.65,,0.0,0.0,1
2017-10-30,934.0,945.549988,930.599976,942.5,928.181763,3576533.0,891.6051451960129,847.110625059742,71.21135966963863,32.93772891739843,26.941147550356174,22.4314397343166,53.0947398971465,7652650.35,,0.0,0.0,0
2017-10-31,944.950012,945.75,932.200012,940.849976,926.556824,4345360.0,896.2951290821069,850.7866780533176,70.4459999603122,32.73994701476147,28.100907443237233,21.79705032472256,49.87201973126994,7488956.85,,0.0,0.0,1
2017-11-01,947.75,957.799988,945.75,952.549988,938.079102,8033040.0,901.652734693335,854.7773961066366,72.68759420898786,33.145219164949026,29.10976978757959,21.450833301528093,47.711742659183514,7471255.9,,0.0,0.0,0
2017-11-02,952.799988,956.5,944.25,946.599976,932.219482,4698609.0,905.9334243415888,858.3782816066902,69.78863787474147,32.610371953102344,29.809890220684146,20.793630922847512,45.87815177588224,7273990.15,,0.0,0.0,0
2017-11-03,955.950012,955.950012,940.150024,945.299988,930.93927,2193730.0,909.6826208804852,861.786975987824,69.13983035665458,31.716001197916285,30.191112416130576,20.436942142644117,43.453623936212885,7140652.7,,0.0,0.0,0
2017-11-06,942.5,942.5,929.0,932.5,918.33374,4460799.0,911.8557046061533,864.5600357629877,62.935671302798596,29.632765794874103,30.079443091879284,20.141445418169535,40.788125927301245,7066587.35,,0.0,0.0,0
2017-11-07,933.349976,935.0,903.049988,906.700012,892.925659,9347943.0,911.36468626271,866.2125838564282,52.675434880914445,25.60478726776273,29.184511927055976,20.984914459728856,36.35321835416464,7331679.05,,0.0,0.0,0
2017-11-08,902.5,906.0,884.099976,887.799988,874.312805,8115980.0,909.1204292853092,867.059148727616,46.67267799158656,20.64947696569243,27.47750493478327,21.100280284033943,33.043227358819294,7400728.75,,0.0,0.0,1
2017-11-09,894.75,909.900024,892.049988,900.5,886.819824,6860798.0,908.2994360200416,868.3705546640524,50.735287121034524,17.54489603996001,25.49098315581862,21.17169140660295,28.196106622765825,7391278.65,,0.0,0.0,0
2017-11-10,900.950012,900.950012,879.200012,883.849976,870.422791,6365174.0,905.9709160181329,868.9775907967356,45.80816244322227,13.58438318885942,23.109663162426777,21.212999163274166,27.343292635600523,7283391.05,,0.0,0.0,0
2017-11-13,885.0,891.900024,873.5,875.25,861.953491,4155011.0,903.0451144925964,869.223567628961,43.460450998695364,9.640571522739492,20.41584483448932,21.012072365897442,27.442976673022798,6999466.0,,0.0,0.0,1
2017-11-14,875.0,895.0,873.0,886.700012,873.229492,5706105.0,901.4884380647301,869.9089183905498,47.33081515587415,7.354217795463342,17.803519426684126,21.082638625476196,26.72046443577377,6553094.3,,0.0,0.0,0
2017-11-15,884.5,890.599976,877.950012,883.700012,870.275085,6981872.0,899.7943022490414,870.4497455923915,46.43393386646006,5.239790028560833,15.290773547059468,20.480304723656467,25.958965129244476,6584483.7,,0.0,0.0,1
2017-11-16,885.5,906.0,885.5,903.849976,890.118958,6931038.0,900.1805568919898,871.7595585529757,52.89096513879871,5.130878906018324,13.25879461885124,20.610282100538146,26.186340745315633,6092776.7,,0.0,0.0,1
2017-11-17,918.950012,924.900024,908.5,911.900024,898.046692,5586242.0,901.2966966165621,873.3336944568115,55.21368760407895,5.629247195695484,11.73288513422009,20.64169395049971,26.15160707204875,6188884.7,2017-11-17,0.5319,1.0,1
2017-11-20,906.200012,924.349976,905.0,920.849976,906.860657,4220192.0,903.158913700699,875.1970780512356,57.710210517652015,6.669512001617136,10.7202105076995,20.54942838260687,25.72254468848005,5772311.85,,0.0,0.0,1
2017-11-21,926.799988,939.650024,925.5,932.549988,918.382935,5980763.0,905.9580636339658,877.4462117799295,60.787478417155164,8.341862741280693,10.24454095441574,20.424472640992096,25.671003457358225,5754584.6,,0.0,0.0,0
2017-11-22,937.450012,938.650024,923.450012,930.75,916.610291,5055490.0,908.319200430731,879.5365564206656,60.06336362573027,9.413456298096662,10.078324023151925,20.05129688092123,25.350106096804296,5778506.6,,0.0,0.0,1
2017-11-23,931.0,949.900024,926.650024,947.0,932.613403,7329126.0,912.0030861039947,882.1821816647314,64.20852400077491,11.442044340637949,10.35106808664913,20.279775675141142,25.32591588354193,5760027.7,,0.0,0.0,1
2017-11-24,950.0,959.5,947.400024,951.099976,936.651123,6394443.0,915.7265994274237,884.8848402716702,65.19023482616637,13.228063891453644,10.926467247610034,19.72407741263106,26.273814437637316,5816912.4,,0.0,0.0,1
2017-11-27,947.25,957.5,944.0,951.349976,936.897339,4680074.0,919.1193019581452,887.4913161877331,65.25281934551819,14.496562811420972,11.640486360372222,19.279500454585985,26.75800927213423,5872089.45,,0.0,0.0,0
2017-11-28,949.849976,951.349976,938.099976,943.349976,929.01886,4641893.0,921.4269852002267,889.6818518708023,61.44573719404962,14.687021363401868,12.24979336097815,18.84882185068699,26.868201772183774,5886916.1,,0.0,0.0,1
2017-11-29,941.849976,950.0,941.0,946.0,931.628662,3674864.0,923.7672723240147,891.8904067034249,62.231811544699,14.88026548973005,12.775887786728532,18.145334575637918,26.483983622524573,5669007.3,2017-11-29,0.0,0.0,0
2017-11-30,941.450012,941.450012,919.5,921.549988,907.550049,9434893.0,923.5561023883944,893.0535275406221,51.748410711372685,12.911663600218048,12.803042949426436,18.74209639166378,25.709953715146558,5905821.5,,0.0,0.0,0
2017-12-01,924.450012,931.25,907.700012,910.099976,896.273987,5081389.0,922.2745665418805,893.7220157166247,47.696259715446374,10.308778956295896,12.304190150800329,19.08551722083065,24.945390051116885,6050204.45,,0.0,0.0,0
2017-12-04,913.5,913.799988,897.349976,901.599976,887.903137,4618847.0,920.3055579188442,894.0309553360803,44.88630009081159,7.4739402300743905,11.338140166655142,18.897266847914175,24.85035041685061,6058106.85,,0.0,0.0,1
2017-12-05,901.049988,920.75,895.450012,913.700012,899.819336,8369174.0,919.6764583075258,894.8022908927265,49.451660516326754,6.132984667022583,10.29710906672863,19.354604073063165,24.77912288342439,6009168.4,,0.0,0.0,1
2017-12-06,910.0,930.299988,908.799988,926.650024,912.572571,11007689.0,920.3406074210948,896.0512216046799,53.857093891360286,6.045536283810634,9.446794510145033,19.50784663927294,24.031894616558432,6153753.85,,0.0,0.0,1
2017-12-07,930.049988,936.0,923.0,931.549988,917.398132,5529565.0,921.4081674762288,897.4433300927673,55.43957477479481,6.299007911963031,8.817237190508633,19.043000450753446,23.904649618240423,6087192.2,,0.0,0.0,0
2017-12-08,933.849976,936.950012,919.049988,921.0,907.008484,5588486.0,921.3692943832547,898.3671210707944,51.35575639792237,5.584218744139889,8.170633501234885,18.961359275699632,22.456259347317516,6048357.8,,0.0,0.0,0
2017-12-11,922.450012,926.0,913.549988,916.150024,902.232117,4933853.0,920.872221013421,899.0644898140393,49.54878272392157,4.573668248048875,7.451240450597683,18.496263041721086,19.824310934127713,6087299.9,,0.0,0.0,0
2017-12-12,915.950012,929.0,908.0,915.599976,901.69043,7215014.0,920.3701024407143,899.7129402535293,49.33676165534761,3.6859263579713115,6.69817763207241,18.675101395883864,18.045597003681866,6162745.35,,0.0,0.0,0
2017-12-13,916.900024,924.950012,910.700012,914.650024,900.754883,4182097.0,919.8253330654081,900.2987082443028,48.94721474117147,2.872617579614598,5.933065621580848,18.359022724749302,15.56267061645154,6022756.6,,0.0,0.0,1
2017-12-14,919.0,924.900024,908.75,921.5,907.500793,5021130.0,919.984825154417,901.1301314513847,51.89663499385284,2.7491102965190066,5.296274556568481,18.201237101552927,14.745618207037849,5927261.2,,0.0,0.0,0
2017-12-15,931.0,932.950012,917.700012,919.75,905.777405,11158706.0,919.9624608539963,901.8603223756835,51.08466229635552,2.4814152992615846,4.733302705107102,17.990434451442002,14.439378790410109,6205884.4,,0.0,0.0,1
2017-12-18,911.950012,932.650024,862.650024,921.0,907.008484,8494801.0,920.0612741059966,902.6108979696074,51.66637459669131,2.343119614239299,4.255266086933541,21.70540341919614,14.436143194382566,6419614.85,,0.0,0.0,1
2017-12-19,923.599976,927.0,920.0,925.950012,911.88324,4064982.0,920.622106286378,903.5261573443014,53.99933937308188,2.602938828375727,3.9248006352219784,20.65501746068213,14.374169896702037,6323825.8,,0.0,0.0,0
2017-12-20,925.900024,927.400024,917.0,918.150024,904.20166,4774414.0,920.3866698781516,904.0996423117653,49.9111695974624,2.1546165052247943,3.5707638092225418,19.922517927776266,14.454680506157253,6309772.0,,0.0,0.0,0
2017-12-21,918.450012,923.950012,910.0,912.950012,899.080688,4147162.0,919.6784167468991,904.4467156332062,47.338128880209844,1.3639970155171568,3.129410450481465,19.49591036150653,13.828495416400465,6150673.8,,0.0,0.0,1
2017-12-22,914.650024,922.400024,909.299988,920.400024,906.417603,4872675.0,919.7471412471946,905.0723355697365,51.21823605645232,1.3233246174211217,2.7681932838693966,19.039062192827494,12.303081709510247,6074585.4,,0.0,0.0,1
2017-12-26,924.849976,938.900024,918.150024,929.799988,915.674683,5301456.0,920.7045552236524,906.0420474306073,55.65759797697538,2.0262328340988915,2.6198011939152956,19.16127203619696,10.463109264776481,6105654.5,,0.0,0.0,0
2017-12-27,933.0,937.5,919.0,923.75,909.716675,4352384.0,920.9945975833045,906.7364769437246,52.35515370745776,2.071233302047631,2.510087615541763,19.114038319325747,9.151455431459263,6091179.05,,0.0,0.0,1
2017-12-28,925.25,934.400024,919.099976,924.200012,910.159851,7091515.0,921.2998751467992,907.4213214562964,52.5805371112116,2.118784673779146,2.4318270271892395,18.841610439373913,7.014405520092596,6262011.6,,0.0,0.0,0
2017-12-29,926.5,932.299988,918.5,921.049988,907.057678,5069838.0,921.2760763709135,907.9557789682348,50.77007975420601,1.8806103619016312,2.321583694131718,18.481494550847206,7.007602361217214,6043758.85,,0.0,0.0,0
2018-01-01,922.700012,922.700012,907.5,909.75,895.92926,4321686.0,920.1783548117788,908.0261405773769,44.80957656269489,0.771151555024403,2.011497266310255,18.247102940072406,7.03263727631861,6005773.7,,0.0,0.0,1
2018-01-02,913.0,919.549988,906.400024,911.150024,897.308044,4342815.0,919.3185137820856,908.1486458097255,45.66077477505786,0.004812221373867942,1.6101602573229776,17.883021587210088,6.005543479348376,5991972.1,,0.0,0.0,1
2018-01-03,925.0,926.0,913.049988,914.799988,900.902649,6175312.0,918.8881779933156,908.4094827585458,47.91609541814387,-0.30448570922271756,1.2272310640138389,17.666375473837938,5.950220067424399,5882279.0,2018-01-03,0.0,0.0,1
2018-01-04,918.150024,921.799988,915.700012,920.299988,906.319092,4118581.0,919.0226360891903,908.8757770820528,51.20271404854666,-0.10459678636561875,0.9608654939379474,16.904491511420943,5.741911252337658,5537823.6,,0.0,0.0,1
2018-01-05,921.799988,926.900024,920.25,923.25,909.224243,3401905.0,919.425242175934,909.439472098806,52.91880016071475,0.2885319228399794,0.8263987797183538,16.172029546319447,5.102634544214863,5431440.6,,0.0,0.0,1
2018-01-08,926.099976,931.0,923.5,928.549988,914.443665,4035417.0,920.29426558775,910.1889040953952,55.91822684861027,1.0160416987380358,0.8643273635222903,15.57045600729663,5.501983155213051,5353787.15,,0.0,0.0,1
2018-01-09,928.150024,943.900024,924.0,940.950012,926.655334,6534997.0,922.2614795317738,911.3952220531561,62.01542517379199,2.5636248713220766,1.2041868650822476,15.879710863918302,7.205981010698311,5433844.35,,0.0,0.0,1
2018-01-10,943.0,947.400024,935.5,942.349976,928.033997,5361502.0,924.1746696716048,912.609133973334,62.64364947766584,3.858581751593647,1.7350658423845275,15.595447516495568,8.535275146504866,5341168.75,,0.0,0.0,0
2018-01-11,941.799988,942.650024,935.0,937.75,923.503967,3588377.0,925.467558274309,913.5950502886466,59.18021192554487,4.462227013896495,2.2804980766869214,15.027917265317315,9.007919891155002,5311482.75,,0.0,0.0,1
2018-01-12,943.0,952.799988,938.25,949.0,934.583069,6890028.0,927.7087432005653,914.9834796898242,64.36872915358285,5.781752766254499,2.9807490146004367,15.029493746366077,10.655946438599768,5404927.65,,0.0,0.0,1
2018-01-15,950.0,958.5,945.200012,949.150024,934.730774,5084113.0,929.7507699433687,916.3233441732554,64.4336530654503,6.76164804498228,3.7369288206768054,14.905957621625642,11.887673161513233,5101198.0,,0.0,0.0,0
2018-01-16,947.700012,947.700012,920.0,922.950012,908.928772,4948895.0,929.1030787106669,916.5832134999209,47.98855484732103,5.362287000737979,4.062000456689041,15.923390934366669,11.85061007393455,4923902.7,,0.0,0.0,1
2018-01-17,926.0,929.0,907.0,924.5,910.455261,6036432.0,928.664690262032,916.8936757157556,48.82075750781226,4.328458592845777,4.115292083920388,16.357434439054764,11.857361949670269,5022475.2,,0.0,0.0,0
2018-01-18,929.0,929.599976,915.099976,919.700012,905.728149,4289053.0,927.8109113799336,917.0037281191089,46.347588365369376,3.0862468819005926,3.9094830435164294,16.22476055055085,11.806677335893024,4998207.15,,0.0,0.0,1
2018-01-19,923.0,934.400024,922.099976,931.299988,917.151855,4559564.0,928.1432043913686,917.5643657617388,52.59722407094825,3.0031873946140877,3.7282239137359614,16.11584993979722,11.420079261970276,5018827.25,,0.0,0.0,1
2018-01-22,948.0,974.299988,940.0,971.5,956.741272,20892838.0,932.2724230207622,919.6794886739209,66.96048139697629,6.11072650406652,4.204724431802074,18.036146372668846,14.974213492399835,5819835.4,,0.0,0.0,1
2018-01-23,975.0,990.950012,975.0,983.25,968.312744,10298500.0,937.1274303521182,922.1724499033885,69.83731977301369,9.413092170970117,5.246397979635683,18.137136774621073,19.160963449245664,6069687.6,,0.0,0.0,0
2018-01-24,981.75,981.75,962.650024,966.349976,951.669434,6532672.0,939.9105299376306,923.9049019078408,61.53771760970763,10.544993930840747,6.306117169876696,18.313053862148138,20.465164638791233,6178702.0,,0.0,0.0,0
2018-01-25,967.900024,972.0,956.150024,965.900024,951.226318,6249419.0,942.3857198483325,925.5517694414726,61.32874117731257,11.275747071128649,7.300043150127088,18.137119729137556,21.451361829428546,6136597.2,,0.0,0.0,0
2018-01-29,966.200012,977.299988,959.299988,964.5,949.847595,4524605.0,944.491841767539,927.0791510325431,60.63872391289428,11.608093091911087,8.161653138483889,18.12732546277059,21.979358750121182,6109335.55,,0.0,0.0,0
2018-01-30,965.799988,965.799988,949.0,950.400024,935.961853,4198139.0,945.0545257896782,927.9936950707933,54.04380580049882,10.611407779510955,8.651604066689302,18.03251564400126,21.004920530606185,6103158.2,,0.0,0.0,1
2018-01-31,950.0,964.5,941.549988,961.299988,946.696228,5738209.0,946.6017126668517,929.2998242056982,57.85931349604093,10.579114047237226,9.037106062798888,18.383765383715456,20.24882109031503,6172927.9,,0.0,0.0,0
2018-02-01,963.25,972.599976,936.599976,943.849976,929.51123,7554587.0,946.3396425081038,929.870418393889,50.61433409483035,9.041229236513004,9.03793069754171,19.64206785630721,19.099536102060803,6241891.65,,0.0,0.0,0
2018-02-02,935.0,943.950012,901.0,904.349976,890.611328,13242095.0,942.340626650189,928.869616731082,38.77762166234113,4.582302627124818,8.146805083458332,21.306921009428127,20.462498430369966,6698067.35,,0.0,0.0,0
2018-02-05,894.0,912.5,881.799988,902.150024,888.444763,8773525.0,938.5129502073139,927.8217895648539,38.241220016831136,0.8611268889760595,6.689669444561878,21.977856080183262,22.07159878715963,6966648.35,,0.0,0.0,0
2018-02-06,877.0,898.0,871.0,892.099976,878.547424,11000567.0,934.0926669494744,926.4209341305486,35.80460228415254,-2.865850830530576,4.778565389543388,22.633010931598744,24.6775224432084,7314905.85,2018-02-06,-0.1531,-1.0,1
2018-02-07,902.549988,905.400024,890.0,894.400024,880.8125,7100838.0,930.3124152400006,925.1652121643092,36.797137346018125,-5.569708738058125,2.7089105640230855,22.116369007913118,26.80258608909782,7343197.9,,0.0,0.0,1
2018-02-08,897.900024,910.650024,892.349976,904.549988,890.808289,6320734.0,927.858850740953,924.3567720007953,41.12325235521835,-6.814959728422423,0.8041365055339837,21.84377465020504,27.853987560194646,7391159.5,,0.0,0.0,0
2018-02-09,889.0,902.0,886.0,897.849976,884.210083,5294279.0,925.0008626703859,923.3172898044293,39.215111091412176,-8.247394256731468,-1.0061696469191066,21.608504175190397,29.19031893036014,7476454.6,,0.0,0.0,1
2018-02-12,903.0,918.200012,902.049988,915.5,901.59198,5429792.0,924.0960186065397,923.0107294198692,46.28586982929208,-7.867705499631938,-2.378476817461673,21.51861359124823,29.302752363689685,7403442.8,,0.0,0.0,1
2018-02-14,923.0,942.5,921.0,933.650024,919.466248,10170959.0,925.0059238821074,923.4279566584006,52.41572776884407,-6.032702929259017,-3.109322039821142,21.910141191873354,29.064867436628276,7657785.1,,0.0,0.0,1
2018-02-15,937.650024,945.75,928.150024,935.650024,921.435913,6109454.0,926.0196477028592,923.9072534169995,53.05152817123837,-4.366729941881317,-3.3608036202331775,21.602272249596684,28.98380332040924,7715813.05,,0.0,0.0,0
2018-02-16,939.599976,942.599976,918.099976,921.299988,907.303833,4401672.0,925.570156302587,923.8050077143505,48.08684717115085,-4.156449362689273,-3.519932768724397,21.809252803196923,29.04276748780856,7634075.05,,0.0,0.0,1
2018-02-19,921.0,932.0,913.549988,927.0,912.917236,4087936.0,925.7063318928168,923.9303015294993,50.08501453757478,-3.48963086488709,-3.5138723879569356,21.569307031540003,28.912698776113405,7624019.2,,0.0,0.0,0
2018-02-20,929.0,929.549988,918.799988,921.099976,907.106934,3866919.0,925.2676313315961,923.8193083714582,48.024480360554904,-3.398084031966391,-3.4907147167588266,20.796499386430003,29.040302631585643,7589386.95,,0.0,0.0,1
2018-02-21,930.0,932.5,922.150024,929.349976,915.231567,5448230.0,925.6564260619202,924.0361972981082,51.056630729316424,-2.6295150428467196,-3.3184747819764056,20.12532257311358,27.57913532575325,6817156.55,,0.0,0.0,0
2018-02-22,922.0,931.0,920.0,924.349976,910.307434,5118850.0,925.5320022464992,924.0485023452434,49.183898920157404,-2.3962542674069027,-3.1340306790625054,19.47351381789118,24.666053502364267,6558174.05,,0.0,0.0,1
2018-02-23,925.400024,938.0,922.75,934.25,920.05719,4850839.0,926.3622877468327,924.4485610768712,52.87003590610804,-1.3964468534024945,-2.7865139139305035,19.171834259470383,23.013230600779064,6474082.4,2018-02-23,0.368,1.0,1
2018-02-26,939.0,944.900024,936.599976,938.700012,924.439514,3856478.0,927.5373091042771,925.0074415053217,54.46881585781851,-0.2422213198846066,-2.277655395121324,18.563133526651068,21.280548406278815,6354435.35,,0.0,0.0,1
2018-02-27,939.0,955.799988,938.349976,950.5,936.060303,6410097.0,929.7242320467269,926.0071496817425,58.48996137126502,1.606156375263481,-1.500893041044363,18.483624846175992,20.104193027126858,6448709.95,,0.0,0.0,1
2018-02-28,945.950012,957.099976,943.200012,954.549988,940.048767,25898694.0,932.0885897565626,927.1264766747861,59.80216244533982,3.3590877275845514,-0.5288968873185803,18.15622050002056,20.408870486122076,7533737.7,,0.0,0.0,0
2018-03-01,949.75,959.900024,945.950012,948.400024,933.992188,4094652.0,933.642059684509,927.9607334327599,56.862633497841145,4.203591371396328,0.4176007644244014,17.85577703573338,19.355387997535317,7451559.85,,0.0,0.0,0
2018-03-05,943.0,950.150024,921.599976,924.099976,910.06134,5634893.0,932.7332898097939,927.8093311804735,47.02653115075843,2.8788699826859556,0.9098546080767124,18.619653533181,18.766902945243437,7355575.15,,0.0,0.0,0
2018-03-06,929.0,936.200012,905.099976,910.849976,897.012573,7323680.0,930.6491646850516,927.144258428208,42.690243064733636,0.7511951626686368,0.8781227189950973,19.511109423668074,18.486771247182688,7059654.4,2018-03-06,-0.7184,-1.0,0
2018-03-07,909.25,909.25,888.049988,889.75,876.233154,7247708.0,926.7540061436181,925.6778169210287,36.861221388450474,-2.6075361312215364,0.1809909489517706,19.746029321977495,19.40832484737952,6983363.55,,0.0,0.0,1
2018-03-08,897.650024,914.5,893.299988,911.450012,897.603516,6072983.0,925.2964828918449,925.119863786801,45.15523790366495,-3.4782501634007303,-0.5508572735187296,20.103455798979102,18.267402184026608,6736984.35,,0.0,0.0,1
2018-03-09,914.900024,919.349976,911.049988,913.099976,899.228394,4863577.0,924.1349108069072,924.6484956382426,45.738893352367356,-3.9891742836164212,-1.2385206755382678,19.26035095619488,17.151448846681358,6625121.3,,0.0,0.0,1
2018-03-12,920.0,933.099976,917.549988,930.299988,916.167114,3801407.0,924.7220610157732,924.8701227897095,51.52966421285342,-2.9719295540575104,-1.5852024512421163,19.313183030752388,16.54687844367634,6499154.95,,0.0,0.0,1
2018-03-13,931.900024,936.0,921.349976,931.849976,917.693542,5096825.0,925.40091006189,925.1438425234768,52.02652325375796,-2.017429033131748,-1.6716477676200427,18.980100242841505,15.24260523658018,6489282.25,,0.0,0.0,0
2018-03-14,928.799988,932.049988,919.200012,929.049988,914.936096,6731530.0,925.7484412940911,925.297024699043,51.009293638744175,-1.4699712115161674,-1.6313124563992678,18.542234225495683,14.99026397858609,6554369.15,,0.0,0.0,0
2018-03-15,925.0,929.450012,910.0,911.799988,897.948181,5811424.0,924.4200171708445,924.7677291421636,45.15209790428448,-2.4003678331961282,-1.78512353175864,18.607075495103135,15.345940090297994,6336392.4,,0.0,0.0,0
2018-03-16,909.0,909.700012,886.049988,900.049988,886.376648,14087564.0,922.0990620117166,923.7984059600227,41.64433813737074,-4.039278373450088,-2.2359545000969296,19.117284388310054,16.308401461830123,6735297.9,2018-03-16,0.0,0.0,0
2018-03-19,901.0,906.900024,892.0,895.5,881.895813,5774392.0,919.5658180106007,922.6886645497209,40.33751120619406,-5.640255436345001,-2.9168146873465437,18.816051503430767,17.59371396596002,6803933.9,,0.0,0.0,0
2018-03-20,893.299988,904.0,887.049988,889.799988,876.28241,6945721.0,916.7309770572102,921.3989125280461,38.69913521914058,-7.285007591760063,-3.790453268229248,18.682762967471426,19.13635937570187,6946823.15,,0.0,0.0,1
2018-03-21,894.849976,902.349976,893.299988,896.900024,883.274597,6727261.0,914.8423148612854,920.4381718013723,41.86651609318497,-7.924226407635047,-4.617207896110408,18.24470761265204,19.940460273214214,7089840.25,,0.0,0.0,1
2018-03-22,896.0,911.950012,895.75,908.150024,894.353638,10116965.0,914.2049538268774,919.9562836522584,46.57673180159651,-7.437298398333155,-5.181225996554957,18.09865792603404,20.021431633765836,7323277.0,,0.0,0.0,0
2018-03-23,890.599976,900.0,889.099976,893.900024,880.32019,10729694.0,912.2711509862226,918.934469548166,41.941173489288765,-8.107798694198209,-5.766540536083609,18.166614359888758,20.789833022754138,7603819.2,,0.0,0.0,1
2018-03-26,893.950012,904.299988,892.5,901.099976,887.410706,6047262.0,911.2072295589633,918.2350776442624,44.92378404944274,-7.966367727207171,-6.206505974308321,17.711855334182417,20.759914802794448,7663640.35,,0.0,0.0,0
2018-03-27,907.200012,910.75,897.0,899.799988,886.130432,6939577.0,910.1208256009669,917.5121329522768,44.47947781902025,-7.868477918570761,-6.53890036316081,17.428865667455103,20.38848770087538,7817795.3,,0.0,0.0,0
2018-03-28,895.799988,895.849976,880.0,882.700012,869.290222,8759586.0,907.5093195437319,916.1469517383647,39.01356665510861,-9.066215009598409,-7.04436329244833,17.598231548351166,19.721237350481385,7935269.75,2018-03-28,0.0,0.0,1
2018-04-02,893.0,900.950012,886.5,892.950012,879.384521,5712065.0,906.1227188252813,915.237267826994,43.49582108556898,-9.083630508157512,-7.4522167355901665,17.644786437754654,17.241603730827137,6925938.3,,0.0,0.0,1
2018-04-03,891.0,901.700012,885.25,899.549988,885.884277,6364728.0,905.4967444609688,914.6220803827575,46.23587450747811,-8.467264160781838,-7.655226220628501,17.559445406486464,14.4649062799115,7039442.1,,0.0,0.0,0
2018-04-04,904.700012,911.799988,892.049988,894.900024,881.304932,6498407.0,904.4875329884957,913.848666406914,44.59506858235447,-8.258800314139535,-7.775941039330708,17.71591359173743,13.967901155612333,7082617.8,2018-04-04,-0.08025,0.0,1
2018-04-05,905.099976,910.0,903.5,908.200012,894.402832,3898676.0,904.8411024181626,913.627150547806,50.05465221181407,-6.940388852363981,-7.608830601937363,17.529060906613324,13.913688886480873,6911367.6,,0.0,0.0,1
2018-04-06,908.0,918.5,905.0,911.0,897.160339,4418462.0,905.4276640926233,913.5241250361213,51.14609257509145,-5.604991782854768,-7.208062838120845,17.24127084185523,13.572191830639465,6769905.3,,0.0,0.0,1
2018-04-09,912.549988,919.0,912.549988,916.0,902.084351,3572251.0,906.4345532266592,913.6212181719651,53.11635839838465,-4.096005568477381,-6.585651384192152,16.581180067437,13.721502361824774,6644868.7,2018-04-09,0.4767,1.0,1
2018-04-10,918.400024,923.900024,914.150024,917.049988,903.118408,3865402.0,907.4455470145964,913.755679733856,53.540101644249624,-2.783313559281737,-5.82518381921007,16.093238634048642,13.86688289958506,6594959.95,,0.0,0.0,1
2018-04-11,921.799988,932.75,916.049988,930.849976,916.70874,6007539.0,909.6745402513014,914.4260442933474,58.809462782953666,-0.6222787422847205,-4.784602803825,16.136579588759453,13.91904203268559,6705266.55,,0.0,0.0,0
2018-04-12,929.849976,936.650024,924.200012,928.700012,914.591492,4947725.0,911.4864899416536,914.9858077328519,57.7112726857062,0.9064241000038464,-3.6463974230592306,15.873253332419493,13.620465614317466,6697811.55,,0.0,0.0,1
2018-04-13,932.700012,941.700012,928.700012,938.849976,924.587219,5767984.0,914.0925362329248,915.9216574688633,61.37803434537513,2.903479875586072,-2.3364219633301704,15.668020951532386,14.653274377036778,6649634.25,,0.0,0.0,0
2018-04-16,934.450012,940.0,928.5,937.049988,922.814575,4084450.0,916.2789602107415,916.7502194505146,60.37820007193494,4.29144783793015,-1.0108480030781064,15.370305169280073,16.19602870167763,6563285.55,,0.0,0.0,1
2018-04-17,940.0,947.200012,936.0,944.25,929.905212,4388713.0,918.9428687620995,917.8286422172088,62.97622903614769,5.904341667824497,0.37218993110241416,15.072427085760069,18.082025598229663,6078343.0,,0.0,0.0,0
2018-04-18,945.25,948.200012,935.049988,938.0,923.750183,3365196.0,920.7578336418994,918.6196758557832,59.33891444080867,6.6021434813561655,1.6181806411531645,14.935112579634351,18.848524713964455,5957883.2,,0.0,0.0,1
2018-04-19,939.099976,945.0,935.0,942.299988,927.984802,4481413.0,922.8094673902901,919.548315547751,61.007532139980405,7.416635187327074,2.7778715503879465,14.582604538231896,19.31945020870456,5834667.8,,0.0,0.0,0
2018-04-20,938.0,941.849976,921.200012,927.900024,913.803589,3349519.0,923.2942823055007,919.8758335262834,53.14252835746259,6.821534578759383,3.5866041560622337,15.048131071215328,19.108434926913546,5665780.7,,0.0,0.0,1
2018-04-23,930.0,944.349976,928.5,936.0,921.780518,3508515.0,924.5043506573577,920.5081537801784,56.53678252896036,6.923701309040894,4.254023586657966,15.148261137557085,19.54219212864571,5335358.2,,0.0,0.0,1
2018-04-24,935.799988,975.700012,935.0,970.049988,955.313293,9107264.0,928.842030404276,922.450970808477,67.26999069968993,9.641082248047383,5.331435318935849,16.973386199160153,22.051141539331095,5254236.7,,0.0,0.0,1
2018-04-25,973.650024,981.799988,963.549988,970.5,955.75647,6436620.0,932.8094560800592,924.335246463112,67.38462691656582,11.696112918231393,6.604370838794958,17.064572899220142,24.1395692180682,5273704.6,,0.0,0.0,1
2018-04-26,973.0,988.0,962.25,975.349976,960.532776,15588001.0,936.8609341676726,926.3358240920762,68.6586959421777,13.559783318879909,7.995453334811948,17.684960549275846,25.942835790236813,5706125.8,2018-04-26,0.3818,1.0,1
2018-04-27,989.799988,1011.0,985.5,996.299988,981.16449,11666267.0,942.5217964374181,929.0795167944357,73.47820584295232,16.536622529429224,9.703687173735403,18.968179367184717,27.844220776826624,5851459.85,,0.0,0.0,0
2018-04-30,982.0,992.599976,960.0,963.299988,948.665771,8871802.0,944.5006718243307,930.4214960574402,58.27646398079064,16.047973790920423,10.972544497172407,20.20616569810009,26.83923186057118,6009446.7,,0.0,0.0,1
2018-05-02,967.0,979.200012,965.049988,972.700012,957.923035,6117761.0,947.1863232696323,932.0794770748446,60.76642419788853,16.232105909856045,12.024456779709135,19.898584148235802,26.404109755575135,5997098.35,2018-05-02,0.3818,1.0,0
2018-05-03,977.900024,977.900024,959.25,961.599976,946.991577,3947546.0,948.559052101096,933.2371436993935,56.480083026590776,15.305914744807069,12.680748372728722,19.809401280504677,24.417501454645137,5869555.3,,0.0,0.0,0
2018-05-04,962.849976,964.700012,950.0,953.950012,939.457825,3795692.0,949.0724768533726,934.0494130445376,53.67027552888926,13.79558647880242,12.903715993943463,19.444444903325774,22.957125812174755,5864406.1,,0.0,0.0,1
2018-05-07,958.849976,973.25,956.349976,971.0,956.248779,3512532.0,951.1608123911466,935.49845567028,58.61226961612239,13.815179199410522,13.086008635036876,19.43412655308822,21.960926465890125,5819109.6,,0.0,0.0,0
2018-05-08,977.5,982.0,965.200012,967.099976,952.40802,4934036.0,952.6788279729421,936.7377309773592,57.11156758577713,13.361978656303904,13.141202639290283,19.245973799296202,20.789199963549844,5887198.85,,0.0,0.0,1
2018-05-09,965.900024,984.299988,962.25,976.700012,961.862244,4494423.0,954.9665597850427,938.304879252795,59.83751088264979,13.620448582288077,13.237051827889843,19.4462605279179,19.742561069219132,5918649.9,,0.0,0.0,1
2018-05-10,980.0,984.599976,974.25,981.150024,966.244629,4014645.0,957.4602230436101,939.9850810076264,61.07261860963825,14.022721435041717,13.394185749320219,18.796525918780905,19.69153975416256,5819005.2,,0.0,0.0,1
2018-05-11,981.25,991.299988,977.75,989.25,974.221619,4011516.0,960.4878208489805,941.9170386152136,63.28584090593335,14.824241311871106,13.680196861830398,18.421773210296553,19.662996606457117,5772194.75,,0.0,0.0,0
2018-05-14,991.950012,991.950012,976.700012,986.599976,971.611816,2579561.0,962.9746927681251,943.6693106695567,62.04300601643005,15.071877576488077,13.958533004761934,18.195217980989657,19.77340079655836,5612773.6,2018-05-14,0.0,0.0,0
2018-05-15,983.049988,1000.0,976.650024,978.950012,964.078064,4800923.0,964.4961517425893,945.0528675845047,58.47309624139888,14.483881765843535,14.063602756978256,18.563414982347535,19.080963454607843,5648597.25,,0.0,0.0,0
2018-05-16,974.0,974.0,952.450012,956.150024,941.62439,8613363.0,963.7012824337713,945.4880501890425,49.357634784050454,12.039340344217749,13.658750274426156,19.130313912179854,18.57381965853266,5859829.75,,0.0,0.0,0
2018-05-17,959.349976,960.0,941.5,945.349976,930.988464,4733477.0,961.9535389638884,945.4826355149623,45.721664297914785,9.125358588309041,12.752071937202734,19.085291489881293,18.061672704152596,5928243.8,,0.0,0.0,0
2018-05-18,945.599976,953.5,932.0,933.849976,919.663147,5230037.0,959.2770091578037,945.0264527888771,42.16022333158956,5.820952841220333,11.365848118006255,19.257770669175482,18.734261742799994,5965675.0,,0.0,0.0,0
2018-05-21,930.75,935.700012,922.099976,931.349976,917.201111,6624893.0,956.6172917142034,944.4901203657745,41.40515716855927,2.966265115253691,9.685931517455744,18.85364676423438,18.380561560298666,6129443.7,,0.0,0.0,0
2018-05-22,933.150024,934.0,925.0,926.75,912.671082,5170585.0,953.7727877414221,943.7944293710266,39.986126814914485,0.32893316909462555,7.814531847783521,18.14981485250335,19.266483164821484,6212547.2,,0.0,0.0,0
2018-05-23,926.0,926.0,909.150024,912.25,898.391357,4567562.0,949.8182365279533,942.5573929250838,35.81890452870324,-2.8977962265466886,5.672066232917479,18.11054064875311,22.581686401579795,5985562.1,,0.0,0.0,1
2018-05-24,914.0,921.0,910.150024,915.849976,901.936584,5317983.0,946.5831640967197,941.510043241731,37.558806617008116,-5.105659676390587,3.516521051055866,17.591928888127885,24.764609045982564,5929630.25,,0.0,0.0,1
2018-05-25,916.0,923.400024,914.450012,920.799988,906.811401,8129520.0,944.1276235160798,940.6978842126313,39.968640957793454,-6.382410314571416,1.53673477793041,16.974649110404467,25.93526082957792,5556706.2,,0.0,0.0,0
2018-05-28,924.900024,927.0,918.099976,920.400024,906.417603,5197835.0,941.867852133596,939.9018896944773,39.83486481290461,-7.341885460558501,-0.23898926976737234,16.397890173947008,25.43759750341303,5233284.6,,0.0,0.0,0
2018-05-29,921.5,928.0,914.400024,917.450012,903.512329,8173396.0,939.542343549444,939.0214239025249,38.80325603836364,-8.245271384502075,-1.840245692714313,16.19803916152222,26.527156646258277,5198364.3,,0.0,0.0,0
2018-05-30,914.849976,923.200012,906.599976,916.099976,902.182861,5991222.0,937.3097371161637,938.1225435926101,38.31424551184513,-8.966784351870956,-3.265553424545642,16.226753221413496,27.09877199688842,5192037.35,2018-05-30,-0.34,-1.0,1
2018-05-31,921.0,922.299988,914.549988,921.349976,907.353027,16951801.0,935.7897598670052,937.4647958438719,41.40665480073077,-9.011083293805427,-4.414659398397599,15.62127084845539,27.53681879721988,5842250.1,,0.0,0.0,1
2018-06-01,920.0,935.75,918.450012,930.549988,916.413269,8765835.0,935.2907339749096,937.1936269088146,46.47091148748382,-8.209195942969927,-5.173566707312065,15.741179216422863,27.683238642360052,6090757.25,,0.0,0.0,1
2018-06-04,933.400024,944.0,930.549988,940.849976,926.556824,5600357.0,935.8201855963467,937.3370131476864,51.52263350103812,-6.665733067609267,-5.471999979371505,15.577524415249801,27.002414859423176,6195148.5,,0.0,0.0,1
2018-06-05,942.799988,955.0,941.0,947.650024,933.25354,7971524.0,936.9468368728852,937.741444945821,54.57083908395748,-4.838050540558925,-5.3452100916089895,15.475560099874818,26.450044578559652,6347022.9,,0.0,0.0,1
2018-06-06,947.0,956.0,942.650024,954.400024,939.901062,4189483.0,938.6090451707057,938.3947225557959,57.432139979756435,-2.8125095231768,-4.838669977922551,15.323732664169471,25.379382324789145,6331775.9,,0.0,0.0,1
2018-06-07,954.900024,976.0,954.450012,971.349976,956.593506,6857300.0,941.7272290592099,939.6870854359743,63.62731475573752,0.1586371260333408,-3.839208557131373,15.772035759585934,24.654829172318674,6473908.65,,0.0,0.0,1
2018-06-08,966.349976,986.549988,960.599976,984.349976,969.395996,6532599.0,945.786538291666,941.4385713404636,67.53040168695144,3.5216877813855945,-2.36702928942798,16.499034062472653,24.16822758874743,6599962.8,,0.0,0.0,0
2018-06-11,987.099976,999.950012,979.049988,982.650024,967.721863,6866053.0,949.2973464543645,943.0547067388923,66.52510005849425,5.9808146278138565,-0.6974605059796126,16.81339048658175,23.78580523475574,6814287.4,,0.0,0.0,1
2018-06-12,983.400024,1000.0,980.299988,997.150024,982.001587,7445221.0,953.8547443158536,945.1760917295435,70.55198405918975,8.996018685524746,1.241235332321259,17.019577737540196,25.615268918782643,6946502.3,,0.0,0.0,1
2018-06-13,1000.0,1005.900024,989.5,1002.5,987.270325,5926020.0,958.4876258095819,947.4240881323266,71.89535647929743,11.6826180277709,3.3295118714111878,16.97532389914447,28.911314665504694,6812135.15,,0.0,0.0,1
2018-06-14,997.450012,1011.799988,987.400024,1007.950012,992.637573,5484867.0,963.1983292562884,949.7976537742165,73.23484929755398,14.08912709616584,5.481434916362119,17.50565533491986,32.29583260859766,6849704.65,,0.0,0.0,1
2018-06-15,1006.0,1023.5,999.25,1014.200012,998.792603,11294702.0,968.055632374737,952.3232364497583,74.72270284417286,16.312584319595885,7.647664797008872,17.98739423956844,35.44696831045709,7152937.9,,0.0,0.0,1
2018-06-18,1008.799988,1020.450012,1007.0,1015.549988,1000.12207,5652374.0,972.5789043390479,954.8027169027284,75.0453828943281,17.976401206105493,9.713412078828197,17.663295508170698,37.9292148199137,7104311.95,,0.0,0.0,0
2018-06-19,1013.900024,1014.799988,993.650024,996.049988,980.918213,6346101.0,974.814245640091,956.4202569457709,62.61192840872678,17.51954661626428,11.274638986315413,17.965914686158502,38.374952881608785,7163087.75,,0.0,0.0,1
2018-06-20,996.0,1022.900024,994.849976,1019.25,1003.765808,7193824.0,979.0462222457967,958.8841684381116,69.15884423723318,18.812672363639194,12.78224566178017,18.686209922861472,39.04489558245281,7294400.85,,0.0,0.0,1
2018-06-21,1023.450012,1036.0,1021.299988,1031.949951,1016.272766,10509756.0,984.0846726033399,961.7494932444803,72.04465029263638,20.624517147324582,14.350699958889054,18.547909214085653,40.15245996184251,7553989.5,,0.0,0.0,0
2018-06-22,1028.400024,1029.199951,1008.450012,1012.5,997.118347,16169978.0,986.7908942601647,963.7397091956906,62.41276948803699,20.257453383575694,15.532050643826384,18.901625627365256,39.514234980833436,7956012.4,,0.0,0.0,0
2018-06-25,1011.400024,1016.5,1002.299988,1004.450012,989.190674,5197694.0,988.4727149972919,965.3361916586151,58.90277433054418,19.096849359173348,16.24501038689578,18.565796082553454,37.927802434455316,7956005.35,,0.0,0.0,0
2018-06-26,1006.0,1006.0,975.25,978.950012,964.078064,8068585.0,987.5657909023116,965.8700669661238,49.42128195089148,15.935728264736554,16.183153962463933,19.436096362371067,35.11379816043563,7950764.8,,0.0,0.0,0
2018-06-27,978.5,985.400024,962.700012,965.849976,956.987366,8958555.0,985.4976180544724,965.8692790850994,45.37997195586528,12.232445580893,15.393012286149748,19.66923319363028,31.848199688241028,8099131.45,,0.0,0.0,0
2018-06-28,962.0,968.5,940.299988,944.950012,936.279175,8581234.0,981.6359412873796,965.0489156699929,39.78965914869762,7.524378594053815,13.819285547730562,20.278574536942408,29.775525768179733,7680603.1,,0.0,0.0,1
2018-06-29,949.099976,975.5,949.0,972.450012,963.526794,7966401.0,980.7610908790577,965.3391547417596,48.73794304853759,5.943706412409938,12.244169720666438,21.012246927160806,27.083677012090167,7640631.4,,0.0,0.0,0
2018-07-02,972.349976,972.349976,957.0,960.599976,951.785522,6660916.0,978.8409847000999,965.153304595023,45.59350320480221,3.6922514733737444,10.5337860712079,20.614944432363608,25.623533671406356,7693659.35,,0.0,0.0,1
2018-07-03,965.0,978.450012,960.349976,971.299988,962.387329,5067261.0,978.1227945381856,965.3943510030625,48.80531610899332,2.7397763220105844,8.974984121368436,20.43530811576621,24.15554218370766,7548446.2,,0.0,0.0,1
2018-07-04,971.799988,992.0,971.0,990.099976,981.014832,5000724.0,979.2634784869298,966.3631990421629,53.94923716924684,3.4620267268171574,7.8723926424581805,20.47564325035434,22.70712106871746,7589008.25,,0.0,0.0,0
2018-07-05,997.0,1008.400024,958.599976,964.5,955.64978,18719353.0,977.857432916746,966.2901324130581,47.020927505310475,1.9462758049211288,6.6871692749507705,22.57024358961475,23.07110573575008,8182110.9,2018-07-05,0.0,0.0,1
2018-07-06,964.75,983.0,964.5,977.549988,968.580017,9161266.0,977.8281524484846,966.7316953772539,50.51003512552663,1.7775665663426707,5.70524873322915,22.27951190464227,23.221746218296826,8313544.25,,0.0,0.0,1
2018-07-09,987.099976,1000.0,983.5,997.099976,987.950623,5170189.0,979.6635642152955,967.922608342857,55.26332977982505,3.184672996899849,5.20113358596329,22.291690482882107,23.188685737521734,8228751.05,,0.0,0.0,1
2018-07-10,1002.75,1028.5,1000.0,1025.699951,1016.288147,10444513.0,984.047982004315,970.1883864862837,61.14297333424522,6.532293727428623,5.467365614256357,22.942285734104814,24.41753843229364,8378715.65,,0.0,0.0,1
2018-07-11,1025.0,1040.900024,1017.849976,1038.800049,1029.267944,8665072.0,989.2624645753326,972.879039918205,63.50872909207504,10.125653470977568,6.3990231856005995,22.949983038811617,26.45094211682641,8515668.25,,0.0,0.0,1
2018-07-12,1044.349976,1099.0,1042.599976,1082.349976,1072.418335,24109297.0,998.1279418538722,977.1720178037822,70.03928416252134,16.299639999729948,8.379146548426469,25.610695036039363,32.8915307176613,9446889.75,,0.0,0.0,1
2018-07-13,1080.5,1109.0,1080.0,1099.800049,1089.708252,17967282.0,1007.8109996773129,981.9809602036518,72.18712222499542,22.343086664709972,11.17193457168317,25.85278824775084,39.903912000226164,9780518.75,,0.0,0.0,0
2018-07-16,1099.800049,1108.900024,1073.050049,1076.199951,1066.324707,6595781.0,1014.3242331366165,985.6758225878353,65.36249104758127,24.940729804911143,13.925693618328765,26.566873015768643,43.123505821496295,9827689.1,,0.0,0.0,1
2018-07-17,1078.300049,1095.949951,1069.599976,1092.349976,1082.326538,6469256.0,1021.7552562664625,989.85912272166,67.61859555887415,27.980016540910356,16.73655820284508,26.551380300356605,47.19454644271951,9833846.85,,0.0,0.0,1
2018-07-18,1098.400024,1104.599976,1077.300049,1092.550049,1082.52478,4682099.0,1028.4976174791805,993.8862178698434,67.64671009878786,30.05832374956026,19.400911312188118,26.604847921759706,50.643424523259895,9708260.6,,0.0,0.0,1
2018-07-19,1093.300049,1115.0,1086.349976,1104.849976,1094.711792,5433617.0,1035.7692706716396,998.23773779653,69.40535995487205,32.325272876000554,21.985783624950606,26.7509319273483,54.48136817794145,9454453.65,,0.0,0.0,1
2018-07-20,1113.400024,1138.5,1111.900024,1128.650024,1118.293579,8018150.0,1044.615056702912,1003.3519450986423,72.5182597730346,35.631572768499154,24.714941453660316,27.243724218251995,59.83190229836186,9046862.25,,0.0,0.0,0
2018-07-23,1129.800049,1129.800049,1113.099976,1120.300049,1110.020142,5842496.0,1051.8231512073964,1007.9381452516501,69.83367740114045,37.149825986058204,27.201918360139896,26.490606274091135,63.39706393092797,9079102.35,,0.0,0.0,0
2018-07-24,1122.0,1126.75,1107.400024,1110.949951,1100.755859,4469144.0,1057.4542749971683,1011.9778239084594,66.84937793229929,37.17010401136986,29.195555490385892,25.980561254513194,64.74219361199714,8899130.3,2018-07-24,0.0,0.0,1
2018-07-25,1110.0,1123.0,1104.199951,1115.150024,1104.91748,5949680.0,1062.9491082355335,1016.0237925395111,67.5208190263442,37.097448982638525,30.775934188836423,25.467667522047964,64.85406317213227,8748686.55,,0.0,0.0,0
2018-07-26,1110.099976,1121.5,1107.800049,1110.650024,1100.45874,6424867.0,1067.492052594054,1019.7346251458142,65.9788996630783,36.25878821673632,31.872504994416406,24.627116341901687,62.155199791656564,8640868.2,,0.0,0.0,1
2018-07-27,1119.5,1137.400024,1112.150024,1129.849976,1119.482422,6679468.0,1073.4309024422394,1024.0528741989303,69.20970049906104,36.72013235494114,32.84203046652135,24.77875088890871,61.56865385911828,8576521.55,,0.0,0.0,1
2018-07-30,1130.0,1157.300049,1128.0,1151.400024,1140.834839,13872467.0,1080.856533066788,1029.0468800734939,72.380117837443,38.382213416441346,33.950067056505354,25.101700753986655,60.210511291046195,8937099.1,,0.0,0.0,1
2018-07-31,1151.0,1190.400024,1147.150024,1186.0,1175.11731,13875377.0,1090.8701965842367,1035.2019043843513,76.55435357047028,42.00712158238662,35.56147796168161,26.398007842987607,61.00800815419528,9377504.9,,0.0,0.0,1
2018-08-01,1190.400024,1202.900024,1185.400024,1192.349976,1181.408936,9704295.0,1100.534937480976,1041.3645738594885,77.23436450743439,44.874986503484706,37.424179670042236,25.762435854202778,62.11957230737807,9612683.45,,0.0,0.0,0
2018-08-02,1191.5,1191.5,1165.949951,1168.349976,1157.62915,6248975.0,1106.9935125780257,1046.3443935512837,69.07933266629101,44.69596344732531,38.87853642549885,25.80797793604543,56.98053595653031,8989164.55,,0.0,0.0,1
2018-08-03,1175.0,1183.5,1169.550049,1176.949951,1166.150269,6645397.0,1113.6560305229757,1051.4661801179104,70.28990234883322,44.732385401076726,40.049306220614426,25.046695512042188,51.61098161350809,8863371.1,,0.0,0.0,1
2018-08-06,1176.699951,1196.0,1175.349976,1192.599976,1181.656616,4016418.0,1121.1745015207873,1057.000838779964,72.40700677210066,45.499585388761716,41.13936205424389,24.73264754689632,47.445059397097175,8805682.55,,0.0,0.0,0
2018-08-07,1194.900024,1201.400024,1177.0,1184.199951,1173.33374,4059450.0,1127.1769252807123,1061.9890392591903,69.54257049018635,44.91206674220416,41.893902991835944,24.708888722118015,44.015088723185244,8486429.4,,0.0,0.0,1
2018-08-08,1185.0,1222.5,1185.0,1217.699951,1206.526367,7912437.0,1135.7981658254066,1068.0953495235467,73.96590660936346,46.6123063582379,42.83758366511634,25.67968588482387,43.164555456462395,8448797.65,,0.0,0.0,1
2018-08-09,1221.5,1231.699951,1212.0,1217.949951,1206.774048,6846928.0,1143.6221453658443,1073.972000561849,73.9962575695189,47.43315156899689,43.756697245892454,25.25256196447931,44.80337756195791,7585679.2,,0.0,0.0,0
2018-08-10,1211.0,1215.0,1202.300049,1204.199951,1193.150269,3581210.0,1149.391460188145,1079.0789790104125,69.21669442193306,46.438849080913315,44.293127612896626,24.56665768130222,45.527245491825134,6866375.6,,0.0,0.0,0
2018-08-13,1197.550049,1199.949951,1182.699951,1187.699951,1176.801514,4668159.0,1153.0398878845122,1083.338624970795,63.884115813299964,43.81438019046686,44.197378128410676,24.347610704066348,42.94054727137299,6769994.5,,0.0,0.0,1
2018-08-14,1190.0,1217.199951,1184.300049,1210.599976,1199.491577,5299536.0,1158.521801038368,1088.3292661876344,67.61342298343686,43.08564581543965,43.97503166581647,24.958488653775902,42.10389784622418,6711508.5,,0.0,0.0,0
2018-08-16,1203.25,1216.0,1195.5,1200.800049,1189.781494,5982490.0,1162.5483008442377,1092.739885121459,64.54197123235716,41.24193501089735,43.42841233483265,24.640025178506196,39.85456486321325,6776528.05,,0.0,0.0,1
2018-08-17,1209.0,1215.400024,1200.050049,1203.75,1192.704468,3830992.0,1166.4722721924056,1097.0932229598395,65.05655156225951,39.56276240892407,42.65528234965094,23.976450165755757,38.018729258793584,6696396.8,,0.0,0.0,1
2018-08-20,1207.900024,1236.800049,1207.650024,1234.900024,1223.568604,7607036.0,1172.989200935986,1102.4974112359316,70.00643476793478,40.28121584716246,42.180469049153245,24.62456436820177,39.26527965930189,6675841.1,,0.0,0.0,1
2018-08-21,1237.25,1251.5,1227.0,1247.199951,1235.755615,7279641.0,1180.0568914182732,1108.1720206384516,71.71048918515149,41.3662522805721,42.01762569543702,24.615666913330216,40.066768386753665,6747698.35,,0.0,0.0,1
2018-08-23,1246.300049,1274.0,1238.400024,1269.449951,1257.801392,7968123.0,1188.5705161403423,1114.4966453585203,74.52954827771629,43.519870542866784,42.318074664922975,25.40026041952091,40.90640017749609,6922647.3,,0.0,0.0,1
2018-08-24,1265.25,1279.949951,1260.050049,1277.5,1265.77771,6652005.0,1197.039990793643,1120.8889337758408,75.48152301470859,45.3533945085635,42.92513863365109,25.007377675269424,41.35901098534457,6957763.55,,0.0,0.0,1
2018-08-27,1279.400024,1295.849976,1278.75,1291.5,1279.649292,5572177.0,1206.0361821466295,1127.5795638238549,77.0855525494483,47.38987745025088,43.81808639697105,24.531848984178747,40.977235391928446,6915129.05,,0.0,0.0,1
2018-08-28,1296.0,1323.0,1295.0,1319.0,1306.896851,8694751.0,1216.7946409898077,1135.0862475954768,79.87119969394475,50.639089128778096,45.18228694333246,25.029574056737406,43.897553218368394,7015893.2,,0.0,0.0,0
2018-08-29,1316.300049,1329.0,1290.199951,1294.199951,1282.324341,11077203.0,1224.1665752764927,1141.3260006701705,71.43699007155573,50.62933267031622,46.27169608872921,26.013179409827586,44.32775687313941,6876130.0,,0.0,0.0,0
2018-08-30,1293.599976,1297.150024,1270.449951,1274.449951,1262.755615,9850042.0,1228.9554682025412,1146.5465477419339,65.50465602648707,48.46921769379696,46.711200409742766,26.06224323769704,44.76341434456096,6674863.25,,0.0,0.0,0
2018-08-31,1270.0,1270.0,1236.599976,1241.650024,1230.256592,15305857.0,1230.1644735165848,1150.276095830489,57.033835346514934,43.60794576981425,46.090549481757066,26.904224077861546,44.03288437582843,6954941.35,,0.0,0.0,0
2018-09-03,1245.0,1257.900024,1226.050049,1229.150024,1217.871338,12200022.0,1230.0678592769102,1153.3691910528257,54.159422395382634,38.305149296382524,44.533469444682154,27.257492000871444,41.52684527265946,7252493.7,2018-09-03,0.1909,0.5,1
2018-09-04,1235.150024,1254.800049,1229.0,1241.949951,1230.553833,8838770.0,1231.1994870600618,1156.842946344875,56.57298582676728,34.73508755456123,42.57379306665797,27.153388929380622,39.33119829573402,7362162.35,,0.0,0.0,0
2018-09-05,1242.5,1252.650024,1208.5,1227.0,1215.741089,10324923.0,1230.7995359114846,1159.5942033509607,53.05911647853688,30.34960049695701,40.12895455271778,28.367434291567722,38.01650835861282,7677587.6,,0.0,0.0,1
2018-09-06,1230.150024,1265.699951,1225.349976,1261.400024,1249.825439,11195043.0,1233.7138681103909,1163.5865884744558,59.32031844838167,29.311974654139476,37.96555857300212,29.223330056455747,36.055751757101575,8034367.25,,0.0,0.0,1
2018-09-07,1264.900024,1281.349976,1254.5,1278.599976,1266.867554,10692787.0,1237.9887355284488,1168.0969173970298,62.046246324842194,29.5370562798048,36.27985811436266,29.053804766708907,36.41180410746589,8173384.75,,0.0,0.0,0
2018-09-10,1275.0,1277.0,1250.099976,1255.849976,1244.326294,7059008.0,1239.689806049549,1171.5382138128352,56.63996498879829,27.561982838034965,34.53628305909712,29.01424728337256,35.876753144820114,8183988.75,,0.0,0.0,0
2018-09-11,1259.0,1268.400024,1234.25,1237.699951,1226.342773,10874768.0,1239.50029604483,1174.1327917417455,52.69508539615995,24.252598713137786,32.47954618990526,29.381088477417375,34.5023832354359,8548666.65,,0.0,0.0,1
2018-09-12,1251.800049,1258.699951,1228.849976,1252.5,1241.00708,8065553.0,1240.7383630881795,1177.2060155950126,55.4215883654983,22.564024191202407,30.49644179016469,29.41458037188757,31.316961885430597,8718536.35,,0.0,0.0,1
2018-09-14,1259.400024,1275.599976,1247.650024,1253.150024,1241.651123,7878583.0,1241.9204260321626,1180.1842120030533,55.54278564764035,21.03578083423122,28.604309598977995,29.309964059609882,29.728767583049684,8847488.7,,0.0,0.0,0
2018-09-17,1250.75,1250.75,1221.599976,1225.900024,1214.651245,6754086.0,1240.394673457671,1181.976988944111,49.470696815530694,17.424926000886444,26.368432879359684,29.46997005535204,27.80637915181984,8886068.5,,0.0,0.0,0
2018-09-18,1226.0,1239.400024,1214.349976,1217.150024,1205.981445,7616412.0,1238.1808973188452,1183.3563236521861,47.66863611673547,13.699328328027605,23.83461196909327,29.15426133711261,26.621388398687294,9075339.5,,0.0,0.0,0
2018-09-19,1224.0,1224.0,1201.0,1210.75,1199.640137,11265786.0,1235.5684309075266,1184.4305854697482,46.33901942051227,10.113751845553907,21.0904399443854,28.71467124160457,28.156604366247567,9258277.0,2018-09-19,-0.5859,-1.0,1
2018-09-21,1219.0,1237.400024,1183.5,1217.5,1206.328247,19070172.0,1233.8476279639526,1185.727425255249,47.986854360293485,7.727744608908779,18.417900877290073,30.51362501006139,29.36374938659271,9847803.55,,0.0,0.0,1
2018-09-24,1214.449951,1239.900024,1204.5,1232.050049,1220.744751,10102589.0,1233.6764299673857,1187.5439987354364,51.44790864269361,6.930987923686189,16.120518286569297,30.86265350934272,29.506356131273048,9954526.85,,0.0,0.0,0
2018-09-25,1235.5,1245.0,1195.0,1230.599976,1219.307983,9715020.0,1233.3834343514443,1189.232468432087,51.083085394961465,6.112087399096708,14.11883210907478,32.229606830103954,29.231095252627203,10107677.6,,0.0,0.0,1
2018-09-26,1239.0,1253.949951,1227.150024,1251.400024,1239.917114,6396828.0,1235.0993000322592,1191.6704117876925,55.912449044096945,7.060108339670933,12.707087355194012,31.841772556525104,27.531906414449196,10148910.15,,0.0,0.0,1
2018-09-27,1255.0,1263.0,1237.5,1253.75,1242.245605,10808749.0,1236.875557172044,1194.1049054430785,56.43574206925325,7.90986518667728,11.747642921490666,31.388788802487596,21.919433023894218,10254610.05,2018-09-27,0.4767,1.0,1
2018-09-28,1259.900024,1271.699951,1247.300049,1257.949951,1246.407104,11073023.0,1238.882642298516,1196.6086327198216,57.408746621908904,8.820527010552041,11.162219739302941,30.889582602309922,18.86506040878585,10254401.05,,0.0,0.0,0
2018-10-01,1257.699951,1257.699951,1204.0,1231.699951,1220.397827,7332693.0,1238.1985764605622,1197.9847628484565,49.90619821340616,7.339472576145454,10.397670306671444,32.5367517735735,17.42398026434074,10128533.6,,0.0,0.0,0
2018-10-03,1229.5,1239.599976,1200.050049,1205.099976,1194.041992,7376575.0,1235.0463287976515,1198.263790815184,43.67715068987801,3.9735262520246124,9.112841495742078,33.037692861175394,19.118665201845857,9732069.5,,0.0,0.0,0
2018-10-04,1189.5,1190.400024,1106.0,1122.25,1111.952271,23212443.0,1224.3038212931133,1195.282857842038,30.787577914914067,-5.318008426440429,6.226671511305577,37.75642737109143,32.29184022693349,10282690.55,,0.0,0.0,0
2018-10-05,1099.5,1115.300049,1038.150024,1048.849976,1039.225708,21943190.0,1207.5939312651976,1189.540391887446,24.02349512781977,-18.392369323512185,1.3028633443420246,41.066680844584894,52.24502533502337,10937911.55,2018-10-05,0.0,0.0,1
2018-10-08,1050.0,1117.0,1025.550049,1109.400024,1099.220215,24679428.0,1198.2421305732742,1186.3976323624468,36.43093519421728,-23.59601156112103,-3.676911636750587,44.66548585568598,58.124141384982856,11655636.8,,0.0,0.0,0
2018-10-09,1121.650024,1123.300049,1081.199951,1090.050049,1080.047729,10991196.0,1187.938122804391,1182.6192957599965,34.49238648156191,-28.947626572796025,-8.731054623959675,44.482243865994114,63.70117969753687,11645444.45,,0.0,0.0,1
2018-10-10,1093.900024,1115.849976,1084.300049,1102.099976,1091.987183,9502176.0,1179.763061203973,1179.4616753772505,36.74952835702867,-31.849352116726095,-13.35471412251296,43.55850694699454,65.76018660711514,11585913.9,,0.0,0.0,0
2018-10-11,1064.0,1114.75,1043.0,1087.800049,1077.818359,13224172.0,1171.0046790893089,1175.8671017938277,35.1995067725629,-34.90056314838944,-17.663883927688257,45.57218502220922,68.94582107536215,11894172.1,,0.0,0.0,1
2018-10-12,1104.949951,1129.0,1101.900024,1126.550049,1116.212769,9058536.0,1166.7709047950889,1173.9330997234808,42.30139538173179,-33.80221779543763,-20.89155070123813,45.259882592051426,69.5354412473919,11803360.5,,0.0,0.0,1
2018-10-15,1129.900024,1146.900024,1118.150024,1139.75,1129.291626,8871776.0,1164.1974852907947,1172.5925860088341,44.531509996180674,-31.503492806139775,-23.01393912221846,44.08060526404775,68.45007687146128,11843671.65,,0.0,0.0,1
2018-10-16,1146.0,1167.400024,1140.0,1163.800049,1153.121094,7478601.0,1164.1596342154808,1172.2477806359386,48.44162410659168,-27.424960853771154,-23.896143468529,42.906992316615764,66.35552023827151,11823672.55,,0.0,0.0,0
2018-10-17,1179.0,1179.349976,1140.0,1151.300049,1140.735718,12785646.0,1162.9349118140062,1171.4263009639408,46.602825900433025,-24.914145667684352,-24.09974390836007,42.652919722571774,65.50720680001669,12125250.55,,0.0,0.0,0
2018-10-19,1100.0,1111.0,1070.25,1101.300049,1091.194458,25421229.0,1157.0649248793388,1168.676251867315,40.05344917967159,-26.651664873255186,-24.610128101339093,45.39557181381664,66.46531396506123,13015491.4,,0.0,0.0,0
2018-10-22,1110.0,1114.800049,1057.349976,1062.650024,1052.89917,13165542.0,1148.073029557497,1164.5183605783996,35.858347864892465,-30.79243929501854,-25.846590340074982,46.25660761282973,69.48066695424932,13110479.2,,0.0,0.0,0
2018-10-23,1052.75,1064.699951,1043.650024,1054.699951,1045.021973,10573730.0,1139.180355409164,1160.2117562812061,35.04525934048945,-34.31991864773886,-27.54125600160776,44.45613042619904,71.80016037878552,12685657.1,2018-10-23,0.4019,1.0,0
2018-10-24,1074.900024,1075.949951,1031.400024,1045.75,1036.154175,13655337.0,1130.282226322577,1155.7230599564518,34.10762551540621,-37.40645931841459,-29.51429666496913,44.462830181470544,72.8299710361853,12863294.5,,0.0,0.0,0
2018-10-25,1036.0,1040.650024,1016.400024,1030.800049,1021.341492,14096237.0,1120.8077332442363,1150.8241183503153,32.54143536587948,-40.59099343568573,-31.729636019112455,43.38334059707979,73.71153920823839,13082355.35,,0.0,0.0,1
2018-10-26,1032.900024,1057.0,1022.0,1044.900024,1035.312134,9182613.0,1113.578427601928,1146.6702322973608,35.547484870624004,-41.49863904396716,-33.6834366240834,42.78453055443123,70.47559427202458,13221644.6,2018-10-26,-0.2732,-1.0,1
2018-10-29,1046.0,1093.849976,1046.0,1087.800049,1077.818359,7671807.0,1111.123343925554,1144.3615976582482,43.75920879476089,-38.31461421804556,-34.60967214287584,43.22491780054328,63.51357263065349,13064797.5,,0.0,0.0,0
2018-10-30,1085.5,1085.5,1052.099976,1057.0,1047.301025,8806701.0,1105.9687397421678,1140.9356526520417,39.83511736942744,-37.84035805849976,-35.25580932600062,42.68742888621876,54.696485128990965,12951481.4,,0.0,0.0,1
2018-10-31,1059.0,1065.849976,1047.0,1061.25,1051.511963,16457691.0,1101.7098121476756,1137.810725097059,40.62631659703775,-36.69852935163635,-35.54435333112777,40.98475368006028,46.2428627724769,13407731.3,,0.0,0.0,0
2018-11-01,1067.900024,1067.900024,1050.0,1056.25,1046.557861,9396027.0,1097.3803062288493,1134.6122652893305,39.96052286753583,-35.78457775108336,-35.59239821511889,39.33584441719883,38.93225251344473,13508703.9,,0.0,0.0,1
2018-11-02,1067.0,1081.0,1063.150024,1074.900024,1065.036743,16796200.0,1095.239326968959,1132.2706087681797,43.6688252032196,-33.17296614664929,-35.108511801424974,38.293998387398915,38.1206925539249,13187891.75,2018-11-02,0.0,0.0,1
2018-11-05,1073.449951,1092.699951,1065.0,1090.300049,1080.29541,7582518.0,1094.7689195433438,1130.624704463545,46.60169266949483,-29.520300175692228,-33.99086947627843,37.53728071687043,37.1758025245732,12469858.15,,0.0,0.0,1
2018-11-06,1094.0,1112.0,1091.599976,1104.099976,1093.96875,8634266.0,1095.6575915868348,1129.584519033602,49.156281346275144,-25.22126228761249,-32.23694803854524,36.406042879951116,37.02569157116469,11667600.05,,0.0,0.0,1
2018-11-07,1115.0,1115.0,1106.699951,1110.699951,1100.508179,1283997.0,1097.0901972452316,1128.8439477381664,50.37895233231357,-21.039154685412086,-29.99738936791861,34.58418438852603,37.41133354090001,11182240.1,,0.0,0.0,0
2018-11-09,1106.25,1113.800049,1085.0,1093.449951,1083.416504,10840462.0,1096.7435071266382,1127.4559478660813,47.18514243548403,-18.898880584709104,-27.77768761127671,34.17103186077417,37.285704840961365,11249154.4,,0.0,0.0,0
2018-11-12,1097.699951,1098.800049,1074.550049,1080.0,1070.089966,5801720.0,1095.1488874002916,1125.5949303027053,44.800313305408174,-18.079586362395276,-25.838067361500425,33.46238672786173,37.3204537266676,10878031.8,,0.0,0.0,1
2018-11-13,1074.0,1103.0,1070.050049,1099.449951,1089.36145,6811598.0,1095.5585125050259,1124.5696369967166,48.828096301787944,-15.680090964714736,-23.80647208214329,33.425784175871605,36.281161802927784,10765684.9,,0.0,0.0,0
2018-11-14,1105.050049,1112.650024,1085.5,1097.949951,1087.875244,7787530.0,1095.7862685521663,1123.5257277419432,48.533970782699576,-13.741112052403878,-21.793400076195407,32.97751559188078,34.132355015927,10711472.6,,0.0,0.0,0
2018-11-15,1096.949951,1103.0,1086.5,1096.849976,1086.7854,6831740.0,1095.8875740233887,1122.4796198304944,48.30418460099851,-12.15312245384257,-19.865344551724842,31.800550192460726,28.6818279010521,10679129.55,,0.0,0.0,1
2018-11-16,1097.949951,1129.949951,1097.099976,1127.400024,1117.054932,11031889.0,1098.888759735447,1122.6725768567494,54.71671936436805,-8.333433070880119,-17.558962255555898,31.893366250142112,25.92311361667122,10591441.7,,0.0,0.0,1
2018-11-19,1132.900024,1151.699951,1131.0,1150.0,1139.447632,7308981.0,1103.7564969034995,1123.7442405094262,58.78926079929339,-3.4429839523668306,-14.735766594918084,31.35097773227482,30.09235531346228,9685829.3,,0.0,0.0,0
2018-11-20,1145.0,1155.900024,1130.0,1137.400024,1126.963257,5719901.0,1106.9606423412615,1124.279761430625,55.77741695888417,-0.5773255039318883,-11.904078376720845,30.96162389425519,32.219612737938334,9313547.25,,0.0,0.0,0
2018-11-21,1137.5,1145.5,1107.050049,1112.900024,1102.68811,7507812.0,1107.526297737332,1123.8334972176592,50.37339929620169,-0.2799882522642747,-9.579260351829532,31.496504401808398,31.961648633187153,9160251.35,,0.0,0.0,0
2018-11-22,1114.5,1125.349976,1100.099976,1102.849976,1092.730225,5792568.0,1107.080933762348,1123.010614032653,48.305900437793014,-0.8455541975133656,-7.8325191209663,31.050325515964943,30.510295910643546,8767112.9,,0.0,0.0,1
2018-11-26,1109.0,1117.5,1097.400024,1109.75,1099.566895,6386556.0,1107.3351305468864,1122.490589952941,49.82844063562892,-0.7285962093465059,-6.411734538642341,30.268157693396013,27.272663077577512,8381628.85,,0.0,0.0,1
2018-11-27,1107.900024,1130.0,1105.449951,1128.199951,1117.847656,6810228.0,1109.3222563043257,1122.7144864645904,53.75091602335685,0.8431315957338938,-4.960761311767095,29.85972135815344,25.564608056193837,8263009.6,,0.0,0.0,1
2018-11-28,1132.449951,1157.75,1126.300049,1152.650024,1142.073364,8003964.0,1113.4487103705803,1123.8884291130378,58.39324679333283,4.015367105745781,-3.1655356282645193,29.973309189713913,28.069249910381227,8279617.45,,0.0,0.0,1
2018-11-29,1161.0,1179.900024,1160.0,1168.5,1157.777832,12636169.0,1118.691690335287,1125.637902481154,61.11792672056089,7.719363187883346,-0.9885558650349466,29.778787104734345,29.654199729458227,8471090.85,2018-11-29,0.296,1.0,0
2018-11-30,1172.300049,1186.0,1162.300049,1167.550049,1156.83667,10717448.0,1123.3448673509738,1127.2815160701286,60.860682419741025,10.457604902516778,1.300676288475398,29.344584525824754,30.39950361766275,8184078.7,,0.0,0.0,0
2018-12-03,1174.900024,1174.900024,1148.5,1156.449951,1145.838379,5569578.0,1126.497732460405,1128.4253762634569,57.799350640194625,11.598298087457351,3.360200648271789,29.13425877398013,28.75694773194856,7992756.25,,0.0,0.0,0
2018-12-04,1158.0,1158.0,1142.199951,1152.300049,1141.726563,5192825.0,1128.9550959403662,1129.3616379393998,56.65203009495089,12.028782923664721,5.0939171033503765,28.181815218695828,27.835208859842098,7412587.5,,0.0,0.0,1
2018-12-05,1143.75,1158.800049,1139.300049,1155.150024,1144.550415,5819618.0,1131.4498509936645,1130.3729471966783,57.27920550865831,12.456325653756949,6.566398813431691,27.56168556021755,27.732791224186943,7324442.5,,0.0,0.0,0
2018-12-06,1149.0,1149.0,1118.25,1123.650024,1113.339355,5866108.0,1130.7070103276012,1130.1093031497496,48.86402086852866,10.136522087262392,7.2804234681978315,28.228709734487726,27.29170874462084,7186034.6,,0.0,0.0,1
2018-12-07,1129.449951,1136.949951,1108.349976,1133.800049,1123.39624,7214078.0,1131.0015854392582,1130.2540382811321,51.3445231928244,9.013184853258963,7.626975745210058,28.255228682024324,27.09117373899668,7482538.65,,0.0,0.0,0
2018-12-10,1110.0,1114.300049,1083.099976,1090.25,1080.24585,9381544.0,1127.1204820640908,1128.6852524661856,41.94334394170746,4.5562849935326994,7.012837594874586,29.858431847594012,27.310251490570593,7409592.75,,0.0,0.0,1
2018-12-11,1066.0,1102.099976,1055.0,1097.550049,1087.478882,13494665.0,1124.3042503437011,1127.4642640949626,43.800889444172746,1.5948284995190534,5.92923577580348,31.089970715623007,25.964240032219127,7794240.0,,0.0,0.0,1
2018-12-12,1099.0,1113.5,1087.75,1110.5,1100.310059,12605431.0,1122.989559834777,1126.7989988363365,47.03814977413623,0.28946889310350343,4.801282399263485,30.708544235935648,25.436266962222028,8083931.65,,0.0,0.0,0
2018-12-13,1128.0,1128.0,1095.050049,1107.050049,1096.891724,9297518.0,1121.471511183846,1126.0245302153037,46.27341780437289,-1.0117573044369692,3.6386744585233943,30.868644719083104,24.93594164548458,8159431.05,,0.0,0.0,1
2018-12-14,1103.099976,1114.900024,1091.800049,1112.199951,1101.994385,7221324.0,1120.588505452051,1125.4823898539191,47.64182158593972,-1.6088881281004888,2.5891619411986175,30.313739739148605,24.115846967939692,8178910.25,2018-12-14,0.0,0.0,1
2018-12-17,1115.949951,1133.0,1111.5,1129.900024,1119.532104,5064357.0,1121.4753167423319,1125.6556304086673,52.15253050183755,-0.6464191252373439,1.9420457279114254,29.684186900637993,24.109203298566552,7880533.65,,0.0,0.0,1
2018-12-18,1123.300049,1139.0,1120.5,1136.400024,1125.972534,5870928.0,1122.8967174335382,1126.0769791769549,53.72902306031249,0.6335371490881698,1.6803440121467745,28.885316407735278,23.70168618232251,7808631.0,,0.0,0.0,1
2018-12-19,1141.5,1147.300049,1133.199951,1136.800049,1126.368774,7368799.0,1124.2208442493916,1126.4974917190352,53.829844466181164,1.6610429235702213,1.6764837944314641,27.829229378611323,23.691205335293613,7891075.9,,0.0,0.0,0
2018-12-20,1121.0,1132.5,1116.150024,1128.449951,1118.095337,5764731.0,1124.6236163208782,1126.5740587496612,51.31628915919971,1.7810348674113357,1.6973940090274384,27.316429065853363,23.380549638642346,7803921.85,,0.0,0.0,0
2018-12-21,1125.0,1131.25,1096.0,1100.199951,1090.104492,8281941.0,1122.297552956985,1125.5397800143803,43.85526240126487,-0.39881229758384507,1.278152747705182,27.883112704006695,23.549395694065375,7928390.5,,0.0,0.0,0
2018-12-24,1100.900024,1103.199951,1086.550049,1089.150024,1079.156006,4144535.0,1119.1406454372723,1124.1127307589143,41.324361469330945,-2.983600551667223,0.42580208783070106,27.080740510863368,24.887943769939525,7816289.45,,0.0,0.0,1
2018-12-26,1085.800049,1100.0,1065.650024,1098.349976,1088.271606,7210059.0,1117.1605816813417,1123.1024266507216,44.21112918052949,-4.240819103423064,-0.507522150420052,27.599971617230267,25.80612746860859,7836281.0,,0.0,0.0,1
2018-12-27,1107.199951,1127.0,1104.0,1120.199951,1109.921021,12478000.0,1117.450045425976,1122.9886040761835,50.446705693972895,-3.434473021711483,-1.0929123246783383,27.674975358856678,25.1428169760466,8059982.8,2018-12-27,0.0,0.0,1
2018-12-28,1125.5,1135.25,1121.199951,1125.550049,1115.222046,7666016.0,1118.2214743377879,1123.0890528967254,51.865377975457676,-2.3367926554506084,-1.3416883908327923,26.773194904652627,23.04312873481986,7811475.15,,0.0,0.0,0
2018-12-31,1130.949951,1133.849976,1116.199951,1121.25,1110.961426,7222817.0,1118.5099053532365,1123.0169331752852,50.611218691603675,-1.7931804066088262,-1.431986793987999,26.12153991146315,20.587317528611432,7636743.6,,0.0,0.0,0
2019-01-01,1125.25,1127.300049,1110.099976,1121.0,1110.713623,4455850.0,1118.7470572243567,1122.9378377566466,50.53470904301404,-1.3667812896344458,-1.4189456931172884,25.484292274930063,18.85071334549343,7581057.2,,0.0,0.0,0
2019-01-02,1114.5,1127.0,1101.0,1106.400024,1096.247681,7144970.0,1117.5711492982275,1122.2892960406996,46.14725941750407,-2.181802502379469,-1.5715170549697244,25.521128541006487,17.382217033211866,7678664.45,,0.0,0.0,0
2019-01-03,1107.5,1114.599976,1090.099976,1092.75,1082.7229,7446457.0,1115.207230317444,1121.1308922743976,42.43755989118096,-3.884378842822116,-2.0340894125402027,25.44819078807745,15.731883471278314,7760006.4,,0.0,0.0,1
2019-01-04,1097.400024,1104.449951,1081.099976,1098.650024,1088.568726,8465141.0,1113.6303535253066,1120.2492895969701,44.51382430130494,-4.703382564333424,-2.567948042898847,25.298318231786208,15.922675251324529,7889958.05,,0.0,0.0,1
2019-01-07,1107.0,1118.449951,1101.0,1104.75,1094.612793,5513559.0,1112.7846055705156,1119.6414743186576,46.656156425234805,-4.804844573331138,-3.0153273489853056,24.905576000944336,15.217489511918942,7804932.1,,0.0,0.0,0
2019-01-08,1105.099976,1109.949951,1096.0,1104.650024,1094.513794,5625153.0,1112.0098835161807,1119.0535743061612,46.62438275261336,-4.837556830257199,-3.3797732452396847,24.123031358019745,14.488970866475995,7617112.55,,0.0,0.0,1
2019-01-09,1112.0,1117.0,1098.699951,1110.75,1100.557861,5766805.0,1111.8898946098777,1118.7279439412137,48.91054365011618,-4.321449466535569,-3.568108489498862,23.707104046732614,14.086975301161749,7230719.55,,0.0,0.0,0
2019-01-10,1107.75,1111.0,1103.0,1107.5,1097.337524,4080283.0,1111.471809408937,1118.2876324141073,47.73737002981414,-4.12710381727743,-3.6799075550545757,22.585168043394567,14.12807881839208,6804462.15,,0.0,0.0,0
2019-01-11,1107.599976,1113.800049,1088.599976,1098.050049,1087.974365,6463903.0,1110.1935465128477,1117.4940016919854,44.402362949075524,-4.681648430339919,-3.8802557301116445,22.771946968866384,14.453653322139468,6662781.4,,0.0,0.0,0
2019-01-14,1095.0,1100.5,1086.400024,1096.800049,1086.73584,4111782.0,1108.9179753211479,1116.6824741354371,43.96483194962332,-5.162483686382075,-4.136701321365731,22.152520471090213,14.855333180419336,6507304.3,,0.0,0.0,1
2019-01-15,1105.0,1132.0,1105.0,1129.650024,1119.284302,10062875.0,1110.8924561477054,1117.191005502675,56.184078103271425,-2.8598639161998562,-3.881333840332556,23.084479794583775,14.839023360097887,6757230.2,,0.0,0.0,1
2019-01-16,1135.0,1145.0,1130.349976,1135.900024,1125.477051,6382777.0,1113.2741292764954,1117.92469250257,58.058045608473414,-0.5246505473539855,-3.2099971817368425,22.53201523782779,14.794981645279675,6782822.65,,0.0,0.0,0
2019-01-17,1144.449951,1147.900024,1130.0,1134.449951,1124.040161,7487963.0,1115.2908742025436,1118.5727418554104,57.44418368403061,1.1952361609710351,-2.328950513195267,22.20115872084009,14.590043085729224,6788780.85,,0.0,0.0,1
2019-01-18,1148.800049,1189.900024,1135.25,1184.349976,1173.482422,25684142.0,1121.867931516587,1121.1522412336296,69.42468130523987,6.509733597282775,-0.5612136910996586,24.57608116935151,21.69055024557238,7784751.4,,0.0,0.0,1
2019-01-21,1194.0,1239.949951,1188.650024,1237.699951,1226.342773,22038534.0,1132.8995524197692,1125.7227396558403,76.9093194033807,14.855167103256008,2.522062467771475,26.792073585826408,34.868346099185025,8472581.05,,0.0,0.0,0
2019-01-22,1232.849976,1246.949951,1219.599976,1235.150024,1223.816284,16552819.0,1142.6376925702673,1130.0140057085525,75.95230389382209,21.020909524138233,6.221831879044826,26.831923686838813,42.352919019863165,9092995.25,,0.0,0.0,0
2019-01-23,1233.300049,1244.199951,1222.0,1226.300049,1215.047607,8829502.0,1150.6055360397656,1133.7899289748839,72.57681344224372,24.90608396187622,9.958682295611105,26.501068494921757,47.014878879652585,9173967.4,,0.0,0.0,1
2019-01-24,1225.0,1253.199951,1220.099976,1247.449951,1236.003296,13155185.0,1159.8288136550261,1138.2471847405748,75.39151182881898,29.353365701279245,13.837618976744734,26.97241895957021,53.172134886450465,9207826.65,,0.0,0.0,0
2019-01-25,1250.449951,1264.699951,1235.400024,1246.0,1234.566772,8550836.0,1168.0355933069284,1142.4727853389836,74.82450608985417,32.3875263495147,17.547600451298727,27.138669533886624,57.94306317335564,9252067.65,2019-01-25,0.0,0.0,0
2019-01-28,1250.5,1255.949951,1222.400024,1229.550049,1218.2677,8569265.0,1173.8941128967447,1145.887579992357,68.52760963866311,33.083382317795895,20.654756824598163,27.596616495751867,60.42001654662743,9319390.05,,0.0,0.0,0
2019-01-29,1231.0,1231.650024,1201.349976,1210.650024,1199.541138,9328866.0,1177.3946758589595,1148.4272836789312,62.064946333651015,31.743855713824814,22.872576602443495,27.78971874605531,61.28794422174858,9563040.85,,0.0,0.0,0
2019-01-30,1215.0,1225.0,1191.099976,1195.699951,1184.728149,7846940.0,1179.1380353962015,1150.2811137699534,57.44965628027441,29.14001730086943,24.126064742128683,28.226169121337076,60.66708314868651,9598139.35,,0.0,0.0,1
2019-01-31,1202.0,1229.699951,1201.0,1227.150024,1215.889771,10185347.0,1183.7106057394205,1153.2955808377983,63.58448086467856,29.27673072318794,25.156197938340533,28.63858561267014,60.11098410933579,9735083.85,,0.0,0.0,1
2019-02-01,1234.0,1255.0,1227.050049,1249.949951,1238.480469,9228965.0,1190.0191148118568,1157.0859482951396,67.26880186650065,30.869002017332832,26.298758754138994,28.589397426050848,60.43598964068525,9773275.05,,0.0,0.0,1
2019-02-04,1247.0,1296.949951,1242.050049,1290.900024,1279.054688,11670570.0,1199.6268204488229,1162.333559107095,72.62576703176519,35.031397008274325,28.045286404966063,30.46871918133294,63.21686626335809,10081125.6,,0.0,0.0,1
2019-02-05,1292.0,1304.400024,1278.599976,1291.550049,1279.69873,9362406.0,1208.381413644173,1167.4008724362286,72.70214103721854,37.945168331567174,30.025262790286284,30.13524266838059,64.52557590942988,10267988.25,,0.0,0.0,1
2019-02-06,1296.25,1317.650024,1294.25,1310.25,1298.227173,9411585.0,1218.0831837732994,1173.002799007357,74.87395598121714,41.287348014129066,32.27767983505484,29.84700926349627,66.32900813704062,10450227.25,2019-02-06,0.6369,1.0,0
2019-02-07,1310.25,1321.199951,1286.099976,1290.400024,1278.559326,9212227.0,1224.9705018901282,1177.6066117521666,68.63194222303807,41.85187990201507,34.19251984844689,30.222221101817972,64.88039607002733,10706824.45,,0.0,0.0,0
2019-02-08,1284.800049,1300.5,1272.25,1277.699951,1265.975708,6505502.0,1229.9923541863066,1181.5318407422778,64.90377962796887,40.8041212283988,35.51484012443728,30.08134816597383,60.34846709796092,10708904.4,,0.0,0.0,0
2019-02-11,1275.900024,1276.0,1251.0,1253.25,1241.750244,7523999.0,1232.207368073325,1184.344317575914,58.33405479309979,37.56780000857543,35.92543210126491,29.8398197969757,52.89333711841695,10879515.25,,0.0,0.0,1
2019-02-12,1251.5,1272.349976,1251.5,1256.400024,1244.871338,6399485.0,1234.511430542532,1187.170031553329,58.9111162759555,34.85538159408611,35.711421999829156,29.19768809719172,47.533513172537816,10696345.75,,0.0,0.0,0
2019-02-14,1241.0,1241.0,1218.0,1224.199951,1212.966675,6627360.0,1233.5293848718147,1188.6221852571198,51.11751382068264,29.76438833379848,34.52201526662302,29.85499780453517,41.399041640769575,10708574.9,,0.0,0.0,1
2019-02-15,1229.75,1249.900024,1214.0,1244.449951,1233.030884,9597961.0,1234.5694387887847,1190.8115094038994,55.137098733536085,27.05190770726199,33.02799375475082,30.286785389925516,32.9498601408336,10814074.8,,0.0,0.0,0
2019-02-18,1250.0,1252.5,1215.0,1220.099976,1208.904419,9649017.0,1233.1913947136625,1191.9600767213938,49.830885465762464,22.676012826559372,30.95759756911253,30.802015004930837,30.263754214023283,10012318.55,,0.0,0.0,0
2019-02-19,1218.0,1239.699951,1211.199951,1216.099976,1204.94104,6244189.0,1231.5636405504565,1192.9067394382018,48.99671669917019,18.670100736817403,28.500098202653504,30.637585361721488,31.035261747556678,9222601.3,,0.0,0.0,1
2019-02-20,1223.849976,1240.0,1219.0,1234.349976,1223.02356,6298179.0,1231.8290058313653,1194.5319644014096,52.872976622142296,16.774641398850918,26.15500684189299,30.156330978741384,31.05206760340935,8709869.3,2019-02-20,-0.5423,-1.0,1
2019-02-21,1236.0,1257.800049,1229.349976,1246.900024,1235.458496,10580178.0,1233.2643408950448,1196.5856137974326,55.38411951427261,16.099574334644785,24.14392034044335,30.034455408831285,30.664352209146603,8797403.1,,0.0,0.0,0
2019-02-22,1244.599976,1245.300049,1226.0,1232.349976,1221.04187,8755865.0,1233.177258524088,1197.9881378053765,51.929357855390165,14.226517115285333,22.16043969541175,29.381996022486195,30.867712199365023,8577437.1,,0.0,0.0,0
2019-02-25,1236.0,1243.0,1220.650024,1232.300049,1220.992554,7852528.0,1233.093714759889,1199.3337029502636,51.91739041098598,12.592913811054586,20.246934518540318,28.879708878022893,31.051760204558366,8542521.7,,0.0,0.0,0
2019-02-26,1209.5,1234.800049,1206.0,1220.25,1209.052979,10131050.0,1231.8705038303758,1200.1539498933905,48.98329337299039,10.208258722998607,18.23919935943198,28.874018886735538,31.3900483004891,8620610.95,,0.0,0.0,1
2019-02-27,1228.050049,1244.900024,1209.0,1223.5,1212.273071,11113182.0,1231.0733129893877,1201.0694812701204,49.80720798276274,8.482865036083012,16.287932494762185,29.37587639482586,30.748080175797277,8709826.75,,0.0,0.0,1
2019-02-28,1233.75,1239.849976,1226.550049,1231.050049,1219.753906,11286916.0,1231.0710973713506,1202.2451898085471,51.75642571518429,7.636673149911758,14.5576806257921,28.44545493805258,28.591149624696282,8881825.55,,0.0,0.0,0
2019-03-01,1237.0,1242.349976,1222.25,1226.050049,1214.799805,7922513.0,1230.5929022883647,1203.178713698408,50.36158909153578,6.487814285818331,12.943707357797347,27.849349299620254,28.635717683125346,8768683.85,,0.0,0.0,1
2019-03-05,1223.400024,1239.800049,1218.599976,1237.650024,1226.293335,7121509.0,1231.2650091180442,1204.5305297886664,53.49306122742987,6.43913011268728,11.642791908775333,27.37440099250452,28.737100001852916,8663311.05,,0.0,0.0,1
2019-03-06,1239.800049,1273.099976,1235.099976,1264.800049,1253.194336,12038231.0,1234.458822440135,1206.8940403459737,59.87361764264166,8.49342080197016,11.0129176874143,28.13337235018277,27.23927481601463,8681694.1,,0.0,0.0,1
2019-03-07,1264.0,1279.800049,1258.150024,1270.25,1258.594238,8109259.0,1237.867506017265,1209.3785877833866,61.029422945875226,10.440870614918367,10.898508272915114,27.670276110883997,25.76934425635988,8619036.75,,0.0,0.0,0
2019-03-08,1266.050049,1274.449951,1262.0,1267.099976,1255.473022,6040052.0,1240.6515507775255,1211.6421716350187,59.95448765774908,11.596382136573766,11.038083045646845,26.583110031535142,21.530819912821464,8450460.1,,0.0,0.0,1
2019-03-11,1270.050049,1312.0,1268.0,1304.099976,1292.133545,9718840.0,1246.6942579415706,1215.267967884626,67.2509769610709,15.321111879904038,11.894688812498284,27.891461029282635,23.2520206067962,8475790.75,,0.0,0.0,1
2019-03-12,1316.900024,1334.0,1314.25,1331.349976,1319.133423,11228736.0,1254.7567072804686,1219.8202034969936,71.38608486199081,20.238537042002008,13.56345845839903,28.034929812905308,29.564913416005208,8711952.45,,0.0,0.0,1
2019-03-13,1337.0,1360.0,1328.099976,1347.300049,1334.937256,11236048.0,1263.570358872805,1224.8194131245625,73.49562105879237,25.13295247051724,15.877357260822674,28.31100796912636,37.14784278111552,8897554.9,,0.0,0.0,0
2019-03-14,1349.75,1362.0,1336.099976,1341.550049,1329.23999,10402048.0,1270.9969960277758,1229.3970851196777,71.45056500044667,28.22250356157042,18.346386520972224,28.13879482847448,42.26300691017825,9097683.05,,0.0,0.0,0
2019-03-15,1345.0,1358.800049,1311.199951,1321.650024,1309.522583,15893093.0,1275.8210939298926,1233.0148474287098,64.73680971971885,28.734001669243526,20.423909550626483,29.528887912154865,44.01126219377089,9560969.7,,0.0,0.0,1
2019-03-18,1331.0,1357.949951,1329.0,1350.050049,1337.661987,10105234.0,1282.8905182222838,1237.6044631766035,69.18668686360186,31.07282409925233,22.55369246035165,30.012533561286663,48.10821429022839,9586333.35,,0.0,0.0,1
2019-03-19,1360.0,1380.0,1343.099976,1376.550049,1363.918823,9805318.0,1291.8104735344473,1243.0533096794818,72.65427633726874,34.665088691433084,24.97597170656794,30.504497164051905,52.75755252499321,9594148.4,,0.0,0.0,0
2019-03-20,1377.800049,1388.0,1364.0,1375.449951,1362.828857,9892823.0,1299.7761380549762,1248.2453348293059,72.29057812945214,36.996740156059786,27.380125396466312,30.039890223762484,55.55005782412005,9776580.1,,0.0,0.0,0
2019-03-22,1372.5,1380.900024,1336.699951,1341.75,1329.43811,11465112.0,1303.773648716407,1251.9121844438428,62.044334302163364,35.71360216217977,29.046820749609005,31.05133185063659,55.91897279985015,10034926.75,,0.0,0.0,0
2019-03-25,1330.599976,1336.849976,1316.699951,1324.449951,1312.296875,7951992.0,1305.7428203624636,1254.7568027401626,57.535910578222236,32.921241110995425,29.821704821886293,30.62266878987683,55.67308966638529,9903517.45,,0.0,0.0,1
2019-03-26,1330.300049,1371.599976,1330.0,1367.25,1354.704102,9479288.0,1311.6006469946099,1259.1683006719209,64.4235024369016,33.772571932876644,30.611878244084366,31.80319423345705,56.36415592551752,9939688.6,,0.0,0.0,0
2019-03-27,1377.949951,1377.949951,1344.25,1349.25,1336.869263,10094174.0,1315.18629966179,1262.7009163318455,60.01474244275915,32.61879896503001,31.013262388273496,31.93867685963869,55.27593299090664,10051770.9,2019-03-27,-0.2732,-1.0,1
2019-03-28,1350.25,1369.800049,1342.800049,1360.0,1347.52063,10482938.0,1319.4542711225718,1266.516566671773,61.700465634489824,32.20067143791357,31.250744198201513,31.585914226807354,52.97440376396979,10069365.3,,0.0,0.0,1
2019-04-01,1370.0,1406.800049,1362.550049,1391.849976,1379.078369,10098281.0,1326.3491001585173,1271.4316023317037,66.24150041680764,34.046858253558185,31.80996700927285,32.672638139178254,51.77515777259245,10018620.25,2019-04-01,0.0,0.0,0
2019-04-02,1398.0,1403.099976,1380.099976,1389.699951,1376.947998,8012636.0,1332.382514524373,1276.069576789284,65.6754133496936,34.9337905649204,32.43473172040236,31.981735414951235,49.707668859059574,9854906.25,2019-04-02,-0.1366,-0.5,0
2019-04-03,1392.75,1403.0,1372.0,1375.199951,1362.581177,7849461.0,1336.4603656172899,1279.957042444606,61.83734185365271,34.07387952037607,32.7625612803971,31.911611456740435,44.71817570871936,9851253.65,,0.0,0.0,0
2019-04-04,1379.0,1383.699951,1347.25,1353.050049,1340.634399,8375674.0,1338.0403354632622,1282.8234348585431,56.41378753063236,31.244909972423784,32.45903101880244,32.235778566973266,38.61050628025796,9913961.9,,0.0,0.0,1
2019-04-05,1360.949951,1363.900024,1343.0,1353.900024,1341.476563,6728239.0,1339.5507819905706,1285.6107520797768,56.57119671567096,28.740217762803923,31.71526836760274,31.426081812189466,34.36819118684282,9648462.3,2019-04-05,0.0,0.0,0
2019-04-08,1356.0,1357.5,1323.699951,1329.25,1317.052856,8723577.0,1338.5697551343258,1287.322095135472,50.8371881442847,24.48394454144568,30.269003602371328,31.59565089703307,29.892265975413387,9679178.2,,0.0,0.0,1
2019-04-09,1328.900024,1340.699951,1321.0,1334.449951,1322.204956,9497621.0,1338.1773928358186,1289.1702463458455,51.94375932150528,21.285049139624334,28.47221270982193,30.745958047245,23.453976709122465,9852056.65,,0.0,0.0,0
2019-04-10,1337.949951,1348.0,1326.5,1331.400024,1319.183105,7612711.0,1337.5319291371693,1290.8263160577733,51.21561096373965,18.29292837592243,26.436355843042033,30.085532472441788,21.28028578355926,9746750.2,,0.0,0.0,1
2019-04-11,1332.949951,1353.0,1329.0,1346.800049,1334.441772,5741333.0,1338.4146072193437,1293.0213644084488,54.6708695098069,16.968699818880395,24.54282463820971,29.65085158155309,20.75483251588401,9472380.05,2019-04-11,0.4404,1.0,0
2019-04-12,1350.0,1356.900024,1336.650024,1343.099976,1330.775635,5919742.0,1338.8608328175014,1294.9852315296862,53.6869891791302,15.442660797620874,22.722791870091942,28.979362182870727,20.83708034979083,9206564.75,,0.0,0.0,0
2019-04-15,1345.0,1348.949951,1335.0,1340.150024,1327.852905,4245127.0,1338.9836129301204,1296.7563998618555,52.87005808765023,13.835737635122769,20.94538102309811,27.905832812665675,20.879287053456828,8898718.7,,0.0,0.0,1
2019-04-16,1345.0,1360.0,1340.0,1343.75,1331.419678,7936553.0,1339.4375545558232,1298.5992861417826,53.7940822260246,12.70625760028679,19.29755633853585,27.341130468903838,19.697403619982836,8500891.7,,0.0,0.0,1
2019-04-18,1375.0,1389.75,1365.0,1385.949951,1373.232422,17960482.0,1343.8673065981259,1302.0248024107323,62.96132746796979,15.042914546209659,18.44662798007061,28.673906863982133,20.928496248946306,8893654.1,,0.0,0.0,0
2019-04-22,1360.0,1367.0,1341.300049,1345.349976,1333.005005,10792748.0,1344.008513207828,1303.7238288259975,52.22576995119079,13.463455007588436,17.449993385574174,29.8150493736977,20.446879810998624,8943025.6,,0.0,0.0,1
2019-04-23,1348.0,1373.0,1346.0,1363.849976,1351.335205,9055300.0,1345.8981763308918,1306.0817169504683,55.91450211476736,13.548340497186246,16.66966280789659,29.66040470414787,19.96838871806171,8901149.45,,0.0,0.0,1
2019-04-24,1370.300049,1394.800049,1366.25,1389.5,1376.749878,7360887.0,1350.050730966045,1309.353022168097,60.47164737417704,15.50660494063527,16.437051234444326,29.752523868137306,21.297122184441633,8695938.2,,0.0,0.0,0
2019-04-25,1389.099976,1412.400024,1362.599976,1372.400024,1359.806885,13929820.0,1352.179235064517,1311.8254536124853,56.29382215434058,15.500043613529897,16.24964971026144,31.184489877556075,20.241967096514145,8994829.6,,0.0,0.0,1
2019-04-26,1375.0,1395.949951,1370.699951,1392.800049,1380.019653,6889444.0,1356.0478840107533,1315.0009279414073,59.85692973467374,16.945616720629232,16.388843112335,30.760597743444926,21.59694792917403,8865337.4,,0.0,0.0,0
2019-04-30,1396.400024,1396.400024,1366.800049,1392.800049,1380.019653,10217019.0,1359.5480902002053,1318.0518738652736,59.85692973467375,17.88507580202463,16.68808965027293,30.677696118913154,22.668935581221884,8871479.65,,0.0,0.0,1
2019-05-02,1392.0,1413.900024,1382.099976,1405.050049,1392.157349,8682505.0,1363.8816100859,1321.463567007812,62.01362466481449,19.394508691414103,17.229373458501165,30.75786411041936,24.637329735862263,8781458.0,,0.0,0.0,1
2019-05-03,1407.949951,1417.5,1402.650024,1408.849976,1395.922363,6510169.0,1368.1643116015284,1324.8904850075055,62.683361969354046,20.659220844737092,17.91534293574835,29.621586388246545,25.908646610389056,8602052.4,2019-05-03,-0.0644,0.0,0
2019-05-06,1398.0,1402.800049,1378.099976,1384.900024,1372.192139,7237910.0,1369.7581889728115,1327.2438002621132,55.98370800557849,19.504121992272303,18.23309874705314,29.70218736051465,25.68777803642692,8563316.1,2019-05-06,0.0,0.0,0
2019-05-07,1394.800049,1395.0,1340.199951,1343.5,1331.171997,8877095.0,1367.257409070639,1327.8812982910497,46.69329106906616,15.074294800258258,17.601337957694167,31.49489176333503,25.97728658386305,8614697.8,,0.0,0.0,0
2019-05-08,1340.0,1340.0,1292.199951,1299.449951,1287.526245,14610543.0,1360.7995559210544,1326.7663434953222,39.23300321553107,7.917881612210294,15.664646688597394,32.909545851668234,29.577566667167513,8926441.25,,0.0,0.0,0
2019-05-09,1288.800049,1288.800049,1251.75,1256.449951,1244.920776,19507368.0,1350.8614983095254,1324.0088379072704,33.5910284035989,-1.2094265164564604,12.289832047586623,33.966003362263365,37.6287672828607,9565397.7,,0.0,0.0,0
2019-05-10,1265.0,1277.699951,1245.0,1251.150024,1239.669434,11226831.0,1341.3651674229038,1321.1516295187498,32.96184505820371,-8.76945496465487,8.077974645138326,33.87557105067312,44.006865849825694,9690560.4,,0.0,0.0,0
2019-05-13,1247.900024,1260.800049,1227.5,1232.050049,1220.744751,8047801.0,1330.9542037635797,1317.6574498905634,30.728082665231682,-16.116262096836863,3.239127296743288,33.8344623327679,51.435026184127516,9618069.4,,0.0,0.0,1
2019-05-14,1236.5,1269.349976,1231.5,1260.449951,1248.884033,13001004.0,1324.2395130241912,1315.4140185615215,37.50932695168444,-19.42312721638882,-1.2933236058831339,34.121284737570186,54.86119426025063,9887484.05,,0.0,0.0,0
2019-05-15,1273.0,1278.0,1250.599976,1256.900024,1245.366699,11163801.0,1317.8262283552206,1313.1193521081286,37.021469327088155,-22.07581483750323,-5.449821852207154,33.6411946848866,58.11270550624988,10158607.45,,0.0,0.0,1
2019-05-16,1259.949951,1271.900024,1258.099976,1265.349976,1253.739136,6606652.0,1312.8284900356757,1311.2460432411433,39.05346304928771,-23.228484867293673,-9.005554455224459,32.30968077882327,60.34101231529904,10192952.95,,0.0,0.0,1
2019-05-17,1267.0,1276.949951,1252.0,1267.400024,1255.770386,7898440.0,1308.5019694608495,1309.5265915061964,39.562943603733,-23.703325251120532,-11.945108614403674,31.78398579462161,62.15020107731636,10375618.6,,0.0,0.0,1
2019-05-20,1313.599976,1337.699951,1303.5,1325.900024,1313.733521,12333937.0,1310.1589270360066,1310.1686868981103,51.91557598904113,-19.13856116151328,-13.383799123825597,34.535124452148644,62.08401358176156,10595487.8,,0.0,0.0,1
2019-05-21,1332.199951,1367.0,1330.050049,1339.800049,1327.505981,13872055.0,1312.9818910325773,1311.3307010981844,54.30539775986817,-14.235241875792553,-13.554087674218989,35.00404241985231,60.738201950660745,10391066.45,,0.0,0.0,1
2019-05-22,1345.650024,1359.699951,1335.099976,1340.400024,1328.100464,11287400.0,1315.5931417913796,1312.4706745453145,54.41072145104075,-10.183523724577753,-12.879974884290743,34.26089474700573,60.672524248969864,10415799.05,,0.0,0.0,0
2019-05-23,1372.0,1392.0,1325.0,1333.900024,1321.660156,17722514.0,1317.336654382677,1313.3110411905964,52.98581716792612,-7.411567637733242,-11.786293434979243,36.599402265076755,60.09360863770168,10849159.75,,0.0,0.0,1
2019-05-24,1348.0,1353.800049,1316.5,1336.849976,1324.583008,10180759.0,1319.1950659652791,1314.234136673318,53.579962879851685,-4.9200210553024135,-10.413038959043877,36.64944846042841,58.28929719510892,10990153.35,2019-05-24,-0.1779,-1.0,0
2019-05-27,1337.099976,1337.5,1307.0,1310.650024,1298.623535,7349720.0,1318.3812524447765,1314.0935832351486,47.80193323461525,-5.001910689520173,-9.330813305139138,36.21020214182638,57.17743398710483,10661148.35,,0.0,0.0,1
2019-05-28,1319.800049,1334.800049,1313.349976,1323.75,1311.603271,19472659.0,1318.8925617357502,1314.4722662455347,50.66659366001313,-3.964055073143527,-8.257461658740016,35.3487609174102,54.59106569457968,11290309.1,,0.0,0.0,0
2019-05-29,1321.0,1333.300049,1304.150024,1313.050049,1301.001465,7112830.0,1318.336131951393,1314.4164930202194,48.333342286937516,-3.9593032589095856,-7.397829978773931,34.90599406616661,51.5751719016465,11135099.65,,0.0,0.0,1
2019-05-30,1316.25,1342.0,1316.25,1329.75,1317.548218,10740841.0,1319.4231670036415,1315.0178070194265,52.04518951329679,-2.578270239109088,-6.433918030840962,34.48056241858329,47.03424851784048,11238016.45,,0.0,0.0,1
2019-05-31,1337.900024,1341.900024,1320.199951,1330.150024,1317.94458,11760178.0,1320.444772431866,1315.6112272931746,52.133897623010355,-1.4349715684491002,-5.43412873836259,33.56767031725591,41.16957727489717,11500516.9,,0.0,0.0,1
2019-06-03,1335.0,1367.25,1321.199951,1360.199951,1347.71875,8483610.0,1324.2309799145455,1317.3598046934421,58.36458673472327,1.874273379429269,-3.9724483148042182,34.45926879459477,38.96064834505496,11562801.9,,0.0,0.0,0
2019-06-04,1357.449951,1374.25,1348.099976,1351.650024,1339.247314,7059911.0,1326.8423174464936,1318.7045191760524,56.12599082226401,3.7635819582008025,-2.425242260203214,33.86575130926657,39.436843141280285,11471942.7,,0.0,0.0,0
2019-06-06,1361.900024,1361.900024,1321.099976,1327.349976,1315.170166,7664319.0,1326.890665880161,1319.0435566985602,50.229245703683986,3.2624542867745276,-1.2877029508076658,34.36105821574753,39.74986088056543,11124631.5,,0.0,0.0,0
2019-06-07,1325.949951,1327.25,1305.599976,1314.900024,1302.834595,6730595.0,1325.7486999868122,1318.8810652201853,47.477062112903546,1.8394953614488259,-0.6622632883563675,33.46026834319414,38.05411474977973,10485792.85,,0.0,0.0,1
2019-06-10,1320.900024,1327.0,1310.099976,1319.150024,1307.045532,5380148.0,1325.120254654735,1318.8916126233153,48.51414767410124,1.0427099315049873,-0.3212686443840966,32.2773937472517,35.6123272025134,10193458.7,2019-06-10,-0.296,-1.0,1
2019-06-11,1321.849976,1334.5,1318.0,1329.150024,1316.953735,5253790.0,1325.5040422114268,1319.2939032655383,50.96742170239706,1.204285905975894,-0.016157734312098493,31.150437051019434,30.375812243657986,10053758.15,,0.0,0.0,1
2019-06-12,1334.699951,1338.400024,1325.0,1332.150024,1319.92627,4707716.0,1326.1369928579577,1319.7980648629682,51.71080712249014,1.556468952573141,0.29836760306494947,29.882550404518046,27.46226044776222,9639093.75,2019-06-12,-0.5106,-1.0,0
2019-06-13,1330.0,1334.699951,1308.650024,1327.25,1315.071167,7171189.0,1326.2429935381522,1320.09029761344,50.36760236257347,1.4237731975986208,0.5234487219716838,29.608791589909618,23.048853102690583,9439463.15,,0.0,0.0,0
2019-06-14,1321.900024,1325.0,1309.400024,1317.550049,1305.460205,6831331.0,1325.4150940583281,1319.9906800207561,47.72482102864404,0.5297986864634368,0.5247187148700344,28.76887619063036,18.589471950235893,9450697.1,,0.0,0.0,0
2019-06-17,1320.0,1320.0,1278.5,1282.300049,1270.533691,6815554.0,1321.308899290868,1318.5126160591578,39.59432315461165,-2.9886120978896997,-0.1779474476819124,29.678242177013907,16.245020092160953,9396552.8,,0.0,0.0,0
2019-06-18,1278.900024,1287.949951,1269.099976,1281.0,1269.245483,7679193.0,1317.4699565012615,1317.0415330764458,39.32821246331768,-5.814851098760073,-1.3053281778975445,28.90479452151292,19.26869612840829,9163815.6,,0.0,0.0,0
2019-06-19,1286.900024,1302.0,1262.599976,1277.349976,1265.629028,6625604.0,1313.6490059773319,1315.485001426389,38.544931874261074,-8.254044810567166,-2.6950715044314686,29.654453769976282,21.663439780465286,8801493.05,,0.0,0.0,1
2019-06-20,1280.0,1300.0,1278.0,1296.75,1284.851074,4914012.0,1312.0395768366336,1314.7502954880995,44.833864590569426,-8.523450564142195,-3.8607473163736143,29.15413735783512,21.90166633781319,8482823.65,,0.0,0.0,0
2019-06-21,1295.949951,1296.0,1275.550049,1279.5,1267.759277,10623098.0,1308.940569518859,1313.3679309591544,40.832595611392115,-10.0134584843031,-5.091289549959512,28.58598118941833,23.379065258525024,8127852.85,,0.0,0.0,0
2019-06-24,1272.150024,1276.449951,1257.099976,1262.400024,1250.816162,5150998.0,1304.508136612301,1311.3691895097757,37.28065130771512,-12.430830769508248,-6.559197793869259,28.14412710445988,25.85219212064708,7876364.8,,0.0,0.0,1
2019-06-25,1258.900024,1298.0,1254.25,1295.849976,1283.959229,6842363.0,1303.68354988732,1310.7605929015492,46.993997991766605,-11.514749286184724,-7.550308092332353,29.258832311284173,26.142232582280737,7850996.95,,0.0,0.0,0
2019-06-26,1291.0,1304.599976,1286.349976,1294.150024,1282.274902,5299942.0,1302.7755950409087,1310.109198042665,46.599022634116906,-10.801408120775477,-8.200528098020978,28.472487146192446,26.312708481419598,7142361.1,,0.0,0.0,0
2019-06-27,1293.150024,1296.900024,1271.0,1274.150024,1262.458374,11385972.0,1300.0493501798699,1308.6990343547172,42.11430349685012,-11.714871217725204,-8.903396721961823,28.288739778607273,27.567234756236815,7356018.2,,0.0,0.0,0
2019-06-28,1277.099976,1282.849976,1248.650024,1253.099976,1241.60144,8659721.0,1295.5779812103585,1306.5186791251206,37.972105116074495,-13.976250735645863,-9.91796752469863,28.710969222992464,29.788978949366317,7251962.2,,0.0,0.0,1
2019-07-01,1258.050049,1272.650024,1246.449951,1268.849976,1257.207031,6162080.0,1293.0324569046102,1305.0414750809982,42.52698961438956,-14.33230305611778,-10.800834630982461,28.531619492778713,30.2479102095376,6972057.3,,0.0,0.0,1
2019-07-02,1273.949951,1281.0,1263.300049,1278.5,1266.768555,4638751.0,1291.6484133898853,1304.000632920959,45.183048649736925,-13.678127853568867,-11.376293275499743,27.757928886151664,27.389841987652307,6779814.35,,0.0,0.0,1
2019-07-03,1282.900024,1286.5,1275.050049,1282.550049,1270.781372,4026032.0,1290.7819024956104,1303.1594335515097,46.30462090751276,-12.686640491416938,-11.638362718683181,26.593073322855123,24.491220434000283,6628120.4,,0.0,0.0,1
2019-07-04,1281.400024,1291.0,1280.0,1284.0,1272.218018,4275148.0,1290.136007019838,1302.4080832161565,46.72487753226623,-11.649591447093826,-11.640608464365311,25.479282371222613,23.340578884122575,6458661.85,,0.0,0.0,0
2019-07-05,1285.099976,1290.5,1260.0,1263.349976,1251.757446,4995344.0,1287.58495644652,1300.8763927370917,41.71711382894817,-12.351625119523533,-11.782811795396956,25.837905058992426,23.58529472011499,6371899.3,,0.0,0.0,0
2019-07-08,1258.0,1268.099976,1248.199951,1252.050049,1240.561279,6404544.0,1284.2006795468512,1298.9616341591664,39.238827729221995,-13.662310918498179,-12.1587116200172,25.413770769064392,23.982490995785174,6423119.1,,0.0,0.0,1
2019-07-09,1248.949951,1283.5,1245.5,1280.099976,1268.35376,8016757.0,1283.8101363519131,1298.2219612901793,47.5658909248791,-12.295904636572232,-12.186150223328209,26.31278714270265,21.811686550292826,6561267.45,,0.0,0.0,0
2019-07-10,1280.050049,1289.349976,1268.699951,1278.849976,1267.115234,5494315.0,1283.3377401279213,1297.462275592525,47.25509357641349,-11.18494923464641,-11.98591002559185,25.908304132509596,18.667104074613956,6600597.4,,0.0,0.0,1
2019-07-11,1287.0,1289.800049,1279.300049,1281.550049,1269.790527,3935460.0,1283.167483830024,1296.8382667065437,48.044791395568744,-9.971688333027714,-11.583065687079024,24.839859051616052,15.25475405433841,6438810.95,,0.0,0.0,0
2019-07-12,1283.0,1300.0,1278.050049,1280.5,1268.750122,7174054.0,1282.913437750974,1296.1975503651106,47.745405907418515,-8.991254916283197,-11.064703532919859,24.633437047929196,12.319008398698681,6455947.1,,0.0,0.0,0
2019-07-15,1285.0,1289.5,1270.349976,1276.099976,1264.390503,4873164.0,1282.2645366318336,1295.40941019393,46.43952853017512,-8.471643698990192,-10.546091566133926,24.241764687362828,12.265582959005352,6358827.6,,0.0,0.0,1
2019-07-16,1279.949951,1294.900024,1277.050049,1293.0,1281.135498,4604019.0,1283.286961714516,1295.3149235196581,51.883116644312544,-6.61984788260429,-9.760842829427999,23.853070638265486,12.753670160637963,6205068.9,,0.0,0.0,0
2019-07-17,1294.300049,1297.0,1280.0,1281.849976,1270.087646,4334958.0,1283.1501059321813,1294.7868863620245,48.388825323749835,-5.9830314466028085,-9.005280552862962,23.363565592675094,12.788071581320562,6090536.6,,0.0,0.0,0
2019-07-18,1282.0,1286.400024,1258.0,1261.849976,1250.27124,5459896.0,1281.1215221291163,1293.4952428184158,42.81824100673357,-7.011360091369852,-8.60649646056434,23.723312621769733,12.451113878392409,6117830.8,,0.0,0.0,0
2019-07-19,1268.199951,1272.949951,1242.699951,1249.0,1237.539185,7468515.0,1278.062329545391,1291.7503313353404,39.65919081701883,-8.762198453037627,-8.637636859058999,24.18950457735761,13.80822506332869,5960101.65,,0.0,0.0,1
2019-07-22,1251.0,1284.5,1227.300049,1280.5,1268.750122,13300153.0,1278.2944886363064,1291.3091418712097,49.49585125129934,-7.521263283939334,-8.414362144035067,26.547393607546358,13.558289621211998,6367559.4,,0.0,0.0,0
2019-07-23,1285.0,1293.900024,1260.400024,1273.550049,1261.864014,9287951.0,1277.8426372423723,1290.6127068566525,47.65016928086957,-7.017720273575151,-8.135033769943085,27.044008349864473,12.684841833251102,6489838.8,,0.0,0.0,0
2019-07-24,1273.5,1278.800049,1253.550049,1259.099976,1247.546387,6943982.0,1276.0576218859558,1289.376913489725,43.97820417875545,-7.695944874873248,-8.047215990929118,26.915864896302725,12.222119631866502,6572040.8,,0.0,0.0,0
2019-07-25,1264.0,1269.050049,1227.0,1231.5,1220.199707,9968545.0,1271.8140388491981,1287.107230607775,37.96099593464048,-10.34132183742986,-8.506037160229267,27.996878046566813,15.280211961393032,6501169.45,,0.0,0.0,0
2019-07-26,1231.5,1242.5,1210.0,1213.800049,1202.662231,9320481.0,1266.2888969587982,1284.2324391721759,34.68359412617704,-13.708022707382497,-9.546434269659914,28.318529614669185,19.56167371445282,6534207.45,,0.0,0.0,0
2019-07-29,1216.900024,1222.0,1205.099976,1210.949951,1199.838257,8058035.0,1261.0185211531984,1281.3586161066003,34.17198914591292,-16.416892771221228,-10.920525969972177,27.502922070764246,23.416112662124092,6629005.2,,0.0,0.0,0
2019-07-30,1213.949951,1220.0,1175.949951,1180.900024,1170.064087,9533344.0,1253.3881880909892,1277.4190634749689,29.269716171450895,-20.749284943502744,-12.88627776467829,28.684859708566794,29.873157069129643,6873734.85,,0.0,0.0,0
2019-07-31,1175.75,1185.0,1162.400024,1166.25,1155.548462,9705619.0,1245.0893130347044,1273.0594923583035,27.219555676970927,-25.07581309052125,-15.324184829846883,28.250225157954876,36.08105615430609,7157714.2,,0.0,0.0,1
2019-08-01,1163.400024,1188.199951,1150.349976,1180.25,1169.420044,10344862.0,1238.9141403647325,1269.4199044226837,32.113164990937065,-27.062969751683568,-17.67194181421422,28.935921575243817,39.021182039285804,7461199.9,,0.0,0.0,1
2019-08-02,1175.699951,1198.25,1162.099976,1184.349976,1179.919556,10865385.0,1233.717553282377,1266.0838287982647,33.52285910470388,-27.984385349441027,-19.734430521259583,29.451214605583548,41.4922656856346,7754701.95,,0.0,0.0,0
2019-08-05,1167.0,1167.0,1128.0,1143.349976,1139.072998,13897461.0,1225.111117350722,1261.2707365316662,27.396278834410367,-31.6580370531035,-22.119151827628365,31.37255470518472,47.33793025016286,8129347.8,,0.0,0.0,0
2019-08-06,1134.75,1149.599976,1122.0,1128.300049,1124.079346,13288909.0,1215.891015603034,1256.0561997657187,25.5503730063015,-35.376042826023195,-24.770530027307334,31.103084797671524,52.51778452529871,8392955.4,,0.0,0.0,0
2019-08-07,1126.5,1138.550049,1103.099976,1109.400024,1105.25,11588879.0,1205.7490164027452,1250.3049771866708,23.4165718449444,-39.39355882673203,-27.695135787192275,31.4135839549807,58.06849547427096,8697683.6,,0.0,0.0,1
2019-08-08,1108.349976,1158.0,1095.300049,1152.349976,1148.039307,14262936.0,1200.6633935072455,1246.4636045911152,36.412652527612934,-38.66604888054417,-29.889318405862653,33.64832445819637,58.54926163653552,9214057.4,,0.0,0.0,1
2019-08-09,1161.849976,1175.5,1152.300049,1162.099976,1157.752808,10043949.0,1196.990687077984,1243.1552269993067,38.94557197853762,-36.87764594400892,-31.28698391349191,32.902012068325206,57.86219693851878,9357552.15,,0.0,0.0,1
2019-08-13,1233.150024,1302.800049,1226.0,1274.75,1269.981445,47923444.0,1204.3963359276997,1244.3942377052163,59.178258559594276,-26.069890777845785,-30.24356528636269,40.60187356344483,57.784125510402134,11510066.15,,0.0,0.0,1
2019-08-14,1304.0,1304.449951,1280.349976,1288.25,1283.430908,14487137.0,1212.3823991726808,1246.114071520698,60.85253510626748,-16.228260482101405,-27.44050432551043,39.82316480891306,57.441803466220534,12004222.05,,0.0,0.0,0
2019-08-16,1291.199951,1291.800049,1273.0,1278.0,1273.219238,10047496.0,1218.6316944895684,1247.3645000885138,58.87800600085343,-9.15030785173667,-23.78246503075568,38.321513679704985,57.199995132736106,12289848.95,,0.0,0.0,1
2019-08-19,1281.050049,1296.800049,1280.0,1292.599976,1287.764648,7459859.0,1225.676292728657,1249.138440320337,60.82774465113477,-2.3359559065593203,-19.49316320591641,36.927123345440336,59.0113146213083,12389847.1,,0.0,0.0,0
2019-08-20,1289.800049,1292.599976,1272.599976,1275.949951,1271.17688,6843460.0,1230.4642601830706,1250.1898721116963,57.48062564754926,1.7013372801930018,-15.254263108694529,35.718043106480316,60.173771341733776,12358594.35,,0.0,0.0,0
2019-08-21,1275.650024,1278.650024,1266.5,1270.949951,1266.195557,4881553.0,1234.3200402608734,1251.003992852414,56.47561603857862,4.446209864911452,-11.314168513973334,34.03461317030315,59.65655217239675,11937664.35,,0.0,0.0,0
2019-08-22,1270.949951,1271.0,1238.900024,1246.75,1242.086182,6414937.0,1235.503845950314,1250.8371696032998,51.75866907126815,4.615601583823036,-8.128214494414062,33.89642480099578,58.53502949603947,11794013.65,,0.0,0.0,1
2019-08-23,1239.0,1284.0,1226.5,1275.849976,1271.077271,9741262.0,1239.3463345264745,1251.818063971798,56.46714147691435,7.01708205210025,-5.0991551851112,35.58239445806751,59.351109131576166,11933877.65,,0.0,0.0,0
2019-08-26,1294.0,1294.0,1259.0,1266.800049,1262.061279,8778739.0,1241.9609740001436,1252.4055927964334,54.679731210185416,8.096685597877695,-2.4599870285134213,35.54079485391983,60.43488101679098,11874387.35,,0.0,0.0,1
2019-08-27,1285.0,1285.0,1261.199951,1274.849976,1270.081055,12984396.0,1245.0932599048917,1253.2857646867694,56.01349657303447,9.492418329208931,-0.0695059569689509,34.702170150068405,61.89028841092929,12057583.1,2019-08-27,-0.1909,-0.5,0
2019-08-28,1273.75,1281.0,1256.050049,1263.300049,1258.574341,5305639.0,1246.8272398187114,1253.6784817186608,53.57715279448367,9.556403718950378,1.8556759782149148,34.00558306792066,62.67194050578326,11919963.3,,0.0,0.0,0
2019-08-29,1256.449951,1260.25,1235.300049,1241.75,1237.104858,8635974.0,1246.3436931693104,1253.2106981218506,49.270986027648895,7.778537608702663,3.0402483043124646,33.57661284878347,62.1092792351312,11875094.8,,0.0,0.0,1
2019-08-30,1245.5,1254.400024,1221.0,1248.550049,1243.879517,11308120.0,1246.5538222960427,1253.0279275680525,50.61968048782394,6.839432313110365,3.800085106072045,33.563999359584656,60.80787370173206,11955219.85,,0.0,0.0,0
2019-09-03,1242.25,1243.0,1200.0,1206.400024,1201.887085,8563009.0,1242.729651029753,1251.1993823300895,42.99016823113759,2.663328650602125,3.5727338149780614,34.63443147675718,60.0046977230427,11866127.2,,0.0,0.0,0
2019-09-04,1200.550049,1205.25,1186.050049,1201.150024,1196.656738,15063355.0,1238.769686550729,1249.236662395576,42.13824594524008,-1.0577021807146139,2.6466466158395265,33.614113156988815,59.45846302565071,12076025.7,,0.0,0.0,0
2019-09-05,1206.800049,1213.199951,1193.300049,1198.599976,1194.116211,10512763.0,1234.9439998316118,1247.2509099879064,41.70592889071108,-4.1644087729914645,1.2844355380733286,32.63452664577533,56.423324433033024,11906790.8,,0.0,0.0,1
2019-09-06,1203.0,1229.0,1195.25,1222.5,1217.92688,10600234.0,1233.7588569905058,1246.280286066812,47.1759873551073,-4.644425883487884,0.09866325376108609,32.714203313934235,50.89942855757879,11772357.05,2019-09-06,0.0,0.0,0
2019-09-09,1220.650024,1233.0,1213.150024,1222.199951,1217.62793,5370758.0,1232.6580088009339,1245.335959201447,47.11621278159036,-4.9915152676830985,-0.9193724505277509,31.795329934367505,41.296739682423755,11461451.0,,0.0,0.0,1
2019-09-11,1222.5,1240.0,1222.5,1234.400024,1229.782349,5544468.0,1232.8239150103686,1244.9070989974687,49.89606829520968,-4.233342833446386,-1.582166527111478,30.795667010484106,35.46159390017664,11025527.6,2019-09-11,0.0258,0.0,0
2019-09-12,1235.0,1240.449951,1205.699951,1210.349976,1205.822266,5431139.0,1230.683539866524,1243.5519177034505,44.886984400775745,-5.509612215928655,-2.3676556648749134,31.0781193668781,30.680246505802913,10794887.1,,0.0,0.0,1
2019-09-13,1212.0,1228.5,1206.900024,1225.599976,1221.015259,5919260.0,1230.199390926855,1242.8479199895899,48.422790199874136,-5.230226550170073,-2.9401698419339457,30.401109126386807,30.536043771668883,8694677.9,,0.0,0.0,0
2019-09-16,1189.0,1219.099976,1186.099976,1210.75,1206.220825,9393731.0,1228.3470679814402,1241.5891780292138,45.37035141264214,-6.136344395514016,-3.5794047526499595,31.051029903073463,29.970104716182867,8440007.6,,0.0,0.0,0
2019-09-17,1211.0,1211.0,1193.5,1197.449951,1192.970581,7150435.0,1225.4044854117792,1239.8582279496368,42.76990667975509,-7.837308503455688,-4.430985502811105,30.08309919571107,30.478749074082994,8295154.55,,0.0,0.0,1
2019-09-18,1204.949951,1216.300049,1197.199951,1205.699951,1201.189697,6827281.0,1223.527863086848,1238.518687677102,44.88032020721259,-8.42253897545038,-5.229296197338961,29.298599110303126,28.623821825107015,8263525.65,,0.0,0.0,0
2019-09-19,1207.849976,1209.699951,1172.650024,1179.050049,1174.639526,6293454.0,1219.2918807928622,1236.1865841995686,39.77753460693884,-10.910987636124673,-6.365634485096104,29.85226538813862,29.51333722411745,8236025.35,,0.0,0.0,1
2019-09-20,1187.949951,1269.900024,1174.300049,1254.349976,1249.657715,22019674.0,1222.6307470030658,1236.8988740740954,55.25710960940277,-6.729453377267191,-6.438398263530322,34.54853036041444,28.52224082022229,9092931.4,2019-09-20,0.6486,1.0,0
2019-09-23,1274.150024,1281.0,1235.0,1239.199951,1234.564331,9879751.0,1224.2087664313453,1236.9891123849152,52.342003790699735,-4.585182623150786,-6.067755135454416,35.36649247752769,28.32867880034157,9266172.1,,0.0,0.0,1
2019-09-24,1243.599976,1298.800049,1242.75,1278.699951,1273.916626,15982067.0,1229.3984030569316,1238.624831546291,58.49066255162314,0.2980515303381708,-4.794593802295898,37.09746430056142,28.583089946341328,9578212.35,,0.0,0.0,1
2019-09-25,1284.0,1295.0,1268.849976,1279.550049,1274.76355,8316894.0,1234.1747502896048,1240.229742034672,58.61441400379566,4.188364721472226,-2.9980020975422734,36.31550427909275,29.592939756235165,9555120.1,,0.0,0.0,1
2019-09-26,1292.0,1298.800049,1283.5,1296.800049,1291.948975,8389212.0,1240.1390644524995,1242.4481854450771,61.14573919863591,8.564668620834027,-0.6854679538670132,35.096539687728985,31.687643077778795,9325360.9,,0.0,0.0,1
2019-09-27,1292.5,1315.0,1284.0,1309.050049,1304.153198,8712980.0,1246.7020153617852,1245.0600232315448,62.88200042932781,12.873001663116838,2.026225969529757,34.80392971003406,35.56949496628082,9495727.95,,0.0,0.0,1
2019-09-30,1310.0,1335.75,1305.550049,1332.25,1327.266357,11549746.0,1254.8494424701867,1248.4792380067784,65.9823874467202,17.952483737120247,5.211477523047855,34.47507408788878,41.91725758667719,9641416.55,,0.0,0.0,0
2019-10-01,1337.0,1342.0,1293.300049,1304.900024,1300.018677,8192597.0,1259.616164520645,1250.6918178496496,59.656207341046425,19.545783758209836,8.07833877008025,35.491136724468156,44.50388273899733,9485640.4,,0.0,0.0,1
2019-10-03,1286.0,1314.699951,1281.300049,1311.050049,1306.14563,6183107.0,1264.5146297091549,1253.0588073065262,60.57164093202739,21.06195205099266,10.675061426262733,35.34176281557758,46.40169258912006,9366645.3,,0.0,0.0,0
2019-10-04,1319.900024,1328.599976,1303.849976,1308.099976,1303.206665,6853954.0,1268.6656150701876,1255.2172845101918,59.8698642087189,21.774477487777403,12.894944638565669,34.58520832875061,47.15631604394293,8956175.25,2019-10-04,0.0,0.0,1
2019-10-07,1308.099976,1320.800049,1301.699951,1310.099976,1305.199219,4599818.0,1272.6117446825508,1257.369546921557,60.20647185906352,22.24412587855977,14.76478088656449,33.47912901955413,47.22284525450533,8660528.0,,0.0,0.0,1
2019-10-09,1308.699951,1329.949951,1292.5,1324.75,1319.794434,8040938.0,1277.577292808022,1260.0119176305154,62.6761097544082,23.52725259067074,16.517275227385742,33.76275916101455,48.84362482016516,8532563.2,,0.0,0.0,1
2019-10-10,1325.0,1369.0,1321.0,1362.75,1357.652222,16003744.0,1285.6889792072582,1264.040862037162,68.19060955533337,27.295773489439625,18.67297487979652,34.7797049352278,52.80909578336745,9064212.5,2019-10-10,0.765,1.0,0
2019-10-11,1363.699951,1365.599976,1336.550049,1352.599976,1347.540161,7587648.0,1292.0614550922812,1267.5137684670772,65.4106661799504,29.127566883182,20.763893280473617,34.37043508271153,55.3178950841028,9166371.5,,0.0,0.0,1
2019-10-14,1364.949951,1364.949951,1350.849976,1358.0,1352.920044,6123412.0,1298.341316512064,1271.062248135035,66.20014328638408,30.661565708670423,22.74342776611298,32.922545076803566,56.131090243528035,9200985.15,2019-10-14,0.0,0.0,1
2019-10-15,1362.5,1370.0,1354.300049,1364.150024,1359.046997,4422075.0,1304.608812463296,1274.7127491493472,67.1205663140644,32.00459729321392,24.595661671533172,31.692359785603315,57.336241244269175,9126125.9,,0.0,0.0,1
2019-10-16,1369.900024,1379.650024,1363.699951,1372.349976,1367.216309,8870701.0,1311.0603518477442,1278.5416600062356,68.35781846401204,33.34623248573939,26.345775834374418,30.567910729488794,57.12036921664914,9099974.4,,0.0,0.0,1
2019-10-17,1375.0,1399.0,1372.0,1396.5,1391.276001,7332464.0,1319.197461195578,1283.167477260893,71.73166315060686,35.94385476494631,28.2653916204888,30.313059963096737,56.18768728995542,9109075.85,,0.0,0.0,1
2019-10-18,1404.0,1427.900024,1398.699951,1416.349976,1411.051758,12856410.0,1328.450081653142,1288.3903203487014,74.16957153601558,39.15288620575029,30.4428905375411,30.390700251446976,55.94321344552298,9410532.3,,0.0,0.0,0
2019-10-22,1425.0,1436.849976,1403.349976,1414.150024,1408.859985,12703054.0,1336.6119809242714,1293.3220734330662,73.41389955573601,41.04540314420615,32.56339305887411,30.612793090629335,49.66176442963606,9731012.3,2019-10-22,-0.4939,-1.0,0
2019-10-23,1416.300049,1425.949951,1383.150024,1392.400024,1387.191406,8432964.0,1341.9251278838647,1297.2074832592205,66.22951063301679,40.325347718276134,34.11578399075452,31.483302655584385,48.27311206226194,9051676.8,,0.0,0.0,1
2019-10-24,1401.0,1441.400024,1386.550049,1436.449951,1431.076538,10351384.0,1350.9274919901634,1302.6679721902315,72.16969722985313,42.815607897752216,35.85574877215406,33.152350680185506,47.5600200855321,9075258.45,,0.0,0.0,0
2019-10-25,1441.099976,1441.449951,1411.25,1431.199951,1425.846191,6190013.0,1358.5724880863384,1307.7084419474775,70.57631307456455,43.8599358685924,37.45658619144173,32.94146498874369,48.41138873549659,8585655.75,,0.0,0.0,0
2019-10-27,,,,,,,1358.5724880863384,1307.7084419474775,70.57631307456455,43.8599358685924,38.73725612687186,,,,,0.0,0.0,0
2019-10-29,1445.5,1480.0,1442.099976,1467.050049,1461.562134,11780494.0,1369.8778418292013,1314.2017875005567,70.57631307456455,48.214490167945996,40.63270293508669,,,,,0.0,0.0,1
2019-10-30,1480.0,1484.550049,1460.300049,1479.099976,1473.567017,7470723.0,1381.1594816393247,1320.9112680328574,72.3277300667645,50.89462685507897,42.685087719085146,,,,,0.0,0.0,0
2019-10-31,1484.0,1489.650024,1461.699951,1464.349976,1458.872192,8898168.0,1389.683650504349,1326.7390079091006,67.065341684762,51.23781512157825,44.39563319958377,,,,,0.0,0.0,0
2019-11-01,1455.0,1461.800049,1441.0,1456.900024,1451.450073,6356579.0,1396.521598830097,1332.0198290464054,64.51225012717232,50.328489927279406,45.5822045451229,,,,,0.0,0.0,1
2019-11-04,1465.900024,1471.0,1445.099976,1457.650024,1452.197266,6429329.0,1402.700105035391,1337.1099272314034,64.65811490359533,49.10234067331544,46.28623177076141,,,,,0.0,0.0,0
2019-11-05,1463.099976,1468.949951,1441.0,1447.300049,1441.885986,5799318.0,1407.1818524384562,1341.5686473481348,60.93584770579144,46.75647256068487,46.380279928746106,,,,,0.0,0.0,0
2019-11-06,1442.699951,1446.449951,1428.5,1434.900024,1429.532349,6686289.0,1409.9526430938304,1345.3404891889554,56.72267598018049,43.39652862559615,45.78352966811612,,,,,0.0,0.0,1
2019-11-07,1435.0,1463.0,1432.199951,1458.599976,1453.143677,6438749.0,1414.7927061289033,1349.9122186833563,62.11431749080072,42.16014104539181,45.058851943571256,,,,,0.0,0.0,0
2019-11-08,1449.0,1459.650024,1441.300049,1445.5,1440.092651,5494844.0,1417.834919146399,1353.766198394353,57.825958204419045,39.665991539016204,43.980279862660254,,,,,0.0,0.0,0
2019-11-11,1439.099976,1444.25,1422.550049,1427.800049,1422.458984,5192423.0,1418.8184080384026,1356.7478616346568,52.54716129711045,35.84788980565622,42.35380185125945,,,,,0.0,0.0,1
2019-11-13,1430.0,1475.900024,1430.0,1472.300049,1466.79248,11532364.0,1424.07850011613,1361.3967263351226,61.95139623817504,35.9978341478311,41.08260831057378,,,,,0.0,0.0,0
2019-11-14,1476.0,1481.599976,1455.800049,1462.75,1457.278198,6518339.0,1427.8701554843324,1365.4702052935215,59.23812716504345,34.943252909958574,39.85473723045074,,,,,0.0,0.0,1
2019-11-15,1465.650024,1486.800049,1463.150024,1470.849976,1465.347778,7173674.0,1432.0724250749736,1369.7013864865578,60.80604628721705,34.364952271625725,38.756780238685735,,,,,0.0,0.0,0
2019-11-18,1472.650024,1486.0,1455.400024,1459.199951,1453.741455,6435097.0,1434.7180602841972,1373.2915490255355,57.386956332764356,32.59089761456585,37.52360371386176,,,,,0.0,0.0,1
2019-11-19,1467.0,1514.900024,1465.0,1509.75,1504.102295,13795569.0,1442.0189118859842,1378.7605555040996,66.25378371603688,34.86204505288583,36.99129198166658,,,,,0.0,0.0,1
2019-11-20,1555.050049,1572.400024,1543.199951,1547.650024,1541.860596,19904164.0,1452.2759799801065,1385.5235051610014,71.10787339323453,39.267509546693645,37.44653549467199,,,,,0.0,0.0,0
2019-11-21,1545.0,1556.0,1528.550049,1537.599976,1531.848145,6810577.0,1460.545751901115,1391.6081632983112,68.30223957164979,41.46987807549772,38.25120401083714,,,,,0.0,0.0,1
2019-11-22,1542.099976,1569.5,1537.599976,1546.5,1540.714844,10218978.0,1468.8626043646038,1397.8005437869317,69.45173582626467,43.432762705466985,39.28751574976311,,,,2019-11-22,0.5994,1.0,1
2019-11-25,1551.150024,1564.800049,1551.0,1561.550049,1555.708618,6924313.0,1477.8173347608335,1404.3420511807014,71.34418067454477,45.676248729454755,40.56526234570144,,,,,0.0,0.0,0
2019-11-26,1568.099976,1576.349976,1556.0,1560.25,1554.413452,16152137.0,1485.7704014938597,1410.5657427635958,70.93538516529979,46.80973103623205,41.81415608380757,,43.443877466010655,8800606.4,,0.0,0.0,1
2019-11-27,1559.949951,1575.5,1556.099976,1569.849976,1563.977539,4408336.0,1493.8723031251411,1416.9197433467934,72.20203249941103,47.930152797538994,43.03735542655385,,47.31893452555823,8431998.5,,0.0,0.0,1
2019-11-28,1572.650024,1584.150024,1563.949951,1580.300049,1574.388428,6284885.0,1502.191142042529,1423.432742139938,73.55316726911934,49.095387604289044,44.24896186210089,,51.486238595761,8372706.6,,0.0,0.0,0
2019-11-29,1581.949951,1581.949951,1547.849976,1551.150024,1545.347534,8484822.0,1506.8987569824592,1428.5207699458035,64.18182160883418,47.12347114115278,44.82386371791127,,52.54043855175891,8352039.3,2019-11-29,-0.3818,-1.0,1
2019-12-02,1600.0,1614.449951,1577.0,1586.5,1580.565186,14275186.0,1514.545764194336,1434.8104640982,69.29150495024666,47.86144383651731,45.43137974163248,,55.14291070038007,8747969.65,,0.0,0.0,0
2019-12-03,1592.75,1594.0,1572.599976,1578.900024,1572.993652,5938786.0,1520.7229314060849,1440.543735920424,67.0760360300153,47.28793212107303,45.80269021752059,,56.384157199187754,8723442.5,2019-12-03,0.0,0.0,0
2019-12-04,1573.0,1577.5,1533.75,1552.699951,1546.891602,9594828.0,1523.7900103338734,1445.0038315329168,59.958767835409134,44.20967145374698,45.484086464765866,,55.08073762808886,8913218.0,,0.0,0.0,0
2019-12-05,1574.0,1579.75,1544.0,1550.849976,1545.048584,9117022.0,1526.3837136174882,1449.2106772065727,59.47886133858851,41.14653849269371,44.61657687035144,,52.14936669381981,9034754.65,2019-12-05,0.1779,1.0,1
2019-12-06,1553.0,1568.0,1541.099976,1554.900024,1549.083496,5982129.0,1529.1153357868407,1453.4090690744815,60.22935250669568,38.600822326709704,43.41342596162309,,50.45150830898638,9011923.65,,0.0,0.0,1
2019-12-09,1556.150024,1577.400024,1546.5,1572.599976,1566.717163,5779807.0,1533.2784935784891,1458.141390438744,63.41814507868545,37.57838193083376,42.246417155465224,,47.66012454512704,9026171.8,,0.0,0.0,0
2019-12-10,1572.050049,1573.599976,1554.150024,1561.949951,1556.107056,4650906.0,1536.0220851239699,1462.260965107312,60.28599020155989,35.499506328015514,40.89703498997528,,41.11004603926131,8999095.95,,0.0,0.0,1
2019-12-11,1555.599976,1574.5,1550.599976,1562.400024,1556.55542,5652698.0,1538.545066408938,1466.2330564550327,60.37505690153372,33.50210811694137,39.4180496153685,,38.203388140728215,8705112.65,,0.0,0.0,1
2019-12-12,1570.25,1573.849976,1556.650024,1568.199951,1562.333618,4720977.0,1541.3803185495242,1470.275830758264,61.571118688844635,32.018076822031844,37.938055056701174,,33.38574425613384,8615244.55,,0.0,0.0,1
2019-12-13,1580.0,1590.0,1572.400024,1582.900024,1576.97876,5791522.0,1545.3484767550901,1474.7392155030388,64.49622182033225,31.663151268219508,36.68307429900484,,28.608682906191984,8546136.95,2019-12-13,0.0,0.0,0
2019-12-16,1592.0,1593.900024,1564.349976,1566.599976,1560.739624,5436951.0,1547.3788641748883,1478.3782186593403,59.12232843969436,29.72395332983956,35.29125010517179,,17.736421565393833,8496229.65,,0.0,0.0,0
2019-12-17,1566.75,1579.0,1555.550049,1562.699951,1556.854248,9291724.0,1548.8422115268409,1481.717237107583,57.87969175154447,27.554791089458377,33.74395830202911,,13.18424172296946,8271037.4,,0.0,0.0,1
2019-12-18,1563.0,1580.0,1562.0,1575.849976,1569.955078,6739582.0,1551.421070298505,1485.4433306115066,60.86635855273922,26.59029513372434,32.313225668368155,,12.984885568803662,7612808.3,,0.0,0.0,1
2019-12-19,1573.699951,1614.900024,1571.800049,1609.949951,1603.92749,9375484.0,1557.0083648145928,1490.3699139485686,67.33471383901463,28.25183852870532,31.50094824043559,,15.088337671918731,7741053.65,,0.0,0.0,0
2019-12-20,1615.0,1617.550049,1596.099976,1599.099976,1593.118042,9724619.0,1561.0256215534152,1494.6707181996426,63.72547166379206,28.366134196810208,30.873985431710516,,15.744683545206344,7716335.7,,0.0,0.0,0
2019-12-23,1560.099976,1577.550049,1557.800049,1571.400024,1565.521729,11478429.0,1562.0155620885546,1497.70470736573,55.54042489890667,25.922738515732135,29.88373604851484,,15.604742236682656,7944041.5,,0.0,0.0,0
2019-12-24,1568.900024,1572.050049,1542.5,1546.449951,1540.665039,8251144.0,1560.5305411793418,1499.631537994234,49.38723515176983,21.722662132941878,28.25152126540025,,16.388315298823134,7548991.85,,0.0,0.0,0
2019-12-26,1541.650024,1552.949951,1510.150024,1515.400024,1509.731201,13605737.0,1556.2256252320758,1500.2546490009504,43.00230320090911,15.707535039497543,25.74272402021971,,20.47391226784292,8008861.9,,0.0,0.0,1
2019-12-27,1527.0,1546.199951,1521.300049,1542.349976,1536.580322,8081591.0,1554.9022514658077,1501.9175975459718,49.14750212127033,12.965679099738963,23.187315036123564,,20.9813800866409,8098697.2,,0.0,0.0,1
2019-12-30,1545.949951,1547.650024,1528.050049,1544.199951,1538.423462,7828402.0,1553.8816706400796,1503.5874524225114,49.54960369038975,10.8173206956576,20.71331616803037,,21.289339536467946,8065876.2,,0.0,0.0,0
2019-12-31,1542.0,1543.699951,1508.050049,1514.050049,1508.386353,10150467.0,1550.083758355611,1504.0005366940863,43.51111302876704,6.605739214446658,17.89180077731363,,23.53656092466103,7859640.25,,0.0,0.0,0
2020-01-01,1518.0,1527.099976,1505.5,1509.599976,1503.952881,6402372.0,1546.2240918175748,1504.221554913799,42.68427202302718,2.8757964560684286,14.88859991306459,,25.85389882594707,7882819.55,,0.0,0.0,1
2020-01-02,1512.0,1540.949951,1512.0,1535.300049,1529.556763,8096561.0,1545.1827136775835,1505.4479557025334,48.742319448319044,1.970852295446548,12.305050389540982,,26.33722340430457,7807906.2,,0.0,0.0,1
2020-01-03,1533.0,1541.650024,1523.0,1537.150024,1531.399902,9593498.0,1544.4170349657497,1506.6986562903207,49.158891427467196,1.3869669582588813,10.121433703284563,,26.69062406578264,7831730.0,,0.0,0.0,0
2020-01-06,1520.0,1527.900024,1498.0,1501.5,1495.883179,11209343.0,1540.3265050225318,1506.493608840223,42.064355490403486,-1.9301755134208634,7.711111859943478,,29.40779234069621,8093090.7,2020-01-06,0.0,0.0,1
2020-01-07,1519.0,1534.5,1513.5,1524.599976,1518.896729,7627191.0,1538.8276817287342,1507.2076054405225,47.365047082540045,-2.6643468799686616,5.6360201119610505,,29.764928147345973,8185459.9,2020-01-07,0.0827499999999999,0.0,0
2020-01-08,1515.0,1534.449951,1510.0,1513.150024,1507.489624,7336561.0,1536.3806267577793,1507.4418845122132,45.15951788498806,-4.122575923503518,3.684300904868137,,30.850715643504593,8319742.65,,0.0,0.0,1
2020-01-09,1538.599976,1550.0,1531.25,1548.0,1542.209229,6849606.0,1537.4878739173428,1509.0405484790917,52.42141164957142,-2.438027078142113,2.4598353082660873,,30.69265433807132,8379588.05,,0.0,0.0,0
2020-01-10,1551.900024,1557.949951,1539.650024,1547.650024,1541.860596,5704686.0,1538.4562042799032,1510.5620979022399,52.34644703714189,-1.118358380743075,1.7441965704642548,,30.337639814467046,8428773.5,,0.0,0.0,0
2020-01-13,1545.050049,1558.699951,1538.400024,1543.699951,1537.925293,8358090.0,1538.9558452053623,1511.8677657544777,51.452107767251526,-0.3867906277298516,1.3179991308254335,,29.16675233015659,8557101.9,,0.0,0.0,0
2020-01-14,1540.0,1550.0,1521.849976,1529.400024,1523.678833,7230788.0,1538.0453771180144,1512.558427950764,48.23898975220867,-0.9499520562496855,0.8644088934104097,,28.931189850334516,8646793.75,,0.0,0.0,0
2020-01-15,1535.849976,1539.900024,1518.25,1523.849976,1518.149536,7231393.0,1536.6929101629378,1513.0031656737938,47.01189288716714,-1.8230886050189383,0.32690939372454014,,28.88371193914287,8543777.2,,0.0,0.0,1
2020-01-16,1529.0,1543.349976,1528.0,1537.900024,1532.147095,5873662.0,1536.8079136983222,1513.9836050171605,50.44830254645018,-1.3655924582708394,-0.011590976674535791,,27.74146895022972,8500481.2,,0.0,0.0,1
2020-01-17,1553.5,1584.949951,1553.199951,1581.0,1575.085815,13469708.0,1541.0180190616338,1516.6222798284336,59.191347044992284,2.4465817246034476,0.48004356358106093,,24.44429612080165,8705192.4,,0.0,0.0,0
2020-01-20,1609.0,1609.0,1526.400024,1532.349976,1526.617798,14878868.0,1540.192254200922,1517.241437640443,48.73785728356939,1.5245330106204165,0.6889414529889322,,19.824582648175255,8962904.85,,0.0,0.0,1
2020-01-21,1528.599976,1545.849976,1522.0,1533.900024,1528.161987,8650831.0,1539.592838562709,1517.8971426872365,49.04661858063185,0.9084071291738383,0.7328345882259134,,17.873021660948968,8821524.95,,0.0,0.0,0
2020-01-22,1544.0,1546.75,1531.099976,1533.349976,1527.614014,4719245.0,1538.998140533321,1518.5052990148463,48.933982691540265,0.37145673055692896,0.6605590166921165,,17.59494393815631,8644930.0,,0.0,0.0,0
2020-01-23,1536.5,1541.949951,1520.699951,1526.849976,1521.138306,5142088.0,1537.8409265493892,1518.8336632572064,47.544461721716694,-0.5719825473399851,0.41405070388569615,,17.19370980199692,8221747.55,,0.0,0.0,0
2020-01-24,1527.0,1536.349976,1518.550049,1521.550049,1515.858276,6687633.0,1536.2891160172444,1518.9405390574932,46.38781775188765,-1.7274122545545652,-0.014241887802356135,,17.226944788335974,8152049.65,,0.0,0.0,0
2020-01-27,1514.900024,1524.449951,1505.0,1506.550049,1500.914307,6120429.0,1533.4563311034628,1518.453099997336,43.185641770340524,-3.8095590365085172,-0.7733053175435884,,17.86350852161021,8066651.0,,0.0,0.0,0
2020-01-28,1508.599976,1510.0,1463.599976,1471.75,1466.244507,11215313.0,1527.5786125087845,1516.6160386219315,36.833034178914176,-8.173529124517927,-2.2533500789384564,,21.906635959079836,8119893.3,2020-01-28,0.7003,1.0,1
2020-01-29,1474.050049,1494.400024,1464.050049,1479.849976,1474.314209,11313297.0,1523.0323806503206,1515.1700219073152,39.07932467833567,-10.853296445613296,-3.9733393522734244,,24.117090332899366,8365439.55,2020-01-29,-0.4767,-1.0,0
2020-01-30,1479.0,1479.699951,1440.0,1443.75,1438.349243,10241756.0,1515.4807047191089,1512.3613795686856,33.38171814555956,-15.708915122304916,-6.320454506279723,,30.258663904467763,8472699.3,,0.0,0.0,0
2020-01-31,1453.0,1453.25,1407.199951,1411.650024,1406.369385,15886673.0,1505.590915547903,1508.4012707022096,29.292136100990476,-21.89483763968701,-9.435331132961181,,38.74927515473996,8787358.05,,0.0,0.0,0
2020-02-03,1369.900024,1399.949951,1363.050049,1385.5,1380.317139,14040626.0,1494.1524790433277,1503.5691345832643,26.449390621956084,-28.577886111827183,-13.263842128734382,,48.44231552971948,8928922.2,,0.0,0.0,1
2020-02-04,1400.0,1432.5,1397.800049,1426.400024,1421.064209,11604666.0,1487.6992484555603,1500.5353678231954,36.78310082804114,-30.225538856531557,-16.656181474293817,,51.72996810464118,9127795.95,,0.0,0.0,1
2020-02-05,1434.900024,1452.800049,1430.300049,1448.5,1443.081421,8444823.0,1483.9656643401672,1498.4898891144985,41.56088529013023,-29.409023247892264,-19.206749829013507,,53.1870410380204,9183209.05,,0.0,0.0,1
2020-02-06,1454.099976,1467.0,1440.099976,1457.800049,1452.34668,7103715.0,1481.4735062941295,1496.8905460787712,43.49618940348509,-27.69227322690267,-20.90385450859134,,52.87528482150892,9195914.5,2020-02-06,0.6808,1.0,0
2020-02-07,1451.0,1452.349976,1428.300049,1433.650024,1428.286987,5581641.0,1476.9185670013812,1494.4050562402529,39.809400589052906,-27.95815741869842,-22.314715090612758,,53.28926280364261,9189762.25,,0.0,0.0,1
2020-02-10,1428.0,1445.5,1410.449951,1435.599976,1430.229736,6922631.0,1472.983211445273,1492.0940887614568,40.249780575925925,-27.69230803712844,-23.390233679915895,,53.19416096898964,9117989.3,,0.0,0.0,1
2020-02-11,1447.400024,1466.199951,1445.050049,1452.75,1447.315552,6400245.0,1471.0561274330573,1490.5480428176008,44.12204414870292,-25.80034654402243,-23.872256252737206,,52.665684148646825,9076462.15,,0.0,0.0,1
2020-02-12,1456.150024,1474.849976,1455.0,1470.300049,1464.799927,6187091.0,1470.9841161937404,1489.75245112541,47.84685475848722,-22.624015578836634,-23.622608117957093,,51.79209358680664,9024247.05,,0.0,0.0,1
2020-02-13,1477.75,1477.75,1462.599976,1474.150024,1468.635498,6201763.0,1471.2856455035428,1489.139441773493,48.655433715076775,-19.5704931351288,-22.812185121391437,,49.94044454120286,9040652.1,,0.0,0.0,1
2020-02-14,1477.25,1501.449951,1453.099976,1487.599976,1482.035156,9704655.0,1472.8394578461919,1489.0789616066118,51.48528074900945,-15.882176039515798,-21.426183305016313,,43.605614731089034,8852399.45,,0.0,0.0,0
2020-02-17,1489.0,1506.150024,1474.300049,1478.25,1472.720215,6011340.0,1473.3547675532595,1488.6535601039532,49.44511114239626,-13.557342485522668,-19.852415141117586,,41.259515366624775,8409023.05,2020-02-17,0.0,0.0,0
2020-02-18,1475.900024,1475.900024,1457.400024,1467.400024,1461.910767,5086964.0,1472.7876292261758,1487.8186996823001,47.11209077104125,-12.44691721688946,-18.371315556271963,,38.32825340253252,8230829.7,,0.0,0.0,1
2020-02-19,1479.349976,1506.449951,1475.099976,1503.800049,1498.174683,6438918.0,1475.7412867520843,1488.446422260964,54.81488283126444,-8.531375001101196,-16.40332744523781,,36.0855097946248,8316813.35,,0.0,0.0,0
2020-02-20,1497.0,1508.0,1483.800049,1485.949951,1480.391357,7722577.0,1476.713568407807,1488.348370901153,50.899879501644854,-6.7903582907131295,-14.480733614332875,,33.406654079065675,8445837.8,2020-02-20,0.0,0.0,0
2020-02-24,1469.75,1477.0,1439.550049,1444.949951,1439.544678,9769743.0,1473.6883833964846,1486.6439581194104,43.25758378564474,-8.619586129688514,-13.308504117404004,,30.501311601410688,8599943.3,,0.0,0.0,0
2020-02-25,1451.400024,1451.400024,1410.0,1416.400024,1411.101563,12684109.0,1468.2322209217805,1483.885384777872,38.87995739857308,-12.231999996353807,-13.093203293193966,,29.645993032882973,8928127.3,,0.0,0.0,0
2020-02-26,1410.0,1412.349976,1387.349976,1392.0,1386.792847,13423661.0,1460.9718550041275,1480.2771235026908,35.56715523543674,-16.869283430392443,-13.848419320633662,,32.34505452736345,9038544.7,,0.0,0.0,0
2020-02-27,1388.0,1393.800049,1369.0,1386.25,1381.064331,11454300.0,1453.8553509325093,1476.5849553706848,34.81433701060048,-20.768929614549506,-15.23252137941683,,34.47176059677294,9045594.85,,0.0,0.0,0
2020-02-28,1354.900024,1357.0,1325.0,1328.650024,1323.67981,17973847.0,1441.9308264938616,1470.7762848163657,28.342612593629028,-28.18239488573181,-17.822496080679826,,43.21403320329461,9432199.4,,0.0,0.0,0
2020-03-02,1355.099976,1369.0,1301.099976,1316.150024,1311.226563,13486634.0,1429.951513766229,1464.705178577278,27.162550585487466,-34.666649501207985,-21.191326764785458,,51.01175699270014,9312197.45,,0.0,0.0,1
2020-03-03,1329.699951,1353.900024,1322.0,1342.849976,1337.82666,12525809.0,1421.6560110021258,1459.920992486257,33.52879958317922,-37.22193373269283,-24.397448158366934,,53.97772802189587,9236456.6,,0.0,0.0,0
2020-03-04,1352.0,1353.800049,1307.900024,1339.699951,1334.688477,10105782.0,1413.8505713164598,1455.2011805773516,33.160552888304395,-39.051039512543184,-27.328166429202184,,57.834564802852746,9161512.4,,0.0,0.0,0
2020-03-05,1352.199951,1357.949951,1306.0,1311.150024,1306.245239,13948324.0,1404.0694527098303,1449.546058954533,29.94990962219022,-42.3165605592917,-30.325845255220088,,63.19535393109563,9436687.45,2020-03-05,0.0,0.0,0
2020-03-06,1270.0,1288.150024,1241.099976,1271.0,1266.245483,15422068.0,1391.396037739382,1442.5370404126693,26.119842883290502,-47.59562813085495,-33.77980183034706,,70.8521015952561,9852605.1,,0.0,0.0,0
2020-03-09,1240.050049,1241.0,1095.0,1114.150024,1109.982178,40316138.0,1364.9914033354214,1429.646373830846,16.982830257426883,-63.70149820964821,-39.76414110620729,,96.91991590306193,11589329.95,,0.0,0.0,1
2020-03-11,1108.0,1178.449951,1108.0,1153.550049,1149.234863,27237321.0,1344.8539575114537,1418.8087725506753,24.159630060558413,-72.45109245132767,-46.30153137523136,,110.42629145169323,12605064.45,,0.0,0.0,0
2020-03-12,1085.0,1101.0,1048.699951,1063.0,1059.02356,25587823.0,1318.0105136297784,1404.842741532306,19.90144610617294,-85.7038999118879,-54.182005082562675,,129.92479911648317,13564443.35,,0.0,0.0,1
2020-03-13,998.0,1140.0,942.400024,1105.300049,1101.165405,33509107.0,1297.7522308655673,1393.085660188871,26.42523483281704,-91.73610811703475,-61.692825689457095,,139.26460212463252,14930544.15,,0.0,0.0,0
2020-03-16,1060.550049,1079.699951,1005.0,1015.700012,1011.900513,17592794.0,1270.8899428945228,1378.273744635989,22.28488038505698,-102.56435273226884,-69.86713109801946,,153.7143879418257,15500095.7,,0.0,0.0,0
2020-03-17,1047.25,1060.0,1003.200012,1008.0,1004.229309,20776373.0,1245.8526605235363,1363.7414429337532,21.966354630318364,-110.49344160480541,-77.99239319937665,,163.48652647923572,16053681.6,,0.0,0.0,0
2020-03-18,1025.300049,1035.900024,961.0,968.5,964.877075,20449241.0,1219.4379830636772,1348.2297154148669,20.358762062168836,-118.5975033527493,-86.11341523005119,,173.22203253694394,16775576.65,,0.0,0.0,0
2020-03-19,920.099976,967.0,892.200012,917.700012,914.26709,28071848.0,1190.7008972471472,1331.3335732013807,18.48510102788744,-127.64772167546585,-94.42027651913412,,183.82561949557567,17924820.85,2020-03-19,0.5319,1.0,1
2020-03-20,939.5,1034.900024,930.0,1017.950012,1014.14209,28966278.0,1174.248361439226,1319.0351930539487,31.820317956047248,-125.28652267844382,-100.59352575099606,,179.7770713916836,19051188.85,2020-03-20,-0.1697,-1.0,0
2020-03-23,916.200012,950.0,875.650024,884.049988,880.74292,18593390.0,1146.6103138899066,1301.965176097023,25.758932435875167,-132.69029720011076,-107.01288004081901,,183.24972383378443,19594729.5,,0.0,0.0,1
2020-03-24,930.0,970.0,895.799988,943.400024,939.870972,20908452.0,1127.2568850170346,1287.8944732496227,31.946799331243398,-132.24435929885158,-112.05917589242554,,180.80416268541686,20151664.95,2020-03-24,0.2263,1.0,1
2020-03-25,963.799988,1151.550049,963.25,1082.25,1078.201538,33432712.0,1122.9705014029942,1279.824846253001,43.75739244937546,-119.31156816482962,-113.50965434690636,,171.5292680775429,21189095.1,,0.0,0.0,0
2020-03-26,1095.800049,1116.900024,1042.349976,1066.199951,1062.211548,20912841.0,1117.563766781911,1271.4422715781936,42.83204006277158,-109.09970929726455,-112.627665336978,,162.36959630318194,21563554.1,,0.0,0.0,0
2020-03-27,1095.0,1107.300049,1046.199951,1065.599976,1061.61377,19044609.0,1112.6148214610253,1263.3652775806197,42.795606941398496,-99.90352489336283,-110.08283724825496,,151.37868521293635,21943069.55,,0.0,0.0,0
2020-03-30,1040.599976,1074.800049,1020.0,1030.449951,1026.595215,13820078.0,1104.789577297441,1254.2261825023165,40.615886845323665,-94.36402600263227,-106.93907499913043,,143.80060468069112,21735381.1,2020-03-30,0.0,0.0,1
2020-03-31,1073.949951,1129.800049,1048.0,1113.75,1109.58374,20249183.0,1105.6429527041848,1248.7143221971098,47.44716528211899,-82.30357109960846,-102.01197421922605,,134.68298096458636,22073508.55,,0.0,0.0,0
2020-04-01,1122.25,1124.599976,1045.199951,1080.449951,1076.408203,19016959.0,1103.243614588918,1242.1122779993839,45.20826942036438,-74.57297847644622,-96.5241750706701,,120.90446996541101,22398066.05,,0.0,0.0,0
2020-04-03,1134.449951,1134.449951,1056.300049,1077.449951,1073.419434,18911970.0,1100.7870709201793,1235.651696241442,45.00224492106084,-67.90572809104606,-90.80048567474529,,104.02451050704413,22838375.45,,0.0,0.0,1
2020-04-07,1102.099976,1214.0,1100.0,1206.099976,1201.588257,24857792.0,1110.8168872119877,1234.4922473457987,54.56466872066296,-51.645564363555195,-82.96950141250727,,92.97968592459276,23383848.85,,0.0,0.0,0
2020-04-08,1180.0,1229.0,1160.0,1192.150024,1187.69043,22803609.0,1118.5629112852266,1232.830999984333,53.47886156340203,-39.43038309143503,-74.26167774829283,,84.84324772596912,23752925.9,,0.0,0.0,1
2020-04-09,1214.0,1232.800049,1193.0,1219.949951,1215.386353,15101511.0,1128.2188322874442,1232.3256363349863,55.38425620864794,-27.19307728460126,-64.84795765555451,,91.72583041691038,22492194.55,,0.0,0.0,0
2020-04-13,1203.949951,1215.0,1180.0,1189.150024,1184.70166,10822858.0,1134.0218097006261,1230.6317521795236,52.80383395753542,-19.752526144949343,-55.82887135343348,,93.94363958041744,21671471.4,,0.0,0.0,0
2020-04-15,1197.050049,1236.0,1143.0,1149.849976,1145.548584,16147958.0,1135.5292557021646,1227.4625399243437,49.62661475523369,-16.832981062373847,-48.029693295221556,,95.96066932911745,21199478.15,,0.0,0.0,1
2020-04-16,1149.849976,1187.449951,1145.0,1168.050049,1163.680664,17123489.0,1138.626477071049,1225.1317200979302,51.09421143428407,-12.901901672180657,-41.00413497061338,,98.2868670505272,20380197.25,,0.0,0.0,1
2020-04-17,1216.0,1230.0,1192.650024,1224.0,1219.421265,15209621.0,1146.757295808069,1225.0873221130287,55.39637576289623,-5.211721994141271,-33.84565237531896,,103.1638109971127,20261038.6,2020-04-17,0.0,0.0,1
2020-04-20,1226.0,1257.0,1202.0,1243.800049,1239.147217,16472130.0,1155.9994700080695,1225.8214214995057,56.84323683251225,2.4522314857374568,-26.58607560310768,,107.84031647733775,20045826.45,2020-04-20,0.0,0.0,0
2020-04-21,1210.0,1252.0,1164.0,1237.349976,1232.721313,28057044.0,1163.7471427285457,1226.2736796926736,56.20364310141835,7.914272047058375,-19.686006073074473,,108.38527501841945,20426216.6,,0.0,0.0,1
2020-04-22,1320.0,1384.900024,1300.0,1363.599976,1358.499023,65230035.0,1182.7807580847498,1231.6608330760077,64.59983138871902,22.174682492001693,-11.313868360059239,,113.46713546632637,22284125.95,,0.0,0.0,1
2020-04-23,1367.349976,1385.849976,1353.300049,1370.900024,1365.771729,29928168.0,1200.6968890274934,1237.1229551952422,65.01744507199945,33.677005815054144,-2.3156935250365613,,122.56874154562045,22332220.45,,0.0,0.0,1
2020-04-24,1350.150024,1494.949951,1347.199951,1417.0,1411.699341,61711199.0,1221.2971961083936,1244.1791435271937,67.61559926346543,45.98250501328516,7.343946182627784,,120.67205218514435,24488110.9,,0.0,0.0,1
2020-04-27,1434.0,1475.0,1423.0,1429.75,1424.401611,26736415.0,1241.1498535129485,1251.4585993162277,68.31647505325688,56.11664250462559,17.098485447027347,,121.16820094354564,24779509.05,2020-04-27,-0.0688,-1.0,0
2020-04-28,1450.0,1455.449951,1392.150024,1428.150024,1422.807617,35866256.0,1258.959401200916,1258.3896574416926,68.11724711143214,63.28935450491076,26.33665925860403,,128.48415016265716,24901186.25,,0.0,0.0,0
2020-04-29,1444.900024,1453.650024,1420.0,1426.949951,1421.612061,17141303.0,1274.958507392765,1265.0016822474997,67.95716642401229,68.0920221347078,34.687731833824785,,131.96459607104939,24712609.35,,0.0,0.0,1
2020-04-30,1440.300049,1480.910034,1424.550049,1452.22998,1446.797485,32926121.0,1291.8415107138483,1272.345907728583,69.57901289749444,73.09545894854068,42.369277256767965,,134.64009766298216,25406684.95,,0.0,0.0,0
2020-05-04,1426.47998,1451.23999,1404.140015,1421.719971,1416.401611,24670336.0,1304.2108918147608,1278.2052006451124,65.28427315377678,73.74868697136094,48.64515919968656,,129.21570794281567,25949197.85,,0.0,0.0,1
2020-05-05,1440.050049,1465.109985,1433.609985,1446.930054,1441.517456,20723079.0,1317.803196883315,1284.8234747838637,67.0917786279687,75.43109518329857,54.00234639640897,,129.40461759117062,25972892.65,,0.0,0.0,1
2020-05-06,1450.25,1471.01001,1431.930054,1447.030029,1441.616943,18685710.0,1330.1105174293489,1291.1860061915243,67.09909444829515,75.89758286862525,58.38139369085223,,124.43355242457714,25956330.2,,0.0,0.0,1
2020-05-07,1441.339966,1499.439941,1431.430054,1492.800049,1487.21582,23087436.0,1345.6047621780708,1299.0942186681161,70.34901078064028,79.04930464067729,62.51497588081724,,118.88772467164499,26165103.5,2020-05-07,0.0,0.0,1
2020-05-08,1530.48999,1565.060059,1522.670044,1547.130005,1541.342529,38887255.0,1364.7976465338836,1308.823215521532,73.67333321221778,84.95176913284718,67.00233453122323,,125.02726198805088,26866576.65,,0.0,0.0,1
2020-05-11,1565.160034,1599.839966,1557.540039,1561.98999,1556.146973,30959745.0,1383.5778733394418,1318.7533869006957,74.5149476634522,89.7935077049708,71.56056916597274,,128.76995619064243,27274383.45,,0.0,0.0,0
2020-05-12,1550.109985,1553.619995,1451.23999,1465.359985,1459.878418,46465281.0,1391.3666472362563,1324.5038128274405,60.88469884327873,84.85522832182005,74.2195009971422,,126.19681331572667,28842571.95,,0.0,0.0,1
2020-05-13,1527.0,1527.0,1454.0,1496.449951,1490.852051,30657492.0,1401.3745825064445,1331.2480917633027,63.21607010074578,82.49930611198056,75.87546202010988,,121.08608489121708,29834303.65,,0.0,0.0,0
2020-05-14,1469.0,1496.699951,1430.050049,1435.949951,1430.578369,22736607.0,1404.6674752138044,1335.3548035557747,56.19673961816724,74.8871242539924,75.67779446688638,,107.40430447566841,30163736.1,,0.0,0.0,1
2020-05-15,1444.0,1466.699951,1415.099976,1459.400024,1453.940674,28683258.0,1409.880099580702,1340.2201831442037,58.13705139021204,69.94041068144907,74.53031770979892,,92.45592871849043,30741724.55,,0.0,0.0,0
2020-05-18,1470.0,1482.0,1428.0,1440.75,1435.360474,28980385.0,1412.8200904402431,1344.1631994226182,56.01201601074258,63.779987470123615,72.38025166186387,,80.38145577321276,31430262.75,,0.0,0.0,0
2020-05-19,1457.0,1461.699951,1403.25,1408.900024,1403.629639,19528760.0,1412.4467507398115,1346.702313275403,52.483817760729764,55.68586877783014,69.04137508505713,,67.83027002609896,31583094.25,,0.0,0.0,1
2020-05-20,1410.0,1446.849976,1393.0,1433.699951,1428.336792,25530626.0,1414.4708652438499,1350.1145209793588,54.86770219306452,50.68806775363646,65.370713618773,,48.90271359559515,31456773.35,,0.0,0.0,1
2020-05-21,1435.0,1461.449951,1425.0,1441.25,1435.858643,18076017.0,1417.021259250791,1353.689000438,55.5980500385107,46.79705299389889,61.65598149379818,,44.81664830247793,29099072.45,,0.0,0.0,0
2020-05-22,1451.800049,1458.0,1426.5,1431.550049,1426.194946,17458065.0,1418.4049536209266,1356.7428174078152,54.380491394093404,42.44145214232208,57.81307562350296,,40.98405249023468,28475567.3,2020-05-22,-0.6249,-1.0,0
2020-05-26,1448.150024,1449.699951,1416.300049,1424.050049,1418.723022,15329472.0,1418.9425817903411,1359.382684217205,53.40661951856721,37.94699048205757,53.83985859521388,,40.67596927405294,26156480.95,,0.0,0.0,1
2020-05-27,1431.0,1454.0,1412.0,1445.550049,1440.142578,16460756.0,1421.4766264488655,1362.7622486245684,55.84765637807414,35.70834399060186,50.21355567429148,,40.31976714395767,25642698.0,,0.0,0.0,1
2020-05-28,1455.0,1479.75,1449.0,1472.25,1466.742676,18518271.0,1426.3121861150137,1367.0564378141717,58.7386693090816,35.67739660281654,47.306323859996496,,39.95577486916467,24775298.75,,0.0,0.0,0
2020-05-29,1468.0,1472.0,1452.650024,1464.400024,1458.921997,18470390.0,1429.9395994371773,1370.8743047738806,57.545639643267414,34.620361143978016,44.7691313167928,,39.31634778178862,24841753.1,,0.0,0.0,1
2020-06-01,1480.0,1538.349976,1475.949951,1520.349976,1514.66272,18434012.0,1438.550111899394,1376.7367913033374,63.27156446634451,37.86090946376021,43.387486946186286,,41.54372012258946,24117147.65,,0.0,0.0,1
2020-06-02,1526.0,1540.0,1520.800049,1535.699951,1529.9552,10224049.0,1447.802477925281,1382.9713513398615,64.679063755692,41.19283667197965,42.948556891344964,,43.37825234999723,23394833.3,,0.0,0.0,1
2020-06-03,1545.0,1560.0,1533.349976,1541.650024,1535.883057,11713461.0,1456.7403398034128,1389.1947259289502,65.23520453107703,43.80853661378114,43.1205528358322,,45.98325681550716,22944352.4,,0.0,0.0,1
2020-06-04,1544.0,1589.5,1541.0,1579.800049,1573.890381,15784379.0,1468.4603125197712,1396.6702310448989,68.64420856072338,48.401938430135715,44.176829954692906,,51.269517025288856,22799285.85,,0.0,0.0,1
2020-06-05,1595.0,1618.0,1573.699951,1581.699951,1575.783203,15264885.0,1479.2450403370292,1403.92703210324,68.8082481448246,51.6007276089872,45.66160948555177,,56.07121889847622,22408158.3,,0.0,0.0,0
2020-06-08,1618.400024,1618.400024,1565.0,1569.5,1563.628784,14497996.0,1487.8407510284298,1410.4207203881733,66.40582961455159,52.54564352279999,47.03841629300142,,57.591051140812475,21188695.35,,0.0,0.0,0
2020-06-09,1560.300049,1583.0,1533.0,1537.150024,1531.399902,11933076.0,1492.5368723860624,1415.3909608195897,60.385233702599976,50.10652664019949,47.65203836244104,,56.103583930088064,20237361.9,,0.0,0.0,1
2020-06-10,1543.099976,1579.550049,1540.050049,1572.150024,1566.268921,10214213.0,1500.1190774802508,1421.5389262866165,64.17015589557373,50.416545873031964,48.20493986455922,,59.20509742630208,18424808.5,,0.0,0.0,0
2020-06-11,1566.0,1567.949951,1531.0,1537.699951,1531.947754,9408046.0,1503.6982083679225,1426.0946530358988,58.2689121451481,47.336736931541054,48.03129927795559,,60.16661414838209,17362336.2,,0.0,0.0,1
2020-06-12,1500.0,1593.0,1497.0,1588.800049,1582.856689,17790311.0,1511.803145727236,1432.4757849363823,63.614066493477395,48.460692308646,48.11717788409368,,62.382946093611146,17115021.4,,0.0,0.0,1
2020-06-15,1565.0,1626.949951,1561.099976,1614.550049,1608.510376,24509058.0,1521.5885652572365,1439.6165199839281,65.97884149872945,50.84315658063838,48.662373623402615,,66.65833519842691,16906311.4,,0.0,0.0,1
2020-06-16,1643.0,1648.550049,1585.300049,1617.699951,1611.648438,23622794.0,1530.7420307105313,1446.6007175472196,66.26764830022137,52.381624684556755,49.40622383563345,,69.09091287450806,16638431.85,,0.0,0.0,0
2020-06-17,1608.25,1635.449951,1602.099976,1615.349976,1609.307251,19282411.0,1538.7999303769677,1453.2188213288914,65.81873883946554,52.80257320261717,50.085493709030196,,67.66772274624086,16626114.4,,0.0,0.0,1
2020-06-18,1607.0,1665.0,1605.599976,1655.900024,1649.705688,18677617.0,1549.9523203899066,1461.167664391061,69.64050848615415,55.765399110469616,51.22147478931808,,69.87876633614628,16283463.95,,0.0,0.0,1
2020-06-19,1670.0,1788.800049,1662.0,1759.400024,1752.818481,48828609.0,1569.8997209668837,1472.863843584887,76.77754872312352,65.70760859257098,54.11870154996866,,82.00970187141965,17821093.55,,0.0,0.0,0
2020-06-22,1773.400024,1804.199951,1735.0,1746.150024,1739.618042,27781693.0,1586.6854642904118,1483.581646465864,74.36727840938124,71.69130424273521,57.633222088521975,,87.42841242660754,18337274.95,,0.0,0.0,0
2020-06-23,1750.0,1763.75,1716.099976,1720.900024,1714.462524,17519493.0,1599.4678034326776,1492.888831674926,69.86608080670811,73.54814494593779,60.81620666000514,,86.7221468361249,18446776.0,,0.0,0.0,1
2020-06-24,1735.900024,1772.699951,1711.699951,1727.849976,1721.386475,23807033.0,1611.6946771163662,1502.1035479787,70.39719049935991,74.71919129806611,63.59680358761734,,86.00128974552351,18814089.85,,0.0,0.0,0
2020-06-25,1727.0,1749.0,1713.050049,1717.900024,1711.473755,18312025.0,1621.809472136889,1510.5666435466883,68.53482974953246,73.99144863608058,65.67573259730999,,84.63536742652101,18803777.55,,0.0,0.0,1
2020-06-26,1728.800049,1752.0,1717.0,1741.650024,1735.134888,14270458.0,1633.2228581094957,1519.6292396577662,70.53834621662095,74.47265938653504,67.435117955155,,82.1619783425744,18593780.95,,0.0,0.0,0
2020-06-29,1728.050049,1739.75,1715.550049,1723.150024,1716.704102,11824524.0,1641.7873501539802,1527.610872314515,66.96165219382908,72.52520160542099,68.4531346852082,,81.19330731208778,18263306.55,,0.0,0.0,0
2020-06-30,1737.0,1741.0,1695.550049,1704.099976,1697.725342,13972563.0,1647.7218859832658,1534.5323680894724,63.39686718965981,68.65325562186536,68.49315887253964,,79.1433010944074,18450732.25,,0.0,0.0,1
2020-07-01,1720.0,1749.0,1708.050049,1737.599976,1731.099976,13136179.0,1656.2817041250244,1542.4961955327688,66.74916892689707,67.50967109774751,68.29646131758122,,78.10360212008608,18521868.15,,0.0,0.0,1
2020-07-02,1743.0,1767.599976,1735.050049,1760.349976,1760.349976,13286365.0,1666.1929681601828,1551.039884925736,68.83650455522758,67.65917415038757,68.16900388414248,,79.68284306035285,18396967.45,,0.0,0.0,1
2020-07-03,1779.800049,1793.0,1768.0,1787.900024,1787.900024,13583909.0,1677.784116385204,1560.3289397302049,71.19474030466002,69.20298607880477,68.37580032307494,,82.11994656762386,18312918.65,,0.0,0.0,1
2020-07-06,1805.0,1858.0,1792.099976,1851.800049,1851.800049,21697962.0,1694.357062412941,1571.7596781224236,75.77391881809726,74.72132521270646,69.64490530100124,,87.68578554057174,18672916.95,,0.0,0.0,0
2020-07-07,1860.0,1864.349976,1806.300049,1823.449951,1823.449951,16239990.0,1706.6516232739966,1581.6302987432575,70.42483003137089,75.93173893627409,70.90227202805582,,85.46490743157437,18888262.65,,0.0,0.0,0
2020-07-08,1824.050049,1834.949951,1790.0,1798.0,1798.0,12093186.0,1715.351468704157,1590.1157268804288,65.92566768320566,73.98455429307137,71.51872848105893,,82.52287841931886,18982211.3,,0.0,0.0,1
2020-07-09,1809.0,1835.0,1786.25,1824.25,1824.25,16807336.0,1725.7227574288586,1599.2978184528795,68.18346900899097,73.70987054933084,71.95695689471331,,75.31872964239743,19352175.8,,0.0,0.0,1
2020-07-10,1828.5,1884.599976,1824.25,1878.050049,1878.050049,20195218.0,1740.2301185686613,1610.2296849751528,72.2429435703698,76.94640576378674,72.954846668528,,75.39071042017747,19472421.15,,0.0,0.0,1
2020-07-13,1903.349976,1947.699951,1900.0,1935.0,1935.0,32124262.0,1758.7796311296484,1622.9662307953017,75.7675433490537,83.14828664390166,74.99353466360273,,81.09515285884217,19853181.35,,0.0,0.0,0
2020-07-14,1934.0,1941.699951,1887.300049,1917.0,1917.0,31073305.0,1773.8482377208602,1634.49736265627,72.62843073831007,85.62385386742267,77.11959850436672,,81.78086004369534,20225706.9,,0.0,0.0,0
2020-07-15,1937.949951,1978.800049,1798.0,1844.0,1844.0,64457578.0,1780.5293579508104,1642.7134233180636,61.500001811841955,80.76426859961248,77.84853252341588,,74.49147748667829,22484465.25,,0.0,0.0,0
2020-07-16,1847.0,1869.0,1812.449951,1843.400024,1843.400024,28133826.0,1786.517040442137,1650.5837354705109,61.41670863320849,75.98864936586256,77.47655589190522,,69.30921102530998,22957275.7,,0.0,0.0,1
2020-07-17,1845.0,1920.0,1838.0,1911.699951,1911.699951,22948894.0,1798.4392224188566,1660.8238988077815,66.91075380244129,76.82952705604862,77.3471501247339,,73.7521400858382,21663289.95,,0.0,0.0,1
2020-07-20,1917.800049,1932.0,1899.650024,1919.900024,1919.900024,16887635.0,1810.006917824065,1670.9840440364956,67.50894352692102,77.26692107478652,77.33110431474444,,77.2609050867259,21118587.05,,0.0,0.0,1
2020-07-21,1939.0,1977.0,1936.5,1971.550049,1971.550049,19463004.0,1825.3919779559485,1682.7712774453041,71.05803788884523,80.84930389773149,78.03474423134185,,82.4740386661171,21215762.6,,0.0,0.0,1
2020-07-22,1983.0,2010.0,1960.699951,2004.0,2004.0,27584518.0,1842.4022657895637,1695.3688223933632,73.04982746787576,85.32325457784259,79.492446300642,,88.93379074518184,21404636.85,,0.0,0.0,1
2020-07-23,2003.949951,2079.699951,1991.349976,2057.800049,2057.800049,26921017.0,1862.916340402743,1709.5821803922574,75.99898760866495,92.14788361123055,82.02353376275971,,97.49614380920406,21835086.45,,0.0,0.0,1
2020-07-24,2058.0,2163.0,2057.800049,2146.149902,2146.149902,55655668.0,1889.8909653425949,1726.7029099257209,79.89070649551584,103.49254837971148,86.31733668615007,,114.01452001320197,23904346.95,,0.0,0.0,1
2020-07-27,2178.800049,2198.800049,2127.899902,2156.199951,2156.199951,37060665.0,1915.2537259033666,1743.5463344946743,80.28237047709823,112.0031295472711,91.45449525837428,,124.87054301343208,25166154.0,,0.0,0.0,1
2020-07-28,2156.199951,2194.0,2150.649902,2177.699951,2177.699951,25435297.0,1940.2486045035887,1760.5723582484175,81.12913675314185,119.10967456974913,96.98553112064926,,131.7570739745291,25739290.7,,0.0,0.0,0
2020-07-29,2177.899902,2182.800049,2070.449951,2096.649902,2096.649902,33534147.0,1955.1439661804766,1773.7521611165757,69.08461175631503,116.85457431590976,100.95933975970136,,130.43938584514834,26759189.1,,0.0,0.0,1
2020-07-30,2099.0,2139.699951,2072.0,2108.850098,2108.850098,33623699.0,1969.7826454107756,1786.8935357875207,69.81114856502312,114.72931682568355,103.71333517289781,,129.11721026625605,27776055.8,,0.0,0.0,0
2020-07-31,2114.5,2129.0,2052.800049,2067.100098,2067.100098,34593133.0,1979.050974234177,1797.8822526579147,64.24686548508657,108.42628811595432,104.65592576150912,,125.40517297089266,28826517.0,,0.0,0.0,0
2020-08-03,2051.300049,2057.0,2003.099976,2009.0,2009.0,21559142.0,1981.9032624038487,1806.1615423256387,57.39140885613474,97.61762489191074,103.24826558758946,,122.72716510042311,28819576.0,,0.0,0.0,1
2020-08-04,2020.599976,2167.0,2000.25,2150.600098,2150.600098,42476932.0,1997.9696277063547,1819.66919110689,66.71367781278255,99.33258175179799,102.46512882043118,,123.3371777909167,30131423.1,,0.0,0.0,0
2020-08-05,2169.0,2196.0,2118.300049,2126.449951,2126.449951,34404810.0,2010.2058489776766,1831.7000268773786,64.13635032861924,97.61770623459483,101.49564430326392,,118.06213004910074,31247004.3,,0.0,0.0,1
2020-08-06,2157.0,2167.699951,2107.800049,2134.100098,2134.100098,22762545.0,2022.0053012701067,1843.5590594053508,64.60285674383532,95.77195843924073,100.35090713045929,,113.00335577806828,31544764.75,,0.0,0.0,1
2020-08-07,2129.800049,2157.800049,2120.199951,2146.449951,2146.449951,15222303.0,2033.8571726771247,1855.437332029761,65.38563049416544,94.21961486807459,99.12464867798236,,110.82981581103984,31296119.0,,0.0,0.0,0
2020-08-10,2159.100098,2165.0,2108.100098,2119.850098,2119.850098,12441573.0,2042.046975091435,1865.8066265480174,62.19535545491728,89.80773787222552,97.261266516831,,109.64932777561124,30311984.55,,0.0,0.0,1
2020-08-11,2134.800049,2160.0,2100.350098,2133.800049,2133.800049,21611256.0,2050.785363085244,1876.31633460586,63.209181374766004,86.44050568605076,95.09711435067496,,106.96892365303859,29838882.1,,0.0,0.0,0
2020-08-12,2121.0,2145.0,2106.800049,2127.600098,2127.600098,13967116.0,2058.1010521266517,1886.1707458506926,62.40813129440117,82.32270083721232,92.54223164798243,,95.53640480144895,27314359.0,,0.0,0.0,0
2020-08-13,2128.0,2138.899902,2110.0,2122.050049,2122.050049,11459190.0,2064.1914327826926,1895.421046289171,61.65487945796716,77.71561106861009,89.57690753210797,,79.68676838573109,26480627.2,,0.0,0.0,0
2020-08-14,2122.550049,2157.0,2089.25,2113.800049,2113.800049,15333164.0,2068.9160628996347,1903.9850458846756,60.486195443962316,72.56230015510573,86.17398605670752,,68.69328133978436,26099840.7,,0.0,0.0,0
2020-08-17,2105.0,2105.0,2070.100098,2091.350098,2091.350098,14296834.0,2071.0526376715106,1911.3327915466737,57.30307056576545,65.907005768114,82.12058999898882,,55.11635301486228,25970300.65,,0.0,0.0,1
2020-08-18,2085.0,2134.300049,2082.350098,2118.550049,2118.550049,14097746.0,2075.5762006559667,1919.4590611080782,60.046475483958304,62.11146345616157,78.11876469042338,,45.644655250740364,25702037.75,,0.0,0.0,1
2020-08-19,2141.0,2154.0,2121.350098,2131.550049,2131.550049,15731396.0,2080.907043356241,1927.7764556482384,61.32549721150212,59.46696206125671,74.38840416459004,,38.31828318847758,25109381.65,,0.0,0.0,0
2020-08-20,2120.0,2123.899902,2088.0,2097.050049,2097.050049,10401212.0,2082.4444724653904,1934.4147131496472,56.18501617081648,53.965236329508116,70.30377059757366,,36.078227591935935,24283391.4,,0.0,0.0,0
2020-08-21,2118.0,2122.0,2077.0,2081.850098,2081.850098,11667129.0,2082.387865373441,1940.196557693356,54.03593351815423,47.827247299454484,65.80846593794983,,36.37111042643117,22083964.45,,0.0,0.0,1
2020-08-24,2091.399902,2104.5,2070.5,2095.75,2095.75,15098991.0,2083.6604496237383,1946.2967583175628,55.70451086773319,43.58206577107103,61.36318590457408,,35.30952752427624,20985880.75,,0.0,0.0,0
2020-08-25,2106.0,2111.300049,2078.0,2082.100098,2082.100098,8947563.0,2083.511844707176,1951.6224345332867,53.64502036917114,38.670526057709594,56.824653935201184,,32.36763307305649,20161494.05,,0.0,0.0,1
2020-08-26,2085.0,2147.949951,2047.0,2137.300049,2137.300049,27630190.0,2088.6345308307928,1958.9039819282805,60.0737070372892,38.785178771654955,53.21675890249194,,32.907373806249794,19866296.2,,0.0,0.0,0
2020-08-27,2148.0,2150.0,2103.25,2110.600098,2110.600098,12961252.0,2090.7264896089937,1964.8529059909454,56.02632277361179,36.30309943618022,49.8340270092296,,32.907160504121165,18833173.85,,0.0,0.0,1
2020-08-28,2120.0,2132.899902,2106.25,2116.149902,2116.149902,12537520.0,2093.1477669797555,1970.7861759168227,56.67965455095564,34.38745925669218,46.74471345872212,,31.344493755632847,17730393.2,,0.0,0.0,0
2020-08-31,2174.0,2174.0,2060.350098,2080.699951,2080.699951,28648125.0,2091.9622606958847,1975.09655800553,51.42397015390177,29.66680536955255,43.32913184088821,,21.445216936679184,18084842.35,,0.0,0.0,1
2020-09-01,2100.0,2122.399902,2062.399902,2087.25,2087.25,17821397.0,2091.5134739629148,1979.4947694235582,52.30400046489498,26.152715146072296,39.89384850192503,,20.713460595228522,16852065.6,,0.0,0.0,1
2020-09-02,2092.0,2138.0,2085.0,2128.199951,2128.199951,12437162.0,2095.0074241571256,1985.3263925894,57.48923128096557,26.368136673019762,37.18870613614398,,20.77813009300077,15753683.2,,0.0,0.0,0
2020-09-03,2128.0,2138.75,2103.0,2112.100098,2112.100098,8577634.0,2096.6352978565324,1990.2979492877926,54.959456961853235,24.952103878770686,34.74138568466932,,20.16457358035244,15044437.65,,0.0,0.0,0
2020-09-04,2083.550049,2096.949951,2072.199951,2077.25,2077.25,13141644.0,2094.7890790129654,1993.7078592239193,49.846237462174614,20.778257217991268,31.94875999133371,,19.82257311817139,14940404.7,,0.0,0.0,1
2020-09-07,2084.0,2105.75,2044.25,2082.649902,2082.649902,10119064.0,2093.632966916443,1997.1958076235858,50.61294840353723,17.70212159238963,29.099432311544895,,20.412597769378117,14824279.25,,0.0,0.0,1
2020-09-08,2092.0,2121.0,2080.5,2107.100098,2107.100098,12643749.0,2094.9155508292124,2001.5058096581486,54.039035693518876,17.040753229397524,26.68769649511542,,19.371654674227415,14375903.9,,0.0,0.0,1
2020-09-09,2085.0,2167.800049,2081.449951,2161.350098,2161.350098,25525961.0,2101.242650559986,2007.7742548518067,60.57434726489449,20.65602584267299,25.48136236462694,,22.634820074486278,14953846.15,,0.0,0.0,1
2020-09-10,2183.100098,2344.949951,2175.350098,2314.0,2314.0,64750460.0,2121.5052552692046,2019.7831844115506,72.4466133703447,35.4303082394822,27.471151539597994,,51.61412682141229,17618409.65,,0.0,0.0,1
2020-09-11,2312.0,2337.850098,2287.100098,2319.75,2319.75,27445768.0,2140.3857071488724,2031.5466612328091,72.77912951580022,47.060525977842644,31.389026427246925,,68.77416414633993,18224039.85,,0.0,0.0,0
2020-09-14,2325.0,2360.0,2282.0,2302.550049,2302.550049,20335273.0,2155.829930182716,2042.1743078142242,70.05564484868351,54.264141778805424,35.96404949755863,,78.58643789446887,18525961.8,,0.0,0.0,1
2020-09-15,2311.949951,2325.75,2288.149902,2318.850098,2318.850098,12542824.0,2171.355660451395,2053.024400350481,71.15718933377077,60.58989434333398,40.8892184667137,,88.25431653445999,18448215.7,,0.0,0.0,1
2020-09-16,2320.0,2369.350098,2310.550049,2324.550049,2324.550049,15668979.0,2185.9456022182408,2063.6725230375414,71.55129839594011,65.31018210935099,45.77341119524116,,96.608649203597,18445094.85,,0.0,0.0,0
2020-09-17,2320.0,2333.699951,2291.850098,2298.75,2298.75,11919927.0,2196.6888781976636,2072.891295897885,67.0831616430501,66.20601411851703,49.85993177989634,,100.48691834399747,18521030.6,,0.0,0.0,1
2020-09-18,2314.25,2319.449951,2276.550049,2305.699951,2305.699951,15264068.0,2207.0708851314007,2082.0210930112135,67.66886244449074,66.70780435796632,53.22950629551034,,102.94694011107502,18700877.55,,0.0,0.0,0
2020-09-21,2300.0,2336.0,2247.350098,2255.850098,2255.850098,15519031.0,2211.716524452293,2088.83794968755,59.49205953091443,62.36411551015044,55.05642813843836,,102.42710308316279,18721879.55,,0.0,0.0,0
2020-09-22,2277.0,2277.0,2201.550049,2211.149902,2211.149902,16056620.0,2211.662560409217,2093.634519113449,53.27547025480448,54.68441071473762,54.98202465369822,,99.55269902868072,19077332.4,,0.0,0.0,1
2020-09-23,2260.0,2276.75,2205.300049,2230.800049,2230.800049,19839282.0,2213.485178370268,2099.0135835031197,55.47793772832169,49.61189690961646,53.90799910488187,,99.01354817134535,18687787.0,,0.0,0.0,0
2020-09-24,2207.899902,2226.0,2176.050049,2181.199951,2181.199951,13764841.0,2210.4103948111588,2102.2365921243527,49.17670648248909,41.11562446503876,51.34952417691325,,96.99919512172679,18727966.45,,0.0,0.0,1
2020-09-25,2189.0,2212.800049,2167.300049,2201.699951,2201.699951,13095028.0,2209.580828733897,2106.137132068154,51.62241825702019,35.62577426526968,48.20477419458454,,94.93435897062221,18755841.85,,0.0,0.0,1
2020-09-28,2227.0,2238.0,2207.050049,2216.25,2216.25,9076248.0,2210.2159879021033,2110.455300840783,53.33872286570445,32.07930551883737,44.97968045943511,,90.31402230277409,17777248.0,,0.0,0.0,1
2020-09-29,2225.0,2264.0,2216.25,2245.050049,2245.050049,11926328.0,2213.5335175305036,2115.733546328137,56.61937001348914,31.232596814153112,42.23026373037872,,85.62705747966636,17482494.55,,0.0,0.0,0
2020-09-30,2260.0,2267.0,2225.0,2234.350098,2234.350098,11290667.0,2215.5160490038043,2120.3851927987066,55.07022179531119,29.359736674424312,39.65615831918784,,82.90081107670119,17425169.8,,0.0,0.0,0
2020-10-01,2263.800049,2263.800049,2214.0,2225.25,2225.25,9591456.0,2216.4430919558295,2124.4975526131443,53.72391343246438,26.831878471794425,37.09130234970916,,78.53297009536256,17475860.9,,0.0,0.0,0
2020-10-05,2244.0,2249.149902,2206.0,2212.199951,2212.199951,8732869.0,2216.038983293367,2127.936873952099,51.76934385439684,23.504556843274713,34.37395324842227,,69.98666834286442,17255422.15,,0.0,0.0,0
2020-10-06,2225.25,2233.899902,2201.649902,2210.350098,2210.350098,8497216.0,2215.4971846939957,2131.1687755626476,51.483413287122985,20.482256104767657,31.595613819691348,,60.27125799175324,17174329.75,,0.0,0.0,1
2020-10-07,2235.0,2309.0,2220.0,2257.5,2257.5,24538346.0,2219.497452818398,2136.122956649011,57.87049588041946,21.642186385370223,29.604928332827125,,50.979045831093906,17769059.6,,0.0,0.0,0
2020-10-08,2259.0,2268.0,2222.100098,2239.25,2239.25,9727405.0,2221.3786477880835,2140.1671665232293,54.86002091897714,20.84848861222008,27.853640388705717,,46.52120937601354,16979131.8,,0.0,0.0,0
2020-10-09,2235.0,2253.0,2217.100098,2233.449951,2233.449951,8558745.0,2222.528295713033,2143.8253254461356,53.900348819762534,19.526374042233783,26.18818711941133,,44.61525862978773,14169546.05,,0.0,0.0,1
2020-10-12,2235.0,2255.75,2226.25,2237.050049,2237.050049,6565515.0,2223.9113198356067,2147.4812070515795,54.43317191603462,18.55519381740396,24.66158845900986,,41.6648256874111,13125533.4,,0.0,0.0,1
2020-10-13,2230.600098,2285.75,2225.850098,2280.699951,2280.699951,10666190.0,2229.319760898901,2152.705485378225,60.40825178494065,21.064885894048075,23.942247946017506,,40.40136616116821,12642079.25,,0.0,0.0,1
2020-10-14,2278.899902,2304.0,2268.5,2287.5,2287.5,12341434.0,2234.8607360514043,2157.9915582472736,61.26049285693751,23.33356723165798,23.8205118031456,,37.96047322317383,12632009.75,,0.0,0.0,0
2020-10-15,2290.0,2290.0,2195.0,2206.5,2206.5,9246702.0,2232.1597135703105,2159.893854738792,48.00485564523371,18.383576060478845,22.733124654612247,,33.79631412548518,12310895.9,,0.0,0.0,0
2020-10-16,2215.0,2232.5,2172.649902,2175.800049,2175.800049,9960828.0,2226.7921264683623,2160.5176285302728,44.10914980225397,11.846879466985229,20.555875617086844,,33.44577371107575,12212940.95,,0.0,0.0,1
2020-10-19,2190.050049,2228.699951,2155.149902,2176.199951,2176.199951,14398973.0,2221.9738240427923,2161.132622958419,44.17270457273774,6.6224298228867156,17.769186458246818,,30.946173357193864,12169686.2,,0.0,0.0,0
2020-10-20,2179.0,2193.0,2152.25,2155.899902,2155.899902,8529573.0,2215.681069562513,2160.9274177693005,41.58748021393988,0.8343536308111652,14.38221989275969,,33.79516549890238,11820213.3,,0.0,0.0,0
2020-10-21,2168.0,2192.0,2097.75,2124.600098,2124.600098,15728986.0,2207.0066913184473,2159.502814021504,37.903998718433364,-6.206822663616549,10.264411381484443,,40.0693554617723,11803831.6,,0.0,0.0,0
2020-10-22,2127.399902,2132.5,2091.0,2106.949951,2106.949951,14215215.0,2197.4774779547693,2157.441913300855,35.96927497575881,-13.060669690149552,5.5993951671576445,,46.766558238764404,11522628.25,,0.0,0.0,1
2020-10-23,2106.0,2135.0,2096.399902,2113.050049,2113.050049,10809307.0,2189.436770435255,2155.70105252418,37.16304921718949,-17.795035814183848,0.9205089708893461,,51.27097994911794,11374851.55,,0.0,0.0,0
2020-10-26,2101.949951,2101.949951,2018.5,2029.099976,2029.099976,17225212.0,2174.1665995366375,2150.7362952374688,29.117483715784005,-27.998376511769948,-4.863268125642513,,64.91672497888155,11581360.75,,0.0,0.0,1
2020-10-27,2034.900024,2059.850098,2005.0,2034.5,2034.5,16835005.0,2160.865018628369,2146.1780010450025,30.16480250585252,-35.242605895784436,-10.939135679670898,,74.31943999711656,11969298.6,,0.0,0.0,0
2020-10-28,2041.800049,2057.699951,2007.400024,2011.449951,2011.449951,13809929.0,2146.6350121875553,2140.894539076374,28.246300778067805,-42.35540939726843,-17.222390423190404,,82.94602195678851,12063478.65,,0.0,0.0,1
2020-10-29,1997.0,2042.0,1991.0,2026.900024,2026.900024,14147418.0,2135.2316799792047,2136.4241585988943,31.395898969530506,-46.21295150928836,-23.020502640409997,,88.27340329607534,12206316.2,,0.0,0.0,1
2020-10-30,2033.5,2065.100098,2021.800049,2054.5,2054.5,15700946.0,2127.5429485526065,2133.2114414307343,36.73805137486186,-46.50689152857149,-27.717780418042295,,90.59127540142623,12511790.7,,0.0,0.0,0
2020-11-02,2027.0,2027.0,1859.150024,1877.449951,1877.449951,45857806.0,2103.7245678332897,2123.1815638647,23.887746955463527,-60.33084398209985,-34.24039313085381,,109.19486653841608,14368037.55,,0.0,0.0,0
2020-11-03,1890.0,1909.0,1835.099976,1850.400024,1850.400024,40931170.0,2079.598420801529,2112.4842330040187,22.58779906342042,-72.63187391028214,-41.91868928673948,,125.73586992561896,15989735.25,,0.0,0.0,1
2020-11-04,1837.0,1929.0,1837.0,1913.199951,1913.199951,37003111.0,2063.7509474870863,2104.669152191394,31.85901856752274,-76.43203852170382,-48.821359133732344,,129.98479940755144,16612973.5,,0.0,0.0,1
2020-11-05,1954.949951,1960.949951,1932.0,1955.0,1955.0,17170274.0,2053.393714393071,2098.799765787121,37.24629379741739,-75.20387824265595,-54.097862955517066,,130.27121186996266,16985116.95,,0.0,0.0,1
2020-11-06,1990.0,2040.0,1978.150024,2029.150024,2029.150024,30770080.0,2051.0847914984915,2096.068399837767,45.48066626331321,-67.4695185226874,-56.77219406895114,,126.59605765200664,18095683.7,,0.0,0.0,1
2020-11-09,2062.100098,2069.0,2036.0,2050.699951,2050.699951,16539467.0,2051.0481400224444,2094.2892427744814,47.63137447696376,-58.921869083707406,-57.20212907190239,,121.35582231425168,18594381.3,,0.0,0.0,1
2020-11-10,2077.0,2090.0,2041.199951,2084.550049,2084.550049,17045147.0,2054.2387980203084,2093.90731315168,50.907389541949904,-48.85322573312533,-55.53234840414698,,111.18477762995347,18913329.15,,0.0,0.0,0
2020-11-11,2089.0,2095.0,1978.099976,1997.199951,1997.199951,26178477.0,2048.8065268755145,2090.114863234596,43.36805803547326,-47.376054564057995,-53.901089636129186,,98.59364515243526,19605181.3,,0.0,0.0,0
2020-11-12,1981.0,2008.449951,1965.0,1980.0,1980.0,18481466.0,2042.2535243159389,2085.7966285531793,42.0475495400161,-47.05090453058256,-52.53105261501986,,92.31718194761756,20066919.5,,0.0,0.0,1
2020-11-13,1982.0,2036.650024,1981.75,1996.400024,1996.400024,20946864.0,2037.8865242858476,2082.2908756494553,43.804559648709805,-44.95170068634343,-51.01518222928458,,86.69937987209714,20616221.3,,0.0,0.0,0
2020-11-17,2085.0,2085.0,1985.0,1993.25,1993.25,21479385.0,2033.635426734813,2078.799073058302,43.53156083653787,-43.04603918232306,-49.42135361989228,,79.6444039494021,20970241.9,,0.0,0.0,0
