Unnamed: 0,Date,Title,Description
10,"May 22, 2020, Friday","Covid-19 crisis: Slippages may jump to Rs 5.5 trillion, says India Ratings",Credit costs could touch Rs 2.7 trillion
46,"May 07, 2020, Thursday",Public sector banks sanctioned Rs 5.66 trn in loans during March-April: FM,"During March-April 2020, PSBs sanctioned loans worth Rs 5.66 lakh cr for more than 41.81 lakh accounts"
95,"April 27, 2020, Monday",YES Bank scam: CBI gets custody of Kapil and Dheeraj Wadhawan till April 29,"The duo was arrested on Sunday from a Mahabaleshwar-based quarantine facility, nearly 50 days after they were booked in the case ..."
125,"April 20, 2020, Monday",Covid-19 impact: RBI increases centre's WMA limit sharply to Rs 2 trillion,Ways and means advances (WMA) are temporary liquidity line given by the central bank to the government to meet short-term ...
130,"April 19, 2020, Sunday","Nabard to review fundings of Regional Rural Banks, co-op banks on April 20",To tap RBI refinance window for funding to RRBs etc
141,"April 17, 2020, Friday",Muthoot Finance to re-open all branches across India from April 20,The branches will function as usual and will adhere to all instructions laid down by the state governments for corporates ...
171,"April 11, 2020, Saturday",NBFCs have to repay debt worth Rs 1.75 trillion by June 2020: CRISIL,Many finance companies are already facing a liquidity challenge after the IL&FS debacle.
189,"April 06, 2020, Monday",Kotak Mahindra Bank deposits grow 20% YoY to Rs 2.59 trillion in Q4,"On a sequential basis, the deposit base has grown 12 per cent over December 2019"
219,"March 30, 2020, Monday",RBI changes SLBC convenors over merger of 10 PSBs into 4 from April 1,The government on March 4 notified the amalgamation scheme as part of its consolidation plan to create bigger and stronger banks ...
260,"March 24, 2020, Tuesday",HDFC Bank to name chief executive Aditya Puri's successor before April,"Puri in an interaction with reporters said: ""… the recommendations are with the search committee and before April, an appropriate ..."
280,"March 20, 2020, Friday",YES Bank crisis: Court sends Rana Kapoor to judicial custody till April 2,The former banker was arrested on March 8 by the ED under the provisions of Prevention of Money Laundering Act (PMLA) and was ...
286,"March 19, 2020, Thursday","YES Bank probe: ED grills Anil Ambani for 9 hrs, calls him again on Mar 30",The agency has also sent a second summons to Essel Group chairman and Rajya Sabha MP Subhash Chandra to appear before it on March ...
480,"March 05, 2020, Thursday",Public sector banks announce share-swap ratios ahead of April 1 merger,Allahabad Bank-Indian Bank deal to be determined
545,"February 23, 2020, Sunday",Mega bank consolidation: Meeting April 1 deadline appears challenging,"Even after Cabinet approval to the proposed mega merger plan, officials said, fixation of share swap ratio, shareholders consent ..."
555,"February 20, 2020, Thursday",HDFC Bank SME loan book doubles to Rs 1.48 trillion by December 2019,"According to the RBI data, the system-wide SME loan book stood at Rs 15.7 trillion as of June 2019, up 10 per cent over the 12 ..."
569,"February 17, 2020, Monday",RBI's maiden long-term repo operation receives Rs 1.94-trillion bids,The allotment was done for all bids on a pro-rata basis
608,"February 09, 2020, Sunday","Importers, exporters to mandatorily declare GSTIN in documents from Feb 15",While importers are paying IGST on imports but not claiming credit for the same. This essentially means that the supply of ...
625,"February 06, 2020, Thursday",Rs 1 trillion repos to help better monetary policy transmission: RBI,The RBI has cumulatively cut the repo rate by 135 basis since February 2019 to a nine-year low of 5.15 per cent
653,"January 29, 2020, Wednesday",Gross premiums of non-life insurers grow 15% to Rs 1.42 trillion,"While the gross premiums underwritten by private non-life insurers grew by 17 per cent to Rs 69,488 crore, that of the ..."
660,"January 28, 2020, Tuesday",Yes Bank sells shares worth Rs 5.7 crore in Reliance Power via open market,"The lender sold the shares at an average price of Rs 1.91 apiece, which took the total deal value to over Rs 5.77 crore."
702,"January 19, 2020, Sunday",$5 trillion economy target needs doubling of banking credit: SBI chairman,"At present, the Indian banking credit outstanding is nearly Rs 99 trillion"
749,"January 07, 2020, Tuesday",Banks staring at 20% more provisioning for Rs 2.2-trillion debt,Bankers said they are looking outside the bankruptcy courts and will be able to resolve a few debts in the power sector before ...
751,"January 07, 2020, Tuesday",RBI's relaxation for banks to lend Rs 3.5 trillion extra set to end,"The headroom will not be available in FY21, unless public sector banks are adequately recapitalised"
758,"January 06, 2020, Monday",Syndicate Bank surpasses Rs 5 trillion business target ahead of schedule,"The bank crossed Rs 5 trillion total business mark at the end of December 31, 2019"
774,"January 04, 2020, Saturday",$5-trillion economy achievable but time frame uncertain: SBI Chairman,"Speaking at an interactive session organsied by FICCI, Rajnish Kumar said private investment was necessary for achieving the ..."
817,"December 29, 2019, Sunday",HFCs' share in realty loans doubles to Rs 2.01 trillion since 2016: RBI,"Over the past four years, total financing to real estate companies nearly doubled to Rs 2.01 trillion, shows the FSR released on ..."
827,"December 28, 2019, Saturday",UCBs to be part of CRILIC reporting framework from December 31,"Currently, the UCBs are not a part of the CRILIC reporting framework. The RBI's move will help strengthen offsite supervision and ..."
916,"December 13, 2019, Friday","FDI at record levels, Rs 4.47 trillion sanctioned to NBFCs, HFCs: CEA","The CEA also pointed out the recent disinvestment decisions regarding PSU majors BPCL, CONCOR and SCI"
994,"December 05, 2019, Thursday",Cooperative banks with assets over Rs 500 cr to be under CRILC: RB,"These measures are expected to strengthen the resilience and sustainability of UCBs and protect the interest of depositors, it ..."
1012,"December 03, 2019, Tuesday",Record Rs 4.9 trillion loans disbursed during Oct-Nov: Sitharaman,Finance Minister Nirmala Sitharaman in September had asked banks to reach out to customers and signal their willingness to lend ...
1031,"November 30, 2019, Saturday",Yes Bank invoked 6.5 mn shares of Reliance Infra between November 25-28,"With this, the holding of Reliance Project Ventures and Management Ltd in Reliance Infra has come down from 30.05 per cent to ..."
1032,"November 30, 2019, Saturday","Banks gave about Rs 72,136 crore to NBFCs from April to October 2019",Banks are supporting finance companies also by buying the high retail loan pools and SME
1039,"November 29, 2019, Friday",India's banks wrote off Rs 2 trillion worth of bad loans in 2018-19,"Even as banks have written off more loans than before, recovery of bad loans has also improved substantially in the past couple ..."
1067,"November 22, 2019, Friday",Yes Bank sells over 1.3 million shares of Reliance Capital via open market,"However, the buyer of the shares could not be ascertained"
1131,"November 12, 2019, Tuesday",Tamilnad Mercantile Bank net grows 141% in April-September to Rs 62.74 cr,"The bank's gross non-performing assets during the first six months of the year stood at Rs 1346.65 crore, or 4.91 per cent of its ..."
1269,"October 22, 2019, Tuesday",Banks to face capital crunch of Rs 3.5 trillion if NBFC mess drags: Fitch,The stress test examines the potential impact on banks of liquidity pressures in the NBFC sector developing into widespread ...
1313,"October 14, 2019, Monday",GNPA for PSBs in agriculture sector crosses Rs 1-trillion mark: RBI data,"Instances and scale of farm loan waivers have seen an unprecedented increase since 2014-15... this surge is driven by state govt, ..."
1330,"October 10, 2019, Thursday","How Amazon, Flipkart and Mukesh Ambani can help save India's banks",Amazon Flipkart claimed record sales during the recently concluded six-day online shopping bonanza
1361,"October 04, 2019, Friday",In talks with investors for equity infusion: Reliance Home Finance,"Reliance Home Finance Ltd (RHFL) on Friday said it is in discussion with several investors for equity infusion, amid tight ..."
1457,"September 20, 2019, Friday",12% annual credit growth needed to reach $5 trillion mark by 2025: SBI MD,"Against bank credit of Rs 98 trn at present, desired level should be Rs 400 trn, says Dinesh Kumar Khara; As per RBI data, Bank ..."
1501,"September 11, 2019, Wednesday","Corporate bond issuances on the upswing, reach Rs 5.45 trillion till August","While liquidity played a role, banks' reluctance to lend due to risk aversion and tightened group borrower exposure limits are ..."
1520,"September 06, 2019, Friday",Amalgamation of 10 public sector banks likely to take place on April 1,"The decision was taken in a meeting of 10 PSBs, who are part of the latest merger process, with finance ministry officials in ..."
1564,"September 01, 2019, Sunday",PSBs consolidation building block for $5 trillion economy: Finance secy,The consolidation will help create strong and globally competitive banks with economies of scale and enable realisation of ...
1599,"August 27, 2019, Tuesday","RBI to move to April-March accounting yr, restrict interim dividend payout","The central board of the RBI, which met on Monday, has accepted this recommendation, according to an official"
1608,"August 27, 2019, Tuesday","After nearly 8 decades, RBI to change its accounting year to April-March","The RBI, which currently follows July-June calendar, usually transfers dividend after closing its accounts in August"
1619,"August 25, 2019, Sunday",Business energy to power India to become $5-trillion economy: RBI Governor,The RBI chief said the slight slowdown in the last quarter was a temporary one and the economy is likely to end the fiscal with ...
1654,"August 18, 2019, Sunday","150,000 bankers to discuss how to make India $5-trillion economy by 2024","To contain high bad loans in the MUDRA scheme, the managers suggested that a national portal be floated to verify the borrower ..."
1878,"June 12, 2019, Wednesday","Rs 2-trillion bank frauds in 11 years: ICICI Bank, SBI report maximum cases","In that period, Indian Overseas Bank reported 1,115 frauds involving Rs 12,644.7 crore, while Oriental Bank of Commerce 1040 ..."
1888,"June 10, 2019, Monday","No minimum balance, more than 4 withdrawals allowed for no-frill accounts",Banks will also have to provide cheque books and cannot ask them to maintain a minimum balance in lieu of facilities.
1930,"June 02, 2019, Sunday",External commercial borrowings down by nearly 20% in April to $3.16 billion,"Of the total external commercial borrowings (ECBs) in April 2019, $2.66 billion was raised through the automatic route, $500 ..."
1933,"June 01, 2019, Saturday",Retail loan growth slows down to 15.7% in April 2019 from 19% April 2018,"Credit card loans rose by 26.4% in April 2019, down from 35.2% in same month in 2018"
1957,"May 24, 2019, Friday",Public sector banks recover Rs 1.2 trillion from stressed assets in FY19,"Public sector banks (PSBs) have recovered close to Rs 1.2 lakh crore from stressed assets during the financial ended March, ..."
2010,"May 06, 2019, Monday",Forgers are forcing $9-trillion global trade financing into digital age,"As much as 80 per cent of global flows of merchandise -- worth about $9 trillion -- is financed by some form of credit, guarantee ..."
2020,"May 03, 2019, Friday",Banks take 57% haircut in 94 cases worth Rs 1.75 trillion resolved in FY19,"As of March, there were 1,143 cases pending at various bankruptcy tribunals, and 32 percent of them are pending for over 270 days"
2023,"May 03, 2019, Friday",Rs 7 trillion of corporate papers downgraded since start of IL&FS fiasco,"The IL&FS crisis in September led to panic in markets with liquidity quickly drying up for borrowers, whose business models ..."
2049,"April 21, 2019, Sunday",Deposits in Jan Dhan accounts fast inching towards Rs 1-trillion mark,"The Pradhan Mantri Jan Dhan Yojana (PMJDY) was launched on August 28, 2014 with an aim to provide universal access to banking ..."
2054,"April 19, 2019, Friday",Non-life insurance premium up 13% at Rs 1.7 trillion in FY19: Irdai,The 34 non-life insurers had a gross premium of Rs 1.51 trillion in 2017-18
2067,"April 11, 2019, Thursday","Bank credit growth loses momentum, up 13.24% to Rs 97.67 trillion","In the year-ago fortnight, deposits were at Rs 114.26 trillion and advances at Rs 86.25 trillion"
2086,"April 05, 2019, Friday",Retail securitisation volume doubles to Rs 1.9 trillion  in FY19,One of the biggest reason was that few large mortgage players returned to the market in the first quarter of fiscal 2019 after ...
2100,"April 02, 2019, Tuesday",Economists call for at least 25 bps rate cut by RBI in April policy meet,Most of the economists suggested a rate cut of at least 25 bps in the RBI's monetary policy on April 4
2105,"April 02, 2019, Tuesday",RBI to introduce new seven-year and 20-year bonds on April 5,"The total auction would be of Rs 17,000 crore in which five bonds of different tenure will be issued"
2108,"April 01, 2019, Monday",RBI to conduct second round of dollar-rupee swap auction on April 23,This comes shortly after the RBI said last month it will conduct a dollar-rupee buy-sell swap auction of $5 billion
2111,"March 30, 2019, Saturday","Branches of Vijaya, Dena Bank to function as BoB outlets from April 1: RBI","Earlier this week, the government decided to infuse Rs 5,042 crore in BoB to enhance capital base of the lender ahead of the ..."
2121,"March 27, 2019, Wednesday",RBI likely to cut repo rate by 25 bps in April policy: Goldman Sachs report,The brokerage had earlier expected no change in the policy rate in the April meeting
2147,"March 17, 2019, Sunday","HDFC Bank joins Reliance Industries, TCS in $100-billion m-cap club",India now has three companies in the global top 100 list in terms of market value
2181,"March 09, 2019, Saturday",Ashu Khullar to succeed Pramit Jhaveri as Citibank India head from April 1,"Khullar, a graduate from the Indian Institute of Management, Ahmedabad, is a career Citibanker, having worked with the ..."
2204,"March 03, 2019, Sunday",Banks still need to lend Rs 1 trillion to meet FY19 Mudra target: Govt data,"According to the Budget 2018-19, the government intends to disburse loans of up to Rs 3 trillion in the current financial year ..."
2235,"February 20, 2019, Wednesday",FinMin expects bad loan recoveries to touch Rs 1.80 trillion in FY19,"With two major cases at the final stage of resolution, the Finance Ministry expects bad loan recoveries to touch Rs 1.80 lakh ..."
2294,"February 06, 2019, Wednesday","Banks need Rs 20 trillion deposits for credit growth, may up rates: Report","The healthier private sector lenders will account for up to 60 per cent of the incremental deposit mobilisation, domestic ratings ..."
2354,"January 25, 2019, Friday",Direct taxes to exceed target of Rs 11.5 trillion in 2018-19: CBDT chairman,"In 2017-18, the revised estimate was higher than the Budget Estimate by 2.6%"
2509,"December 27, 2018, Thursday",PSUs' contribution to central exchequer fell 3% to Rs 3.5 trillion in FY18,"In 2016-17, CPSEs' contribution to the exchequer stood at Rs 36 trillion"
2587,"December 14, 2018, Friday",Portfolio reshuffle of four RBI deputy governors likely before April,Of particular import is the portfolio of the highly sensitive Department of Banking Regulation (DBR) under the charge of N S ...
2686,"November 29, 2018, Thursday",Net stable funding ratio norms for banks to be operational from April: RBI,"As per the guidelines, the RBI may require an individual bank to adopt more stringent standards to reflect its funding risk ..."
2740,"November 23, 2018, Friday",HDFC Bank's wholesale loan book grows 23% to Rs 3.5 trillion in FY19 so far,"HDFC Bank is leveraging its geographical reach, digital offerings, and its complete suite of products in order to reach out to ..."
2741,"November 23, 2018, Friday","Bank credit grows 14.88% to Rs 91.11 trillion YoY, reveals RBI data",Many have started buying loan portfolios from NBFCs and HFCs to provide liquidity push
2861,"November 04, 2018, Sunday","In a first for India, HSBC facilitates blockchain-based transaction for RIL","Blockchain can ensure cost-effectiveness, quicker turnaround and also potentially unlock liquidity for businesses, HSBC and RIL ..."
2878,"November 02, 2018, Friday",Behind govt-RBI rift: DEA's insistence on Rs 3.6-trillion excess capital,"The buzz in bureaucratic circles is that whether through written communication or informal channels, instead of negotiating on ..."
2917,"October 26, 2018, Friday",Manappuram Finance to diversify to cut reliance on gold loan portfolio,"Non banking finance company (NBFC) Manappuram Finance is in the process of reducing its reliance on the gold loan portfolio, by ..."
2947,"October 23, 2018, Tuesday",Cyril Amarchand Mangaldas withdraws report that gave clean chit to Kochhar,ICICI Bank in a regulatory filing Tuesday said the clean chit given to Kochhar in March this year was based on the inquiry report ...
2982,"October 18, 2018, Thursday",Housing prices up 5.3% during April-June quarter in 10 major cities: RBI,The average rates appreciated by 2.5 per cent in 10 major cities when compared to the previous quarter
3068,"October 05, 2018, Friday","RBI assails NBFCs for sole reliance on short-term funds, terms it myopic","The Reserve Bank Friday lambasted  non-banking lenders for their excessive reliance on short-term  funds, terming it as a ""myopic ..."
3134,"September 27, 2018, Thursday",RBI frees up about Rs 2 trillion worth of liquidity for the banking system,The RBI said banks can now consider 2 percentage points of their statutory liquidity ratio as part of the liquidity coverage
3193,"September 19, 2018, Wednesday",CBI scrutinises India's largest law firm Cyril Amarchand in PNB fraud probe,"Cyril Amarchand Mangaldas declined to comment on its relationship with Nirav Modi, who is on the run overseas"
3258,"September 03, 2018, Monday",NPAs worth over Rs 4 trillion to be resolved by 2018 end: India Ratings,This is about 45 per cent of bad loans worth Rs 10.2 trillion standing in the books of the top 500 debt-heavy corporates
3263,"September 03, 2018, Monday",Banks meet 4% of India Inc's Q1 funding requirement of Rs 2.87 trillion,Sources other than banks provided Rs 2.76 trillion of finance to the corporate sector in the same period
3474,"July 24, 2018, Tuesday",Reliance Nippon Life Insurance's June quarter premium up 8% to Rs 7.5 bn,Reliance Nippon Life Insurance Company today said its total premium grew by 8 per cent to Rs 755 crore in April-June quarter ...
3552,"July 05, 2018, Thursday",ICICI Bank aims to grow home loan book to Rs 2 trillion by FY20,"It has also enabled an online repository of 30,000 approved projects across 40 cities"
3737,"May 30, 2018, Wednesday",37 banks see Rs 1.3 trillion jump in gross non-performing assets in Q4,The RBI has been critical of banks for using restructuring schemes to hide the stress
3749,"May 27, 2018, Sunday",No-frills a/c holders pay heavy penalty for exceeding withdrawal limit,"While no charges are levied for maintaining no-frills account or BSBDA in a bank, the regular accounts are subject to various ..."
3808,"May 14, 2018, Monday",Vijaya Bank tags Reliance Naval as NPA from March quarter,"The bank's action was necessitated by the February 12 changes that the RBI had brought to the NPA resolution framework, which ..."
3854,"May 02, 2018, Wednesday",Punjab National Bank eyes 11% growth in total business to Rs 12 trillion,"In a bid to curb frauds, the bank said it had tightened bank's credit underwriting norms and put in place an off-site monitoring ..."
3871,"April 26, 2018, Thursday",Bank credit grows 12% to Rs 85 trillion in fortnight ended April 13: RBI,"In the previous fortnight ended March 30, 2018, banks loans grew by 10.32% to Rs 86.5 trillion"
3943,"April 14, 2018, Saturday",Tracking Rs 2.7-trillion credit growth in last fortnight of FY18,The spurt in credit disbursed by the Indian banking system driven mostly by rise in corporate and industrial credit
3980,"April 09, 2018, Monday",Merrill Lynch buys 30 million ICICI Bank shares worth Rs Rs 8.23-bn,The shares were picked up at an average price of Rs 280
4007,"April 04, 2018, Wednesday",Banks stare at $38-bn new bad loans from power sector: Merrill Lynch Report,"Of the USD 178 billion loan, the distribution companies have USD 65 billion, generation companies have USD 77 billion, and ..."
4010,"April 04, 2018, Wednesday",Reliance Jio now brings banking on mobile: Know benefits of payments bank,The payments bank is like any traditional bank operating at a smaller scale. The only difference is that payments banks do not ...
4056,"March 28, 2018, Wednesday",SBI will issue electoral bonds in second phase from April 2 to 10,"The SBI main branches in New Delhi, Mumbai, Chandigarh, Bengaluru, Gandhinagar, Bhopal, Jaipur, Chennai, Lucknow and Guwahati ..."
4124,"March 16, 2018, Friday",GIC-RE eyes global footprint with entry into Lloyd's trading in April,SAARC region's largest re-insurer names seasoned Lloyd's market practitioner as Active Underwriter; targets 60:40 domestic to ...
4224,"March 06, 2018, Tuesday","PNB fraud: CBI grills general manager, gets remand of four accused","Two of the four arrested accused are from Nirav Modi's firm, one is an auditor and one an employee of the Gitanjali Group"
4358,"February 23, 2018, Friday",RBI asks banks to integrate SWIFT in core banking system by April end,"IBA Chairman said each bank will have to review their control systems and technology separately, as their problems and loopholes ..."
4578,"February 10, 2018, Saturday",India Post Payments Bank to enable digital payment by April: Official,IPPB is also expected to enable more than 17 crore active account-holders of post office savings bank to make interoperable ...
4605,"February 06, 2018, Tuesday",How $30 bn hit looms for banks if new accounting rule kicks in on April 1,"If advances grow more than 7 per cent or 8 per cent, banks may need $14 billion toward additional provisioning even after the ..."
4711,"January 03, 2018, Wednesday",Govt to roll out 650 branches of India Post Payments Bank by April: Sinha,"RBI granted the licence to IPPB on January 20, 2017 to carry out payments bank activities"
4863,"November 29, 2017, Wednesday","Liquidity dries up on RBI's sterilisation drive, govt cash balances","The yields on the 10-year bond closed at 7.03% on Tuesday, while the three-month treasury bill closed at 6.12%"
4910,"November 17, 2017, Friday",Reliance General Insurance enters into bancassurance pact with YES Bank,YES Bank is pleased to partner Reliance General Insurance to offer a bouquet of insurance products to customers: CEO
4974,"November 04, 2017, Saturday",India Post's payments bank to open 650 branches by April-May,The government is gearing to open 650 branches of India Post Payments Bank (IPPB) by April-May next year as it looks to ...
5142,"September 29, 2017, Friday",April-June external debt rises 3% to $485.8 bn: RBI,The external debt to GDP) stood at 20.3% at the end of June quarter
5246,"September 05, 2017, Tuesday",Reliance General Insurance gets in-principle Irdai nod for IPO,Reliance General Insurance outperformed industry growth rate of 30% and reported 41% growth in FY17
5621,"July 02, 2017, Sunday",Non-food credit grows at 4.5% in April as industries contract,"In the same period last year, non-food credit had grown by 8.5%"
5656,"June 25, 2017, Sunday",India's exposure to US govt securities touches a high of $124 bn in April,India had the third largest exposure to the US government securities after China and Brazil
5732,"June 13, 2017, Tuesday",Reliance General Insurance IPO by FY18-end,Reliance Capital to dilute 10% stake
5761,"June 09, 2017, Friday",Lower interest rate won't necessarily boost growth: Reddy,"'Reduction in interest rates by itself does not increase credit flow', says Reddy"
5811,"May 28, 2017, Sunday","General insurance industry's premium grows 16% to Rs 12,206 crore in April",The private sector GI companies have beaten state-owned peers in terms of gross premium in April
5814,"May 27, 2017, Saturday",Indian firms' foreign borrowings in April triple to $1.3 bn,A substantial portion of ECBs in April was taken to start new projects
5872,"May 16, 2017, Tuesday","Fund raising through debt placement rises 55% to Rs 64,000 cr in April",This is on top of Rs 6.41 lakh crore garnered in the entire last fiscal through this route
6002,"April 20, 2017, Thursday","Cement firm drills Rs 350-cr hole in IndusInd, YES Bank profits",YES Bank's bad assets more than double
6083,"April 03, 2017, Monday",State Bank of India cuts base rate by 15 bps with effect from April 1,Marginal cost-based lending rate of the SBI remains unchanged
6091,"March 31, 2017, Friday",RBI increases FPI limits in govt bonds by Rs 170 billion for April-June,"This takes total increase in investment caps for FPIs in g-secs up to Rs 2,310 bn from Rs 2,200 bn"
6113,"March 26, 2017, Sunday",General insurance premium set to go up from April 1 as Irdai gives go-ahead,The change in premium after modification will be limited to +/- 5 per cent of the existing rates
6218,"March 05, 2017, Sunday","After 5 yrs, SBI to charge for breach of minimum balance from April",The charges and MAB varies according to the location of bank
6253,"February 27, 2017, Monday",LIC clocks Rs 16k-cr profit through equity investments in April-Dec 2016,"Chairman V K Sharma expects Rs 35,000 cr in new business premium by March-end"
6271,"February 23, 2017, Thursday",Five associate banks to merge with SBI from April 1,SBI is expected to become a lender of global proportions with an asset base of over $555 billion
6294,"February 20, 2017, Monday",Now pay for Uber rides with JioMoney from February 20,Deal to give boost to cash-free payments across India and provide mobility options to Jio users
6313,"February 17, 2017, Friday",RBI proposes lower MDR from April 1 to keep digi-pay momentum,"MDR to be on the basis of merchant turnover, rather than the present slab-rate based on transaction value"
6315,"February 17, 2017, Friday",Trump Budget won't necessarily prompt higher rates: Yellen,The Federal Reserve chief demurred on commenting on specific changes in the budget
6338,"February 13, 2017, Monday",Reliance HF eyes equity offering,Reliance Capital would retain 51% stake in the separately listed venture
6390,"February 02, 2017, Thursday",25 bps repo rate cut more likely in April not February: Citigroup,The central bank will hold its next monetary policy meet on February 8
6438,"January 19, 2017, Thursday",HDFC Life's profit up by 10% in April-December period,Net profit stood at Rs 645 cr
6452,"January 18, 2017, Wednesday",Irdai's protection to a few reinsurers riles industry,Implements the controversial guideline allowing first right of refusal to select players
6707,"November 18, 2016, Friday","Reliance Home Finance plans to garner Rs 3,500 crore via NCDs",NCDs cannot be converted into stock and usually offer higher interest rates than convertible debentures
6765,"November 10, 2016, Thursday",Assets of high net worth individuals in India to touch $2.3 trillion in 4 years,"The report defines HNWI as people with a net investable wealth of $1 mn or more, excluding the property that is their main ..."
6923,"October 16, 2016, Sunday","NPA not an issue, rate cuts to fetch Rs 2.5 trillion gains: K V Kamath",He said that it will help the system tide over troubles and also ease pressure on growth capital
7036,"September 23, 2016, Friday","Andhra Bank ties up with Cigna TTK, Reliance General Insurance",The tie-up is for providing health and general insurance to Andhra Bank's customers
7049,"September 21, 2016, Wednesday",Reliance Nippon Life bullish on UP market,"Insurer to ramp up advisors' network to 25,000 from 15,000 at present"
7108,"September 13, 2016, Tuesday",Reliance Capital to list home finance biz; eyes Rs 50k cr loan book,All shareholders of Reliance Capital will receive one free share of Reliance Home Finance for every one share held in Reliance ...
7130,"September 09, 2016, Friday",MFI sector worth seen trebling at Rs 4.3 trillion in 4 years: Icra,"Estimate includes micro credit across self-help groups, MFIs and banks"
7146,"September 07, 2016, Wednesday","Reliance Capital raises Rs 2,000 cr though debentures",Funds will be utilised for refinancing existing debt and to grow company's lending business
7150,"September 07, 2016, Wednesday","Reliance Capital raises ~2,000 cr though debentures",The finance company will use the proceeds to refinance debt and grow its lending business. The debt-to-equity ratio remains at a ...
7161,"September 04, 2016, Sunday",Corporate debt trading up 12 per cent in April-August 2016,"Figure stood at nearly Rs 5 lakh crore in the first five months of 2013-14, while it was Rs 3.90 lakh crore in the corresponding ..."
7629,"July 01, 2016, Friday","RIL, SBI sign shareholder agreement for payments bank JV",RBI granted in-principle approval to RIL as a promoter in September 2015 for the setting up of the payments bank
8236,"April 07, 2016, Thursday","Disclose all assets by April 21, says SC to Mallya as banks seek deposit",Lenders say they cannot forego principal amount; court grants Mallya time till April 21 to respond
8347,"March 21, 2016, Monday","Window is scant, RBI to cut rates by 25% on April 5: Deutsche Bank",Declining inflation and a negative industrial outlook have strengthened the case for RBI to cut interest rate
8440,"March 07, 2016, Monday",Banks will have to lower lending rates in April,"Irrespective of RBI action , lenders need to catch up with transmission lag"
8444,"March 06, 2016, Sunday",India's first small bank to start operations on April 13,Jalandhar-based Capital Local Area Bank currently active as local area bank
8559,"February 18, 2016, Thursday",New premiums up 15.5% for life insurers in April-January period,"Top insurer LIC posts 15% growth during this period, collects Rs 66,336 cr as new business premium"
8622,"February 11, 2016, Thursday",CCI approves Nippon Life stake hike in Reliance Life to 49%,"Nippon Life had announced its plan to hike the stake to 49% at an investment of Rs 2,265 crore"
8685,"February 02, 2016, Tuesday",New India Assurance reports profit of Rs 747 cr for April-December period,"The company recorded a global premium of Rs 13,219 cr, recording a growth of 14.42%"
8716,"January 29, 2016, Friday",Fiscal deficit for April-Dec today expected to show a better picture,April-December numbers are expected to well within the comfort levels of the government and policy observers
8737,"January 26, 2016, Tuesday",Nomura sees 0.25% rate cut in April,The next RBI policy will be announced on February 2
8979,"December 18, 2015, Friday",New lending rate regime from April 1,Banks to compute lending rates under new rules to pass on RBI rate cut benefits to borrowers
8998,"December 15, 2015, Tuesday",Reliance Home Finance to tap SME segment,"To grow assets under management from Rs 6,500 crore to Rs 50,000 crore in five years"
9148,"November 25, 2015, Wednesday",Nippon Life to buy 23% stake in Reliance Life for Rs 2265 crore,"Deal values company at Rs 9,847 crore; joint venture to be renamed Reliance Nippon Life"
9149,"November 24, 2015, Tuesday",Bank unions defer two-day strike temporarily,"Conciliation meeting has been called; duties & powers of staff, allowances, working hours among the issues discussed in the ..."
9234,"November 11, 2015, Wednesday",Life insurance industry sees 14.5% growth in April-September,New premium business of the life insurance industry has seen a 14.5 per cent growth for the April 1-September 30 period for ...
9326,"October 26, 2015, Monday","Nippon to acquire 23% stake in Reliance Life for Rs 2,500 cr","Japan's Nippon Life Insurance plans to acquire another 23 per cent stake in Reliance Life Insurance for about Rs 2,500 ..."
9374,"October 15, 2015, Thursday",Reliance Capital and subsidiaries approve ESOPs worth Rs 150 cr,"The ESOPs comprise of 646,080 shares of Reliance Capital and rest as phantom shares of operating subsidiaries in mutual fund and ..."
9555,"September 22, 2015, Tuesday",Life insurers' new premium grows by 13.8% in April-August period,"Life insurers collected first year premium of Rs 45,871 cr during April 1, 2015 to August 31, 2015 for the period as compared to ..."
9642,"September 07, 2015, Monday",Doha Bank ties up with Anil Ambani's Reliance Group,Agreement has been signed by Anil Ambani Chairman Reliance Group and Doha Bank Group CEO R Seetharaman
9782,"August 21, 2015, Friday",RIL-SBI payments banks to push digital banking,RIL has entered into a partnership with State Bank of India for payments banks
9806,"August 20, 2015, Thursday","RIL, telcos among 11 firms to launch payments banks",RBI says unsuccessful applicants can get licences in future under 'on-tap' system
10091,"July 11, 2015, Saturday",BRICS bank to start lending in local currency by April: Kamath,Says decision to open membership for other countries will be taken in the next few months by the bank's Board of Governors
10108,"July 09, 2015, Thursday",Bank credit down by 2.5% in April-June quarter,Bankers say the credit growth in the first quarter is usually tepid on account of low economic activity
10178,"June 29, 2015, Monday",HDFC Bank breaches RBI limits on loans to Reliance Industries,"However, lender says it has acted totally within regulations; says its board of directors okayed 'the said excess in respect of ..."
10292,"June 14, 2015, Sunday","LIC improves its performance, still loses market share in April","After underperforming in 2014-15, state-owned Life Insurance Corporation (LIC) has improved its performance in April by recording ..."
10337,"June 09, 2015, Tuesday",Reliance Life Insurance hikes number of agents by 20%,Company launches child education plan for education purpose
10621,"April 29, 2015, Wednesday",Reliance Life launches comprehensive health plan,Reliance Life Insurance has launched 'Reliance Health Total'
10634,"April 28, 2015, Tuesday",Reliance Communications raises $300 million,The tenure of these are 5.5 years and the coupon rate is 6.5 per cent
10666,"April 22, 2015, Wednesday",Kotak Mahindra proposal before FIPB on April 30,"At present, foreign investors together hold 48.5% in it, pursuant to its merger with ING Vysya Bank"
10759,"April 07, 2015, Tuesday",New PSL guidelines to be out by April-end: Rajan,The Reserve Bank will come out with final guidelines on priority sector lending (PSL) for banks by end of this month which will ...
10761,"April 07, 2015, Tuesday",Prime Minister Narendra Modi to launch MUDRA bank on April 8,Prime Minister Narendra Modi will launch the Micro Units Development and Refinance Agency Ltd. (MUDRA) bank at the Vigyan Bhavan ...
10802,"April 01, 2015, Wednesday",SBI to extend banking hours in Maharashtra on April 4,Country's largest lender State Bank of India today said it has extended the banking hours at all its branches in Maharashtra on ...
10867,"March 24, 2015, Tuesday","Reliance Life to add 20,000 agents next fiscal","The  company has been able to clock new business premium of Rs 1,100 crore in the current fiscal"
10870,"March 24, 2015, Tuesday",Govt to borrow Rs 3.6 lakh cr in April-Sept,This is about 60% of the full-year gross borrowing estimate of Rs 6 lakh cr for 2015-16
10917,"March 18, 2015, Wednesday",A CRR cut possible prior April 7: SBI Research,The CRR was left unchanged at 4 per cent in the last policy review held on March 4.
10956,"March 12, 2015, Thursday",Sumitomo Mitsui Trust Bank completes acquisition of 2.77% stake in Reliance Capital,The investment has been made at Rs 530 per share representing a premium of over 11% to the stock price of Reliance Capital
11053,"February 26, 2015, Thursday",PSBs' Basel-III needs to overshoot Rs 2.4 trillion estimate: Mundra,Reserve Bank Deputy Governor S S Mundra today said that state-run banks' capital needs to comply with Basel-III regulations may ...
11187,"February 09, 2015, Monday",Banks need to be mandated to become brokers: Reliance Life,"Only then will there be an open architecture in bancassurance, the insurance company says"
11192,"February 09, 2015, Monday",Health Insurance TPA of India to begin business in April 2015,The Health Insurance TPA of India which has been set up to manage health claims of public general insurers is all set to begin ...
11206,"February 06, 2015, Friday",Payments bank JV with Reliance to help us: SBI,RIL is to be promoter of the proposed payments bank and SBI will hold up to 30 per cent stake
11255,"February 03, 2015, Tuesday","Reliance, Birla join the payment bank rush",Licences for niche banks in six months; close to 100 entities apply; SBI to hold up to 30% stake in venture with RIL
11267,"February 02, 2015, Monday","RIL applies for payments bank licence, partners with SBI",RIL will be the promoter and SBI will be the joint venture partner with equity investment of up to 30%
11513,"December 28, 2014, Sunday",Sumitomo Mitsui may take up to 10% stake in Reliance Bank,Reliance Capital last week roped in SMTB as a strategic partner to collaborate on various businesses
11940,"October 29, 2014, Wednesday",Return of ULIP era to hurt insurance industry: Reliance Life CEO,"As ULIPs or market-linked insurance plans make a big comeback, leading private sector life insurer Reliance Life's CEO Anup Rau ..."
12023,"October 15, 2014, Wednesday",Extend restructuring leeway till April 2016: Banks to RBI,Bankers have urged the Reserve Bank of India (RBI) to continue regulatory forbearance on loan restructuring for another year. As ...
12196,"September 13, 2014, Saturday",Health Insurance TPA of India to begin operations by April,Gets Irda nod; external TPAs will continue to serve state-owned general insurers
12231,"September 09, 2014, Tuesday",Reliance Life launches Reliance Fixed Savings,"Reliance Life Insurance Company today launched 'Reliance Fixed Savings', a unique endowment insurance plan that secures future ..."
12284,"September 02, 2014, Tuesday",Reliance Capital's banking plan gets a Japanese touch,Reliance Capital - the NBFC arm of the Anil Ambani group - will once again try its luck for a bank licence
12301,"August 31, 2014, Sunday","Reliance General Insurance to pay around Rs 35,000 to man","Reliance General Insurance Company Ltd has been held guilty of ""unfair trade practices"" by a consumer forum here which directed ..."
12538,"July 27, 2014, Sunday","HDFC, Birla Sun, Reliance Life top Irda's unfair biz chart",These complaints relate to alleged 'selling of (life insurance) policies by making false lucrative offers'
12784,"June 25, 2014, Wednesday",Reliance Life to tap Gulf returnees,Company launches claim guarantee scheme for customers
12826,"June 18, 2014, Wednesday",Reliance Capital exits low yielding car loan financing business,Focuses on high yielding segments in rural areas
12923,"June 01, 2014, Sunday","Non-life premium income rises 6.7% to Rs 8,421 cr in April","Premium income of non-life insurers grew by 6.73 per cent to Rs 8,421.45 crore in April this year, according to data of insurance ..."
13054,"May 12, 2014, Monday",RBI says corporates should voluntarily access bond market,The Reserve Bank of India (RBI) believes that corporates should voluntarily access the bond market for meeting their financial ...
13122,"May 02, 2014, Friday",AIBEA opposes SBI's arrangement with Reliance Money Infra,The All India Bank Employees Association (AIBEA) has strongly opposed the move by State Bank of India (SBI) to hand over regular ...
13214,"April 17, 2014, Thursday","A star abroad, RBI boss riles bond traders at home","Since taking the helm of the Reserve Bank of India, Raghuram Rajan's agenda to reform markets has put the noses of Mumbai bond ..."
13241,"April 12, 2014, Saturday",Irda imposes Rs 1.77 cr penalty on Reliance Life Insurance,Rs 25 lakh fine imposed due to service agreements entered with various entities engaged for providing services of lead generation ...
13390,"March 26, 2014, Wednesday",Sharma hopeful of rate cut by RBI on April 1,India Inc has been demanding a rate cut to spur investment and promote growth
13399,"March 25, 2014, Tuesday",BS POLL: RBI to maintain status quo on April 1,Experts cite easing of inflation as reason
13578,"February 23, 2014, Sunday",Reliance Life new business income grows 56%,Leading private insurer Reliance Life Insurance has recorded a 56 per cent surge in its new business premium income in the first ...
13637,"February 17, 2014, Monday",BofA-ML says RBI may hit pause button on April 1,Probably because inflation is expected to peak off and FY15 GDP growth is likely to be around 4.7 %
13713,"February 08, 2014, Saturday","MFI loans might get cheaper from April, with new RBI norm",The new norm takes effect from April 1. RBI will announce the applicable average base rate on March 31 and every quarter-end ...
13810,"January 27, 2014, Monday",Reliance Life launches Super Money-Back Plan,"Private life insurer Reliance Life Insurance today launched its new offering 'Reliance Super Money Back Plan', a traditional ..."
13811,"January 27, 2014, Monday",Reliance Life launches Super Money Back plan,"Reliance Life Insurance, part of Reliance Capital, today launched Super Money Back Plan, a traditional non-participating plan ..."
13847,"January 23, 2014, Thursday",Withdrawal of pre-2005 notes: Banks want April 1 deadline extended,"Baldev Shah, a 38-year old wholesale textile store owner from South Mumbai had a visit to his bank branch as the top priority for ..."
13939,"January 12, 2014, Sunday",Reliance General Insurance hopes to post profit this fiscal,Private-sector insurer Reliance General Insurance hopes to register profit in the current financial year on the back of a ...
13957,"January 10, 2014, Friday",Reliance Life to launch nine new products by Jan-end,"Private life insurer Reliance Life Insurance today said it plans to launch nine products, which are complied with the new product ..."
14009,"January 05, 2014, Sunday","Reliance Gen Insurance, Royal Sundaram lost market share in FY13",Reliance General and Royal Sundaram were the only two private sector general insurance companies that witnessed decline in market ...
14041,"January 01, 2014, Wednesday",Citi overtakes Merrill Lynch as Apollo-Cooper deal falls through,The global investment bank tops the coveted M&A league table for the year with deals such as Unilever's open offer for local ...
14122,"December 22, 2013, Sunday",Reliance Life eyes LIC model to expand reach,"They may be rivals in overall business of selling insurance products, but Reliance Life wants to emulate model followed by LIC ..."
14135,"December 19, 2013, Thursday",Non-life insurers see 13.1% growth in total premiums for April-Nov,"General insurance companies saw a 13.1% in premium collection for the April to November period, as compared to same period last ..."
14172,"December 16, 2013, Monday",IRDA asks Reliance Life to tighten anti-money laundering norms,Insurance regulator IRDA has asked Reliance Life Insurance Company (RLIC) to strengthen procedures for complying with the ...
14173,"December 16, 2013, Monday",RelianceLife proprietary channel hiring to grow by 20% in FY15,"Private insurer Reliance Life Insurance, which hired 2,000 for its proprietary channels in the past one year, today said it plans ..."
14240,"December 06, 2013, Friday",Reliance Life to launch 25 products under new regime,"Profits to remain flat due to lower surrender profits and investments on newer channels, says CEO Anup Rau"
14383,"November 22, 2013, Friday",RBI Plans on to reduce banks' reliance on G-secs gradually,Will help ensure flow of credit to productive sectors of the economy
14640,"October 21, 2013, Monday",FM to grill govt banks' chiefs tomorrow,"Meet to review progress on lending, impact of recent rate cuts and what is being done on NPAs, among other things"
14706,"October 11, 2013, Friday",SAT asks Sebi to look at RIL consent plea;next hearing on Oct29,The Securities Appellate Tribunal (SAT) today suggested that market regulator Sebi could look at considering the consent ...
14817,"October 01, 2013, Tuesday",Rupee logs first monthly gain since April,Q1 CAD figures to provide strength
14863,"September 26, 2013, Thursday",Reliance Life launches e-insurance policies,Policyholder can choose to open an e-Insurance account with any one of the five approved insurance repositories by providing ...
14865,"September 25, 2013, Wednesday",Reliance Life offers policies in electronic demat form,Private insurer Reliance Life Insurance Company today said its life insurance policies will be available in electronic demat form ...
14984,"September 12, 2013, Thursday",Non-life insurers see 17.3% rise in premiums in April-July,"General insurance companies saw a 17.3% in premium collection for the April to July period, as compared to same period last year"
15280,"August 11, 2013, Sunday",Reliance General eyes SMEs for health insurance,Reliance General Insurance is betting big on sale of health insurance products in the highly under-penetrated Small and Medium ...
15350,"August 02, 2013, Friday",Standard proposal form implementation delayed to April 1,"The requirement of having a standard proposal form by life insurance companies, with detailed information of the financial needs ..."
15362,"August 01, 2013, Thursday",Common in-house TPA to be operational by April,The common in-house third party administrator (TPA) is expected to be operationalised by April 2014
15542,"July 10, 2013, Wednesday",Reliance Life new premium growth doubles in Q1,"Private life insurer Reliance Life Insurance has posted a 100% rise in new business premium for the quarter ended June 30, 2013"
15698,"June 26, 2013, Wednesday",Non-life insurers see 19.6% rise in April-May premium,"Non-life insurers collected Rs 13,552 cr in the first two months of FY14 against Rs 11,333 cr of FY13"
15819,"June 11, 2013, Tuesday","Excessive reliance on forex borrowing risky for companies, says H R Khan",Says heightened volatility makes debt rollovers difficult or at high interest rates
15825,"June 11, 2013, Tuesday",RBI purchases $518 mn in April,"The Reserve Bank of India (RBI) purchased $518 million dollars in the month of April on net basis, according to data released by ..."
15910,"June 02, 2013, Sunday",Reliance Life eyes higher profits in FY'14,"The company had recorded its first full-year net profit in the financial year ended March 31, 2012"
15967,"May 25, 2013, Saturday",Subbarao grilled over busting of Saradha,Parliamentary panel asks him why no action was taken against the company among others when they offer fancy rates of returns
16065,"May 13, 2013, Monday",Gold imports jump to $ 7.5 bn in April,Gold and silver imports stood at $7.4 billion in January while in February and March it aggregated $5.7 billion and $3.3 billion ...
16129,"May 05, 2013, Sunday","Bankers referred Rs 7,600-cr debt for recast in April","A PSB executive said the scale of loan recast was high since three big-ticket cases, including one in thermal power generation, ..."
16292,"April 15, 2013, Monday",General insurers' premium up by 19.3% in April-Feb period,General insurance companies posted a 19.3% rise in premium collection for the April to February period
16409,"April 03, 2013, Wednesday",Reliance Life Insurance launches fixed benefit healthcare plan,"Reliance Life Insurance Company today launched its new healthcare solution, 'Reliance Life Easy Care Fixed Benefit Plan' for ..."
16503,"March 23, 2013, Saturday",Street expects new 10-year benchmark govt bond in April,"Outstanding on 8.15% 2022 is already at Rs 70,000 cr as on Feb 18, shows RBI data"
16523,"March 21, 2013, Thursday","Reliance PE plans third fund, with target corpus of $300 mn",Plans to tap only global investors; Reliance Alternative Investment Fund-I may look at exits ahead of fresh fund raising
16528,"March 20, 2013, Wednesday",Reliance Life launches new health plan,"Reliance Life Insurance today announced launch of its new healthcare offering, 'Reliance Life Care for You'"
16537,"March 20, 2013, Wednesday",General Insurers' premium up 19.3% in April to Jan period,"General insurers have seen a 19.36% rise in premium collection for April to January period this fiscal, compared to same period ..."
16572,"March 16, 2013, Saturday",Home loans see near-flat growth in April-January,"During the period, home loans grew by 10.4%, compared to 10.5% in the similar period last year"
16759,"February 28, 2013, Thursday",New LIC premiums fall more than sector's during April-January,"During April 2012 to January this year, the fall in Life Insurance Corporation of India (LIC)'s new business premiums, compared ..."
16816,"February 23, 2013, Saturday",RIL may apply for bank licence,"Backed by a powerful Reliance brand & cash, insiders are expecting RIL to make a bid for a banking license"
16837,"February 21, 2013, Thursday",Banks need Rs 1.4 trillion in non-equity core capital: Crisil,The domestic banks will need to raise Rs 2.7 trillion by March 2018 to meet tier-I capital requirements under Basel III
16868,"February 19, 2013, Tuesday",Reliance MF launches RGESS compliant fund,The new fund offer opened for subscription on February 19 and closes on March 15.
17462,"December 29, 2012, Saturday",RBI postpones Basel-III rollout to April 1,"The Reserve Bank of India (RBI) has rescheduled the start date for implementation of Basel-III financial norms to April 1, ..."
18654,"September 19, 2012, Wednesday",RBI's stance on interest rates has not changed since April: Gokarn,The Reserve Bank of India (RBI) says its stance on interest rates has not changed from that in April.
18882,"August 30, 2012, Thursday",Restructured loan of banks to touch Rs 3.25 trillion by FY13,"The restructured portfolio of country's banks will touch Rs 3.25 trillion (Rs 3.25 lakh crore), or around 5.7% of banks' advances ..."
19060,"August 11, 2012, Saturday",Baer close to buying Merrill wealth unit,Switzerland’s Julius Baer is close to buying Bank of America Merrill Lynch’s private banking units outside the United ...
19064,"August 11, 2012, Saturday",RBI decrees revamp of no-frills accounts,The Reserve Bank of India has told banks to replace the current practice of opening no-frills accounts for those who can’t ...
19156,"August 02, 2012, Thursday",Reliance Capital ups stake in TVS Motors,"Reliance Capital Trustee Co Ltd, through Reliance Vision Fund, has acquired 1.8 million shares in TVS Motors Company Ltd, through ..."
19157,"August 02, 2012, Thursday","Govt didn't do its bit after April, says Subbarao","The government didn’t follow the central bank’s lead this April in needed policy, said Reserve Bank of India (RBI) ..."
19317,"July 18, 2012, Wednesday",Bajaj Finserv net grows 51% in the April-June quarter,"Bajaj Finserv, the Bajaj group's holding company for financial services business, reported a net profit growth of Rs 195 crore ..."
19498,"June 30, 2012, Saturday",April-May fiscal deficit at 27.6% of BE,"The Centre’s fiscal deficit stood at Rs 141,587 crore in the first two months of 2012-13, constituting 27.6 per cent of the ..."
19523,"June 28, 2012, Thursday",'Need to educate public about perils of investing in gold',Reserve Bank Deputy Governor KC Chakrabarty today said educating the common man about the speculative nature of gold investments ...
19633,"June 18, 2012, Monday",Banks' fire drill for Greek election,"The banks are on high alert. Hundreds of employees at big firms, some part of special teams, on standby this Sunday, are waiting ..."
19672,"June 14, 2012, Thursday",Dimon fires back at Senate grilling,JPMorgan Chase & Co Chief Executive Officer Jamie Dimon spent much of his time at a hearing where US senators aimed to put ...
19681,"June 13, 2012, Wednesday",NRI deposit flows touch record $3.2 bn in April,"Taking the benefit of high interest rates and a sharp fall in the rupee’s value, non-resident Indians (NRIs) deposited a ..."
19691,"June 12, 2012, Tuesday",India Inc's external borrowings fell 29% in April ,"With rising uncertainty in global markets and mismatch in pricing expectations, borrowings from abroad by Indian companies fell ..."
19744,"June 05, 2012, Tuesday",BofA withheld Merrill losses before deal,"Days before Bank of America shareholders approved the bank’s $50 billion purchase of Merrill Lynch in December 2008, top ..."
19838,"May 23, 2012, Wednesday",Life insurance firms' premium collection down 16.3 % in April,"In April, private companies continued to be a drag on the life insurance sector’s new premium collection. Data collected by ..."
19842,"May 23, 2012, Wednesday",Life insurance firms' premium collection down 16.3 % in April,"In April, private companies continued to be a drag on the life insurance sector’s new premium collection. Data collected by ..."
19933,"May 10, 2012, Thursday",Consumer confidence improves in April,"The consumer confidence in the country improved marginally in April, a fourth straight month of upward trend. In urban areas, ..."
20000,"May 03, 2012, Thursday","Bank deposits, advances fall through April","Bank deposits and advances fell through April, after rising sharply towards the end of the previous financial year. The growth in ..."
20106,"April 19, 2012, Thursday",European banks may have to shed up to $3.8 trillion: IMF,European banks could be forced to shed $3.8 trillion in assets through 2013 and curb lending if governments fall short of their ...
20116,"April 18, 2012, Wednesday",Banks' deposits outpace credit in 2 weeks to April 6,"Indian banks' deposits grew 3.2% in the two weeks to April 6, while advances grew at a slower 1.8%, data from the Reserve Bank of ..."
20126,"April 17, 2012, Tuesday",Final norms on implementation of Basel III by April-end: RBI,The Reserve Bank of India (RBI) today said it will come out with the final guidelines on implementation of new global risk ...
20194,"April 11, 2012, Wednesday",Reliance Cap trustee buys Titagarh Wagons shares ,"Reliance Capital Trustee Company, a subsidiary of Anil Ambani Group's Reliance Capital, on Tuesday purchased 810,000 shares of ..."
20361,"March 24, 2012, Saturday",Life insurance premium collection declines 14% since April,"The busy tax saving season failed to bring cheer to the life insurance market as policy issuance continued to head south, pushing ..."
20364,"March 23, 2012, Friday","Cheques, drafts to be valid for 3 months from April","Come April 1 and cheques and bank drafts will be valid only for 3 months, a development that RBI thinks will help mitigate frauds ..."
20541,"March 07, 2012, Wednesday","Lehman out of bankruptcy, will repay creditors from April","The move puts an end to the bankruptcy proceeding that began on September 15, 2008, when Lehman collapsed and rocked the ..."
20771,"February 11, 2012, Saturday",RIL raises $1 billion,"Reliance Industries (RIL) has raised $1 billion (nearly Rs 5,000 crore) by selling foreign currency bonds to investors abroad ..."
20798,"February 07, 2012, Tuesday","Reliance Life expects profit in 2011-12, drops IPO plan",Anil Ambani-promoted Reliance Life Insurance Company is expecting to post profit in the current fiscal.
20886,"January 29, 2012, Sunday",Interest rate cut by RBI only in April: Barclays Capital,"The Reserve Bank is unlikely to cut lending rate before April despite moderation in inflation, but may further reduce the Cash ..."
21333,"December 16, 2011, Friday",Drilling less wells led to output drop,A fall in Reliance Industries Ltd’s gas output at its KG D6 block is due to it drilling fewer number of wells than promised ...
21496,"November 26, 2011, Saturday",Reliance calls off Bharti-AXA Insurance deal,Due diligence report by RIL found valuations expensive.
21501,"November 25, 2011, Friday",Pvt Life insurers policy issuance dips 35% since April ,Life insurance premium collection down 20%.
21576,"November 16, 2011, Wednesday",Merrill Lynch puts two Mumbai premises up for sale,"Global financial services major Merrill Lynch, which is a unit of Bank of America, has offered for sale two of its office ..."
22103,"September 15, 2011, Thursday",Reliance Life stake sale gets Irda nod,Firm to sell 26 per cent to Nippon Life.
22141,"September 11, 2011, Sunday",Sensex could surge past 23k in a yr: Reliance MF,"Indian stock market is poised for robust growth in 12-18 months and the BSE benchmark Sensex may soar to a record 23,000 mark by ..."
22255,"August 26, 2011, Friday",Banks in talks with Reliance Life for picking up stake,"After securing the largest-sized foreign direct investment in the Indian insurance sector, with Nippon Life taking 26 per cent ..."
22331,"August 18, 2011, Thursday",Insurer cannot arbitrarily refuse policy renewal,"Healthcare is costlier than a stay in a five-star hotel. Clearly, it is beyond the means of the common man. One-time ..."
22690,"July 14, 2011, Thursday",Bajaj Finserv net doubles to Rs 129 cr in April-June,"Bajaj Finserv, the holding company for financial services businesses of the Bajaj group, on Wednesday said its consolidated net ..."
22832,"July 01, 2011, Friday",CD issuances dip 32% in April-June,"Lesser participation from mutual funds, slow credit offtake and growth in retail deposits have deterred banks from taking up ..."
22906,"June 25, 2011, Saturday",April-May sees substantial dip in life insurance premia collection,The first-year premium collection by life insurance companies fell 12.3 per cent in April-May compared to the corresponding ...
22919,"June 24, 2011, Friday",India Inc raises over $2 bn abroad in April,India Inc raised around $2.06 billion abroad in April through external commercial borrowings (ECBs) and foreign currency ...
23148,"June 02, 2011, Thursday",Life insurance premium collection dips 12% in April,"First-year premium collection by life insurance companies declined 11.89 per cent in April, compared to the corresponding period ..."
23162,"June 01, 2011, Wednesday",Non-life insurance biz grew 20% in April,"The general insurance industry’s gross premium income rose 20 per cent in April, compared to the corresponding period last ..."
23164,"May 31, 2011, Tuesday",Credit offtake up 22% in April,"Credit offtake from banks to major sectors accelerated in April this year, registering a growth of over 22.1% as against 17.1% in ..."
23165,"May 31, 2011, Tuesday",General insurance premium income up 20% in April,"The general insurance industry, comprising four public sector entities, grew by 20% in April this year compared to the same month ..."
23168,"May 31, 2011, Tuesday",Reliance Cap net dips 33% on provisioning,Higher provisions for commercial third-party motor pool losses dragged Reliance Capital’s consolidated net profit for the ...
23400,"May 06, 2011, Friday","Credit growth slows in April, deposit growth remains flat",Banks enter a slack season as credit growth takes a back seat in the first month of the new financial year.
23550,"April 21, 2011, Thursday",Deposits rise by Rs 1 lakh cr in fortnight ended April 8,"Banks’ deposit growth accelerated to 17 per cent year-on-year in the fortnight ended April 8, as depositors expected ..."
23578,"April 19, 2011, Tuesday",NewQuest buys Bank of America Merrill Lynch's PE portfolio,"Bank of America Merrill Lynch has sold out its Asia non-real estate private-equity assets to NewQuest Capital Partners, the Hong ..."
23612,"April 14, 2011, Thursday",Bank of America can continue to lend to RIL,"Bank of America, one of the largest banks in the US, can continue to lend to Reliance Industries (RIL), the largest Indian ..."
23616,"April 14, 2011, Thursday",RIL CFO may be MD of D E Shaw JV,Two weeks after Reliance Industries (RIL) announced its entry into financial services through a joint venture with New York-based ...
23624,"April 12, 2011, Tuesday",FinMin to meet PSU bankers on April 26,Finance Ministry will hold annual performance review of public sector banks here on April 26 to evaluate various aspects ...
23656,"April 08, 2011, Friday",RBI may not extend liquidity support beyond April 8,"Bankers say the additional liquidity support is not needed as of now, as the liquidity pressure has eased."
23721,"April 01, 2011, Friday",Current account deficit widens to 3.1% in April-Dec 2010 ,Receipts from communication services pulled down India’s current account deficit (CAD) by almost 24 per cent to $9.7 ...
23754,"March 29, 2011, Tuesday",BoB's Mallya to take over as IBA Chairman from April 1,"He will succeed OP Bhatt, who will be superannuating as Chairman of State Bank of India on March 31, an IBA relesae said here ..."
23799,"March 24, 2011, Thursday",Reliance Venture exits Dhama Innovations,"Reliance Venture Asset Management, the venture capital arm of Reliance ADA Group, on Wednesday announced its exit from portfolio ..."
23801,"March 24, 2011, Thursday",Andhra Bank to review interest rates in April,Andhra Bank has no plans to raise the interest rates soon and will take a call on the issue next financial year.
23809,"March 24, 2011, Thursday",Reliance Life-Nippon deal may be delayed,Nippon Life’s plan to buy a stake in Reliance Life may be delayed as the deal requires special permission from the ...
23812,"March 23, 2011, Wednesday",Govt nod must for Reliance Life to sell 26% to Nippon,"Anil Ambani group firm Reliance Life, which recently announced selling 26% stake to Japanese insurer Nippon for $680 million, ..."
23827,"March 22, 2011, Tuesday",Yields on CDs maturing early April cross 11%,Certificates of Deposit (CDs) maturing in the first week of April are being traded at yields above 11 per cent in the secondary ...
23883,"March 17, 2011, Thursday",Bank of America Corp appoints Mukesh Ambani as director,"Mukesh Ambani is set to become the first non-American citizen to join the board of Bank of America Corporation, following his ..."
23939,"March 12, 2011, Saturday",Bulk deposit rates to ease from April: SBI official,The interest rates on big-ticket deposits may ease from April on the back of improvement in liquidity and fall in credit demand ...
23942,"March 11, 2011, Friday","ICICI, Reliance Cap look at $3.5 bn brokerage buy","ICICI Bank, the country’s largest private sector lender, and the Anil Ambani Group are looking at CLSA and Cheuvreux, the ..."
23945,"March 11, 2011, Friday","New 10-year benchmark gilt expected in April, at about 8%",Govt borrowing calendar to decide timing; meeting likely this month on schedule.
24030,"March 03, 2011, Thursday",Allahabad Bank to launch mobile banking in April,"Public sector Allahabad Bank will launch mobile banking in April 2011, enabling its customers to avail banking services on their ..."
24056,"March 02, 2011, Wednesday","Financial institutions, banks in talks with RIL to sell IL&FS stake",Three leading financial institutions and banks are in talks with Reliance Industries Ltd (RIL) to sell their entire stake in ...
24071,"February 28, 2011, Monday",Banks to get Rs 140 for every 'no frills' account,The government will give Rs 140 to the banks for every 'no-frills' account opened by them as part of its initiative to expand the ...
24126,"February 23, 2011, Wednesday",Reliance PE arm set to close three deals worth Rs 350 crore,"Reliance Equity Advisors, the private equity (PE) arm of Anil Ambani-owned Reliance Capital, is all set to close three deals in ..."
24167,"February 19, 2011, Saturday",Some Malegam proposals may apply from April 1,The Reserve Bank of India (RBI) may implement some recommendations made by the Malegam committee on regulating the microfinance ...
24176,"February 18, 2011, Friday","Royal Sundaram, Reliance arm to re-apply for merger",Move necessitated by Irda’s draft guidelines for non-life M&As.
24200,"February 16, 2011, Wednesday","ICICI Venture infra fund to raise Rs 1,500 cr by April","ICICI Venture (I-Ven), the largest private equity (PE) player in India, is looking to achieve the first closure of its ..."
24315,"February 04, 2011, Friday",Non-life insurers clock 22% growth in April-December,Non-life insurance companies registered 22.41 per cent growth in premium collections during the first nine months of the ...
24345,"February 02, 2011, Wednesday",Irda to bring new pension norms in April,"After unit-linked pension products disappeared from the market following an imposition of guaranteed returns of 4.5 per cent, the ..."
24452,"January 25, 2011, Tuesday",RBI extends special liquidity measures till April 8,"The Reserve Bank of India (RBI) today extended its special measures for easing the monetary supply till April 8, in view of the ..."
24897,"December 18, 2010, Saturday",Loans referred for recast drop in April-December,"With an improvement in business environment and economic growth, loans referred to the corporate debt restructuring (CDR) forum ..."
24908,"December 17, 2010, Friday",IDFC puts Rs  150 cr in TRIL Infopark,"Infrastructure Development Finance Company Limited (IDFC) has invested Rs 150 crore in TRIL Infopark, a company floated by Tata ..."
25271,"November 16, 2010, Tuesday",Irda slaps Rs 10 lakh penalty on Reliance Life,The Insurance Regulatory and Development Authority (Irda) has imposed a fine of Rs 10 lakh on Anil Ambani Group company Reliance ...
25351,"November 09, 2010, Tuesday",Reliance General appoints Vijay Pawar as CEO,Anil Ambani Group-controlled Reliance General Insurance today announced appointment of Vijay Pawar as the new chief executive ...
25392,"November 05, 2010, Friday",Reliance mutual fund may foray into retail debt segment,"Reliance Mutual Fund, the nation’s largest fund house, sees a huge opportunity for business growth in the retail debt ..."
25519,"October 27, 2010, Wednesday",Reliance Venture finds its unorthodoxy paying off,"Satisfied with its Rs 620-cr investment, it’s agnostic on sectors and geography."
25543,"October 24, 2010, Sunday",SBI mulling transaction-based fee for no-frills accounts,"In order to make the operation of no-frills accounts opened under the financial inclusion plan of the government feasible, State ..."
25581,"October 21, 2010, Thursday",Reliance bonds yield less than Mattel on gas hunt,"In selling 30-year bonds at yields lower than US companies with comparable debt ratings, Reliance Industries Ltd (RIL) shows how ..."
25733,"October 08, 2010, Friday",Reliance Life forays into health insurance,Reliance Anil Dhirubhai Ambani Group’s Reliance Life Insurance on Thursday announced it’s foray into health insurance ...
25737,"October 08, 2010, Friday",Amount of credit referred to CDR dips in April-Sept,The amount of problem credit admitted in Corporate Debt Restructuring (CDR) mechanism declined sharply during April-September ...
26121,"September 02, 2010, Thursday",Bank of America Merrill Lynch ropes in Sanjiv Malhotra,Bank of America Merrill Lynch today said that it has appointed Sanjiv Malhotra as the country risk manager.
26190,"August 27, 2010, Friday",Open no-frills a/cs for minorities but adhere to KYC norms: RBI,The Reserve Bank of India (RBI) has asked banks that while they should ensure opening of no-frill accounts by members of the ...
26215,"August 26, 2010, Thursday",Life insurers' new business income up 56% in April-July,To compensate for the expected drop in sales of life insurance policies after the new guidelines on unit-linked insurance plans ...
26321,"August 18, 2010, Wednesday",Reliance Life Q1 premium income up 31%,Anil Ambani Group's life insurance venture Reliance Life has registered a 33 per cent rise in its total premium income to Rs ...
26366,"August 15, 2010, Sunday",Reliance Life sold most policies among pvt players in Q1,Anil Ambani Group's life insurance venture Reliance Life has sold the highest number of policies among private players in the ...
26583,"July 27, 2010, Tuesday",Credit to commercial sector up three-fold in April-June,"Reflecting the strong growth in demand for credit from the commercial sector, fund flow to the sector increased three-fold in the ..."
26605,"July 26, 2010, Monday","RBI, RIL to set tone for the Street; rally may go on","The RBI monetary policy review and Reliance results will set the tone for the Dalal Street this week, analysts said, while ..."
26611,"July 25, 2010, Sunday","Reliance Life, NetAmbit in distribution tie up",Anil Ambani Group firm Reliance Life Insurance has tied up with a financial services distribution company NetAmbit.
26676,"July 19, 2010, Monday","Reliance Life to hire 3,000 managers this yr","As part of its expansion plan, Anil Ambani Group’s life insurance venture Reliance Life will add 3,000 sales managers to ..."
26725,"July 14, 2010, Wednesday",Banks fall short of farm loan distribution target in April-May,"Banks operating in the state- public sector banks, private banks, cooperative banks as well as regional rural banks (RRBs)- have ..."
26726,"July 14, 2010, Wednesday",Global PE investment up 60% in April-June,"The value of private equity (PE) backed deals globally stood at $43.3 billion in the April-June quarter of 2010 (calendar year), ..."
26904,"June 27, 2010, Sunday",Non-life insurers' premium up 19% in April-May,"General insurers grew around 19 per cent by collecting Rs 7,392 crore premium in the first two months of the current fiscal, as ..."
26909,"June 27, 2010, Sunday",Non-life insurers' premium up 19% during April-May,"Non-life insurers’ premium grew 19 per cent to Rs 7,392 crore in the first two months of the current financial year, as ..."
27234,"May 26, 2010, Wednesday",PE investment rises over 3-fold in Jan-April,Investment by private equity (PE) companies rose over three-fold during January-April this year as compared to the same period ...
27277,"May 20, 2010, Thursday","India Inc raises $2.82 billion through ECB, FCCBs in April","After crossing the $4-billion (Rs 18,540 crore) mark in March, the money raised by Indian companies through external commercial ..."
27280,"May 20, 2010, Thursday",US consumer prices drop in April,"The 0.1 per cent fall in the consumer price index was the first decrease since March 2009, figures from the Labor Department ..."
27351,"May 12, 2010, Wednesday",Germany okays trillion-dollar Euro zone bailout plan,The German Cabinet has approved the country's share of a massive 750 billion-euro (nearly a trillion-dollar) financial rescue ...
27425,"May 06, 2010, Thursday",Bank credit shrinks in fortnight to April 23,"Outstanding credit of commercial banks declined by Rs 26,483 crore, from Rs 32,41,224 crore to Rs 32,14,741 crore at end of April ..."
27443,"May 05, 2010, Wednesday","PE, M&A deal makers look back at April with pleasure","In April, 129 M&A and PE deals amounted to Rs 9,800 crore."
27615,"April 20, 2010, Tuesday","Sebi, Irda to approach high court by April 29",Capital market regulator Securities & Exchange Board of India (Sebi) and Insurance Regulatory & Development Authority ...
27744,"April 09, 2010, Friday","Reliance MF, FPSB India tie up to provide training",Reliance Mutual Fund (MF) today said it has tied-up with Financial Planning Standards Board India (FPSB India) to train the ...
27745,"April 09, 2010, Friday",US banks temporarily reduced debt levels to mask risks: WSJ,"Major American banks, including Citigroup and Goldman Sachs, temporarily lowered their debt in the past five quarters before ..."
27749,"April 09, 2010, Friday","Citi ex-chiefs Prince, Rubin face grilling on loan losses","Charles O “Chuck” Prince and Robert Rubin, Citigroup Inc’s former leaders, face a grilling by the Financial ..."
27792,"April 06, 2010, Tuesday",Oriental Bank may raise rates after April 20,State-owned Oriental Bank of Commerce (OBC) might consider an upward revision in its deposit and lending rates after the Reserve ...
27966,"March 22, 2010, Monday",Experts see another rate hike in April by RBI,"Financial services firms are expecting a further hike in the key rates in April by the Reserve Bank of India (RBI), which last ..."
27993,"March 19, 2010, Friday",Alarm was raised by Merrill on Lehman: report,"The US regulator, Securities and Exchange Commission (SEC) and Federal Reserve were warned by Wall Street rival Merrill Lynch ..."
28039,"March 16, 2010, Tuesday","SBI, RIL among top advance tax payers","State Bank of India (SBI) tops the list of the highest advance tax-payers while three other public sector entities -- LIC, IOC ..."
28083,"March 12, 2010, Friday","No-frills savings accounts to handle around Rs 1 lakh crore, says RBI",The Reserve Bank of India’s (RBI’s) no-frills savings accounts initiative is likely to handle around Rs 1 lakh crore ...
28143,"March 07, 2010, Sunday",BoI in distribution pact with Reliance MF,Bank of India has tied up with Reliance Mutual Fund to distribute and market the latter's products through its branches. The ...
28187,"March 02, 2010, Tuesday","RBI may hike repo, reverse repo by April: Deutsche Bank",The Reserve Bank of India (RBI) is likely to increase its short-term interest rates by April as part of its strategy of exiting ...
28304,"February 20, 2010, Saturday",Interest on daily product basis kicks in from April 1,"Banks would have to move to the daily product method of calculating interest on savings account deposits from April 1, the ..."
28306,"February 20, 2010, Saturday","Merrill, UBS lure bankers with pay increases","Bank of America Corp and UBS AG, which eliminated jobs over the past two years as they received government aid, are luring ..."
28310,"February 19, 2010, Friday",Daily interest on savings a/c from April: RBI,The move will enable saving bank account holders to earn better interest rates since banks currently calculate interest on these ...
28382,"February 12, 2010, Friday",Do not expect any policy action till April: Gokarn,Reserve Bank of India (RBI) Deputy Governor Subir Gokarn on Thursday ruled out any policy action before the central bank’s ...
28383,"February 12, 2010, Friday",Lending uniformity seen from April,"Come April, the entire credit market could see a marked change. For starters, farm loans will be extended at a bank’s base ..."
28393,"February 11, 2010, Thursday",RBI to retain its monetary stance till April 20,"""Please don't expect any action between now and the next announcement unless there is completely unanticipated, unwarranted ..."
28394,"February 11, 2010, Thursday",New loan pricing regime from April,RBI issues draft norms for shift to base rate.
28403,"February 10, 2010, Wednesday",RBI moots base rate to replace PLR from April,The Reserve Bank of India (RBI) today proposed to replace the current system of benchmark prime lending rate (PLR) from next ...
28507,"February 02, 2010, Tuesday",RBI says policy change unlikely till April,"Governor says inflation pressure may moderate after July, but will be a challenge."
28528,"January 31, 2010, Sunday",Reliance Cap net drops 52%,"Reliance Capital, the financial services arm of the Reliance-Anil Dhirubhai Ambani (R-ADA) group, reported a 52 per cent fall in ..."
28560,"January 28, 2010, Thursday",Insurers asked to disclose key financial info from April,"To safeguard the interest of policyholders and ensure transparency, the sectoral regulator the Insurance Regulatory and ..."
28591,"January 25, 2010, Monday",Japan's public debt projected to surpass $10 trillion in '10,"Japan's central government is projected to owe at least $10 trillion (973.16 trillion yen) in debt at the end of fiscal 2010, an ..."
28648,"January 20, 2010, Wednesday","Dhanalaxmi Bank to open 50,000 no-frills accounts","Private sector Dhanalaxmi Bank plans to open 50,000 'no-frills' acounts as a part of its overall endeavour towards financial ..."
28682,"January 17, 2010, Sunday",China forex reserves hit record $2.4 trillion,"China’s foreign exchange reserves surged to a record level in December and new loans exceeded forecasts, raising stakes in ..."
28816,"January 07, 2010, Thursday",Reliance Life Insurance eyes rural market,"Announcing its foray into rural and micro-finance segment, Reliance Life Insurance Company Limited on Wednesday announced the ..."
28838,"January 06, 2010, Wednesday",Low-cost pension plan to take off on April 1,Pension Fund Regulatory and Development Authority (PFRDA) would launch a low-cost pension scheme on April 1 to provide social ...
29064,"December 14, 2009, Monday",Morgan Stanley ropes in Merrill Lynch's Fleming,Financial services major Morgan Stanley has appointed Merrill Lynch President and Chief Operating Officer Gregory J Fleming to ...
29079,"December 13, 2009, Sunday",Debit card payments up 40% in April-Oct,"Payments made through debit cards rose around 40 per cent to Rs 14,598 crore in the first seven months of the current fiscal ..."
29133,"December 08, 2009, Tuesday",Commexes turnover jumps 42% in April-Nov,"Turnover of the 23 commodity exchanges in the country surged by 42.63 per cent to Rs 47,29,971 crore till November this fiscal on ..."
29438,"November 13, 2009, Friday",StanChart IDR in March-April,StanChart Global CEO says the bank is waiting for the right market conditions.
29572,"November 03, 2009, Tuesday","Lloyds, RBS to sell assets to cap reliance on govt funds",Bailed out British banking majors Lloyds Banking Group and the Royal Bank of Scotland (RBS) have agreed to sell part of their ...
29717,"October 19, 2009, Monday",Payments by debit card rise over 40% in April-August,"Indicating a spurt in economic activities, payments made through debit cards rose over 40 per cent to Rs 9,911 crore in the first ..."
29837,"October 08, 2009, Thursday","Reliance Life's AUM cross Rs 10,000 cr","Anil Ambani Group firm Reliance Life Insurance said Wednesday its asset under management (AUM) has crossed Rs 10,000 crore and it ..."
29839,"October 08, 2009, Thursday",Reliance Capital sees govt waiver for life insurance co IPO by Nov 15,Reliance Capital expects a government waiver for floating its life insurance venture’s initial public offering (IPO) by ...
29921,"October 01, 2009, Thursday",Insurers against new tax regime for policies sold before April 2011,"The draft code, circulated for public comments, had suggested that life insurance policies should be taxed at the time of ..."
29927,"September 30, 2009, Wednesday",Reliance Life to strengthen its health insurance portfolio,"Eyeing a place among the top-three health insurers in the country within three years, Anil Ambani group firm Reliance Life ..."
29957,"September 28, 2009, Monday",RBI likely to start hiking rates by April 2010: Citi,The Reserve Bank is likely to reverse its soft rate regime by as early as April next year and increase its key policy rates by ...
30131,"September 10, 2009, Thursday",Credit card payment declines 11% during April-July,"During the April-July period, the payments made through credit card stood at Rs 19,569 crore, against Rs 22,031 crore in the ..."
30146,"September 10, 2009, Thursday",Reliance General bags Air India insurance mandate,A consortium led by Reliance General Insurance Company on Wednesday bagged the mandate for providing insurance to Air India for ...
30333,"August 25, 2009, Tuesday",Reliance Money may up stake in NMCE by 5%,Anil Ambani-run Reliance Money may acquire 5 per cent more in the National Multi-Commodity Exchange of India (NMCE) to take its ...
30385,"August 20, 2009, Thursday",Death claims up 21% in April-June quarter,"The life insurance industry has paid around Rs 1,717 crore as death benefit to policy holders between April and June 2009 ..."
30411,"August 19, 2009, Wednesday",Reliance Tech looks beyond technology for investments,"Reliance Technology Venture Limited (RTVL), the venture capital arm of the Anil Dhirubhai Ambani Group, is planning to look ..."
30638,"July 31, 2009, Friday","State Bank of India, LIC invest in Reliance Private Equity","Large Indian banks and financial institutions such as State Bank of India (SBI), Life Insurance Corporation (LIC), General ..."
30761,"July 22, 2009, Wednesday",Reliance Cap to sell insurance arm stake,"Plans i-banking foray, tweaks PE plan."
30769,"July 21, 2009, Tuesday",PE firms show interest in buying Bofa-Merrill's Asian assets,Many private equity companies are interested in acquiring the management of Bank of America Merrill Lynch's Asian real-estate ...
30833,"July 15, 2009, Wednesday","Reliance Tech, Nexus among Red Herring's Top-100 Global VCs",Two Indian venture capital firms — Anil Ambani Group’s Reliance Technology Ventures and Nexus India Capital — ...
30867,"July 13, 2009, Monday",Credit card payments dip 15% in April-May: RBI,"In what could have been an impact of economic slowdown, the payments made through credit card declined about 15 per cent in the ..."
31195,"June 12, 2009, Friday","Central bank sells  $2,487 mn in April","The Reserve Bank of India (RBI) sold $2,487 million in April, the first month of 2009-10, to support orderly trading in the ..."
31511,"May 15, 2009, Friday","Nandagopal quits Reliance Life, Razdan may head Birla Sun Life","There are winds of change in the life insurance industry, which is grappling with falling sales."
31532,"May 14, 2009, Thursday",BofA engaged in $3.3-bn worth M&A deal since Merrill merger,The government bailed out Bank of America may be scrambling to raise billions of dollars in additional capital but the financial ...
31565,"May 12, 2009, Tuesday",Reliance Life slashes agent strength,"Reliance Life Insurance, the insurance arm of Reliance Capital, reduced the number of agents by almost a third in the second half ..."
31875,"April 17, 2009, Friday",Public insurers up mkt share in April renewals,Public sector insurance companies have managed to raise their market share further during the April renewals.
32026,"April 02, 2009, Thursday","US to grill UBS, investors on tax scam: report",The US Justice Department has launched about 100 criminal investigations into major American investors of Swiss banking giant ...
32058,"April 01, 2009, Wednesday",MFs buy CDs as rates seen easing in April,Mutual funds started purchasing certificates of deposit (CDs) issued by banks On Tuesday on expectations that interest rates will ...
32097,"March 29, 2009, Sunday",Free cash withdrawals from all ATMs from April 1,Come April 1 and you need not have to sweat it out looking for an ATM of your own bank as you can use ATMs of your choice without ...
32102,"March 28, 2009, Saturday",Central Bank cuts BPLR by 50 bps from April 1,"Public sector lender, Central Bank of India, today said that it has reduced its benchmark prime lending rate by 0.50 per cent to ..."
32188,"March 20, 2009, Friday",RBI to announce annual credit policy on April 21,The RBI's credit policy is significant as it comes amid fears of further deterioration in the global economy and its consequent ...
32214,"March 18, 2009, Wednesday",AIG boss faces grilling in angry Congress,AIG boss Edward Liddy was set today to take the hot-seat in front of furious US lawmakers as a political firestorm rages over ...
32320,"March 10, 2009, Tuesday",Making $34 mn at Merrill means no bonus escapes subpoenas,"Andrea Orcel’s reported $33.8 million compensation for 2008, a year when his employer, Merrill Lynch & Co, had net ..."
32341,"March 07, 2009, Saturday",Merrill says it discovered trading 'irregularity',"Merrill Lynch & Co, the securities firm acquired by Bank of America Corp, said it uncovered an “irregularity” ..."
32383,"March 04, 2009, Wednesday",Merrill paid over $10 mn to top executives: WSJ,Beleaguered investment bank Merrill Lynch has paid more than $10 million in cash and stock to its eleven top executives last ...
32391,"March 04, 2009, Wednesday",Govt likely to borrow Rs 2.2 lakh cr in April-Sept,"The government is likely to borrow about Rs 2.2 lakh crore in the first half of the next financial year, a senior finance ..."
32511,"February 22, 2009, Sunday",Pay more for terror cover from April 1,No change in the maximum cover of Rs 750 crore.
32611,"February 13, 2009, Friday",Top 4 Merrill bonus recipients got $121 million,Merrill Lynch & Co’s top four bonus recipients received a combined $121 million just before the firm was acquired by ...
32705,"February 06, 2009, Friday",General insurance premium rates may rise from April,"Premium rates for fire, engineering and motor policies may rise in the coming months as non-life insurance companies are ..."
32912,"January 23, 2009, Friday",Lack of financial literacy hinders use of no-frills a/cs,Only 15 per cent are active users.
32953,"January 20, 2009, Tuesday","Tatas, Reliance to expand presence in home finance","Despite the gloom in the real estate market, corporate houses such as the Tatas and Anil Ambani’s Reliance group are ..."
32989,"January 16, 2009, Friday",BofA may get US aid for Merrill Lynch purchase,"Bank of America Corp, the biggest US bank by assets, may get more aid from the government to help absorb losses tied to this ..."
32997,"January 16, 2009, Friday","Trillion-dollar spree is road to ruin, not rally","We are in the midst of a crisis caused by so many financial institutions borrowing too much money. Somehow, a critical mass of ..."
33001,"January 15, 2009, Thursday","Reliance Capital gets nod to float NBFC, home finance firm",Reliance Capital has got the regulatory approval to set up a housing finance company (HFC) and a non-banking finance company ...
33024,"January 13, 2009, Tuesday","BankAm-Merrill Lynch may cut 1,900 jobs in UK: report","Financial services major Bank of America, which acquired Merrill Lynch recently, is considering to slash about 1,900 jobs from ..."
33404,"December 13, 2008, Saturday",Fed refuses to disclose recipients of $2 trillion in lending,The Federal Reserve refused a request by Bloomberg News to disclose the recipients of more than $2 trillion of emergency loans ...
33488,"December 07, 2008, Sunday",Reliance Life new biz to cross $1 bn by March,"Riding on the back of 100 per cent growth in new business, Reliance Life Insurance expects the first premium income to cross ..."
33525,"December 04, 2008, Thursday","Reliance Life to hire 2,500 managers, 90k advisers","Bullish on growth of the insurance sector, Reliance Life Insurance is set to hire 2,500 managers, besides 90,000 advisers in the ..."
33672,"November 22, 2008, Saturday","RIL raises Rs 2,000 cr via Re bonds",Private sector companies have begun raising funds through the domestic corporate bond market after a gap of nearly five years.
33778,"November 12, 2008, Wednesday","RBI temporarily retains WMA limit at Rs 20,000 cr","The Reserve Bank of India (RBI) has temporarily enhanced the Ways and Means Advance (WMA) for government to Rs 20,000 crore for ..."
34090,"October 23, 2008, Thursday",CDO cuts show $1 trillion corporate debt bets toxic,Investors are taking losses of up to 90 per cent in the $1.2 trillion market for collateralised debt obligations tied to ...
34284,"October 09, 2008, Thursday","Citibank, Reliance Retail plan 50:50 finance joint venture","Proposed non-banking financial company to offer loans, credit cards."
34338,"October 03, 2008, Friday",BankAm gives top job to Merrill Lynch CEO in the merged entity,"Merrill Lynch's chairman and chief executive officer John Thain will take over as the President of global banking, securities and ..."
34420,"September 26, 2008, Friday",Provisions may dent PSU banks' Q2 earnings: Merrill,The earnings growth of India’s state-owned banks for the July-September quarter is likely to be hit by the non-performing ...
34496,"September 19, 2008, Friday",Bank of Japan injects two trillion yen,The Bank of Japan said today it had injected two trillion yen ($19 billion) into money markets amid continuing concerns over ...
34562,"September 16, 2008, Tuesday",BankAm to buy Merrill Lynch for $50 billion,"Bank of America Corp, the biggest US consumer bank, agreed to acquire Merrill Lynch & Co for about $50 billion as the credit ..."
34565,"September 15, 2008, Monday",Lehman to file for bankruptcy; BankAm buys Merrill,"US investment bank Lehman Brothers announced today that it intended to file for bankruptcy ""in order to protect its assets ..."
34582,"September 11, 2008, Thursday",Andhra Bank ties up with Reliance AMC,"Andhra Bank has entered into a tie-up with Reliance Capital Asset Management Limited, a company of Anil Dhirubhai Ambani group, ..."
34633,"September 04, 2008, Thursday",Reliance Mutual Fund crosses 1 million SIPs,"Anil Ambani group's Reliance Mutual Fund, the country's largest fund house, today said it has achieved one million Systematic ..."
34723,"August 26, 2008, Tuesday","Goldman, Merrill bet big on India credit desks","The global credit turmoil may have singed Goldman Sachs and Merrill Lynch, but the two leading investment banks are betting big ..."
34928,"August 04, 2008, Monday",Reliance Infratel likely to defer public issue plans,Anil Ambani group firm Reliance Infratel is likely to defer its initial public offer (IPO) plans as the capital market ...
34968,"July 31, 2008, Thursday","Reliance Capital, DCB & J&K Bank Q1 results","Reliance Capital profit rises 5%
Reliance Capital today posted a 5 per cent rise in consolidated net profit to Rs 343.1 crore in ..."
35111,"July 15, 2008, Tuesday",Citi`s $1.1 trillion of mysterious assets shadow earnings,
35208,"July 03, 2008, Thursday",Reliance Money forays into Saudi Arabia,
35209,"July 03, 2008, Thursday",Reliance Mutual Fund expands presence in UAE,
35792,"April 24, 2008, Thursday","Global woes hit Citigroup, Merrill Indian arm ratings",The global financial turmoil has affected long-term credit ratings of two of Merrill Lynchs Indian arms as also four Indian ...
35866,"April 11, 2008, Friday","Credit crisis losses to top $1trillion, says Soros",Billionaire George Soros said the seizure in global credit markets caused by the subprime collapse will get worse before it gets ...
35908,"April 04, 2008, Friday",TN Co-op Bank Employees to strike on April 4,The Tamil Nadu Cooperative Bank Employees Federation plans to go on fast in front of all district headquarters across the state ...
35933,"April 01, 2008, Tuesday",Indian Bank biz crosses Rs 1 trillion,"Indian Bank has crossed Rs 1 lakh crore business as of March 31, 2008, the Chennai-based bank said in a statement ..."
36062,"March 11, 2008, Tuesday","Free ATM cash withdrawal from April 1, 2009","Customers can withdraw cash from any ATM free of cost from April 1, 2009. 
"
36221,"February 19, 2008, Tuesday",Free inter-bank ATM access from April `09,"Customers of one bank will be allowed free use of ATMs of other banks from April 1, 2009. Customers will soon be able to walk ..."
36532,"January 09, 2008, Wednesday",SBI buys 2% in MHRIL for Rs 80 cr,"Hospitality and leisure major Mahindra Holidays & Resorts (MHRIL), part of $4 billion Mahindra group, has signed a pre-IPO ..."
36579,"January 02, 2008, Wednesday",Reliance Banking tops fund returns in 2007,"Reliance Banking Fund, an open-ended scheme from Reliance Mutual, topped the returns chart in 2007 in the banking funds ..."
36639,"December 21, 2007, Friday","CLSA, Merrill, four others may manage SBI rights issue","CLSA and Merrill Lynch & Co are among six investment banks set to arrange State Bank of Indias $4.2 billion share sale, ..."
36846,"November 22, 2007, Thursday",Reliance Life Insurance to get capital boost,"Reliance Capital to infuse Rs 1500 crore by 2010.
"
36878,"November 16, 2007, Friday",Indian Bank to open 5 lakh no-frills accounts,Chennai-based Indian Bank is gearing up to further its financial inclusion initiatives and increase penetration into rural areas. ...
37082,"October 17, 2007, Wednesday",Merrill arm buy 5% in Religare,"Global financial services player Merrill Lynch has bought a five per cent stake in Religare Enterprises, a Delhi-based financial ..."
37141,"October 10, 2007, Wednesday",Reliance Life on expansion spree,"Reliance Life Insurance, one of the leading life insurance players in India, will invest Rs 1000-1200 crore in 2-3 years to ..."
37224,"September 29, 2007, Saturday",SBI crosses Rs 1 trillion market cap,"State Bank of India, the countrys biggest lender, today became the first public sector bank to touch a market capitalisation of ..."
37284,"September 22, 2007, Saturday","Reliance, UBS report fuel Sensex 216 pts",The day belonged to the Ambani brothers on the bourses. The stocks of Mukesh Ambani- and Anil Ambani-owned companies fuelled the ...
37916,"July 09, 2007, Monday",ICICI Bank in Rs 1 trillion M-cap club,ICICI Bank joined the Rs 1 trillion market capitalisation club today.ICICI Bank has become the eighth company on the ...
38017,"June 26, 2007, Tuesday",Reliance Money to set up kiosks at CMC outlets,"Reliance Money, the financial distribution company of the Anil Dhirubhai Ambani Group, has signed an agreement with CMC Ltd, a ..."
38104,"June 14, 2007, Thursday",Life insurance industry grows 49% in April,"The life insurance industry clocked 49 per cent growth in new businesses, while general insurance players saw 16 per cent ..."
38172,"June 04, 2007, Monday",DSP Merrill Lynch eyes 100% CAGR,DSP Merrill Lynch is looking at significant growth in its assets under advice in the private client advisory business in India. ...
38368,"May 08, 2007, Tuesday","Merrill, Franklin buy government debt","Merrill Lynch & Company and Franklin Resources are increasing purchases of Indian government debt, predicting the central ..."
38379,"May 07, 2007, Monday","ICICI to hire Goldman, Merrill for $5bn sale","ICICI Bank plans to hire Goldman Sachs and Merrill Lynch to help sell about $5 billion of stock, the largest share sale by an ..."
38638,"April 04, 2007, Wednesday",MF assets up 41% in FY07 at Rs 3.26 trillion,"The mutual fund (MF) industry grew nearly 41% in FY07 to Rs 3,26,328.47 crore as against Rs 2,31,045.38 crore in FY06. With this, ..."
38742,"March 22, 2007, Thursday",Merrill Lynch eyes stake in Infoline arm,"The US-based brokerage and investment bank Merrill Lynch, which recently hiked its stake in India Infoline to 14.10 per cent, is ..."
38758,"March 20, 2007, Tuesday",Vasco client device for Reliance Money,"Reliance Money, the financial solutions arm of Reliance Capital of ADAG group, is planning to invest Rs 25 crore for installing a ..."
38793,"March 15, 2007, Thursday",Ex-Merrill banker starts $300 mn India buyout fund,"Munesh Khanna, formerly head of investment banking at Merrill Lynch & Co's unit in India, raised $300 million to invest in ..."
38841,"March 07, 2007, Wednesday",RBI cap on inter-bank liabilities from April 1,"The Reserve Bank of India (RBI) has imposed caps on inter-bank liabilities from April 1, 2007, as several banks, particularly the ..."
39007,"February 08, 2007, Thursday",PSBs to rejig loan rates in April,"Public sector banks, which have been asked by the government to hold their home loan rates, are expected to review their interest ..."
39270,"January 03, 2007, Wednesday","Union, BoI life risk venture by April 2007","The life insurance joint venture between Union Bank of India, Bank of India and Japanese company Dai Ichi Mutual Life Insurance ..."
39293,"December 28, 2006, Thursday",Reliance General launches health plan,"Reliance General Insurance has launched Reliance Healthwise - a health insurance policy covering hospitalisation expenses, ..."
39345,"December 20, 2006, Wednesday",Reliance General income up 419%,Reliance General Insurance has achieved a new business premium of Rs 520 crore in April to November 2006 compared with Rs 100 ...
39909,"October 02, 2006, Monday",PNB biz likely to cross Rs 2 trillion in Q2,"Punjab National Bank(PNB) is likely to achieve a total business of more than Rs 2,00,000 crore in the second quarter of the ..."
40099,"September 06, 2006, Wednesday",Mutual fund assets cross Rs 3 trillion,"Assets under management (AUM) of mutual fund industry have crossed the Rs 300,000 crore mark in August to touch Rs 3,07,106 ..."
40264,"August 18, 2006, Friday",Reliance Life aims to break even in 3 yrs,Reliance Life Insurance Company has set a target of breaking even in three-and-a-half years. We plans to break even by 2009-10 ...
40321,"August 11, 2006, Friday",R Malhotra to head Merrill pvt client unit,Merrill Lynch today named Rahul Malhotra as managing director and head of global private client (GPC) group - India. Mahlotra has ...
40457,"July 26, 2006, Wednesday",Arcil MD Kakker joins Reliance ARC,"Rajendra Kakker has joined Reliance Asset Reconstruction Company, a part of the Reliance Capital Group, as president. ..."
40566,"July 17, 2006, Monday",Reliance General makes it to top 5 in premium income stakes,"Reliance General Insurance, a Reliance Anil Dhirubhai Ambani group company, has, in the first quarter of 2006-07, grown at a ..."
41235,"April 24, 2006, Monday",Union Bank eyes business of Rs 1.6 trillion,"Union Bank of India has set a total business target of Rs 1,60,000 crore for the current fiscal and has identified retail, SMEs, ..."
41402,"April 06, 2006, Thursday","SBI strike enters day 4, court hearing on April 19",Talks between striking employees of State Bank of India (SBI) and Chief Labour Commissioner S K Mukhopadhyay for a hike in ...
41429,"April 05, 2006, Wednesday",SBI meeting in Delhi on April 5,The day-two of the indefinite country wide strike at the State Bank of India (SBI) was complete in West Bengal today and also all ...
41467,"March 31, 2006, Friday","Income-tax notices to Reliance, Wockhardt over ECB payments",The income-tax department has sent notices to Reliance Industries (RIL) and Wockhardt to pay withholding tax on interest payments ...
41552,"March 24, 2006, Friday",Star Health to begin operations in April,"The country's first stand-alone health insurance company, Star Health and Allied Insurance Company Ltd, floated by a group of ..."
41580,"March 21, 2006, Tuesday",Reliance Inds to raise $150 m via bond float,Reliance Industries Ltd (RIL) proposes to raise $150 million (about Rs 660 crore) though an overseas bond issue to fund the ...
41629,"March 15, 2006, Wednesday",FM to meet Bihar bankers in April,"Bihar government will convene a state-level bankers meet, to be addressed by union finance minister P Chidambaram, next month to ..."
41630,"March 15, 2006, Wednesday",Govt to repay two bonds in April,"The government will repay investors of two securities maturing on April 10 and April 15. 
"
41800,"February 22, 2006, Wednesday",UCO Bank plans to raise Rs 450 cr debt by April,"UCO Bank expects to raise Rs 450 crore by April 2006 through debt, including perpetual bonds. UCO Bank seems to be the first bank ..."
41914,"February 08, 2006, Wednesday",Moody`s ups RIL rating,"Global rating agency Moodys Investors Service today upgraded Reliance Industries Ltds rating to BAA2 from BAA3, reflecting a ..."
41952,"February 02, 2006, Thursday",AMP Sanmar to be renamed Reliance Life,Anil Ambani-controlled Reliance Capital has received regulatory approval to change the name of AMP Sanmar Life Insurance to ...
42166,"January 12, 2006, Thursday",Enjoy no-frills savings a/c,"Over the past couple of months, banks have rolled out no-frills accounts, which need either nil or low minimum balances. 
"
42198,"January 07, 2006, Saturday",CorpBank`s no-frills account,"Corporation Bank has introduced a No Frills savings bank account with zero balance facility. 
"
42243,"December 31, 2005, Saturday",IOB to launch no-frills account at 60% of its rural branches,"Indian Overseas Bank aims to introduce no-frills account in 60 per cent of its 1,500 branches in rural areas. Addressing a ..."
42252,"December 30, 2005, Friday",BoM launches `no frills` accounts,Soon after the government issued guidelines to introduce no frills accounts for poor sections of the society who were not able ...
42261,"December 30, 2005, Friday",Banks back RBI`s inclusion plan with no-frills accounts,Several banks have launched 'no-frills' accounts in the recent weeks in response to the Reserve Bank of India's call of social ...
42313,"December 23, 2005, Friday","UTI Bank, RIL ink pact for SEZ in Maharashtra",The UTI Bank wants to ride high on the special economic zone (SEZ) bandwagon. It has joined hands with Reliance Industries Ltd ...
42411,"December 07, 2005, Wednesday","Liquidity not a worry, says Reliance MF head","Although debt markets continue to grapple over a likely liquidity squeeze near the month-end, Amitabh Mohanty, head of fixed ..."
42486,"November 24, 2005, Thursday",S&P rates Reliance above sovereign,"After Tata Steel and Infosys, the Mukesh Ambani-controlled Reliance Industries Ltd (RIL) has been rated above the sovereign by ..."
42506,"November 21, 2005, Monday",RBI`s cheque truncation system by April 2006,"The cheque truncation process, which involves online transmission of credit instantaneously, would be introduced by April 2006, ..."
42537,"November 17, 2005, Thursday",Look before leaping into no-frills accounts,"Banks will soon start offering 'no-frills' savings accounts, and it's good news for customers who are either averse to or not ..."
42562,"November 15, 2005, Tuesday",RBI asks banks to kick off no-frills accounts,"The Reserve Bank of India (RBI) today asked banks to make available basic n-frills banking accounts, as the current practices ..."
42790,"October 12, 2005, Wednesday",Reliance Life targets 1 million customers by 2006-end,"Reliance Life Insurance plans to achieve a customer base of one million by the end of 2006. 
"
43200,"August 12, 2005, Friday","IOC, RIL raise ECBs at record low rates","A price war among international banks, seeking to increase their exposure to Indian corporates, has led to a drop in costs of ..."
43296,"July 30, 2005, Saturday",Reliance Capital too in race for AMP,"Reliance Capital is one of several bidders for AMP Sanmar Life Insurance Company. The joint venture partners, AMP and Sanmar ..."
43914,"May 12, 2005, Thursday","Insurers still hot on Reliance, Tata accounts despite CAG strictures","Despite a CAG stricture, public sector insurance companies-National Insurance Company and Oriental Insurance Company- see the ..."
44011,"May 02, 2005, Monday",Three bank chairmen call it a day on April 30,"On April 30, S S Kohli of Punjab National Bank, M Venugopalan of Bank of India and B D Narang of Oriental Bank of Commerce ..."
44216,"April 10, 2005, Sunday",OBC public offer opens on April 25,"Oriental Bank of Commerce (OBC) will hit the market with its second public offer on April 25 for raising up to Rs 1,700 ..."
44331,"March 28, 2005, Monday",Credit policy on April 28,"Dr. Y.V. Reddy, Governor of Reserve Bank of India (RBI), will announce the annual policy statement for 2005-06 on April 28, ..."
44383,"March 21, 2005, Monday",Allahabad Bk public offer to open on April 6,"Allahabad Bank will tap the market early next fiscal to raise about Rs 900 crore.O N Singh, chairman of Allahabad Bank, ..."
44655,"February 17, 2005, Thursday",S&P open offer for Crisil to open on April 6,The voluntary conditional open offer of Standard & Poors (S&P) to raise its stake in the domestic rating agency Crisil ...
44881,"January 19, 2005, Wednesday",Insurance costs to rise post April 1,"A policyholder will have to shell out 1.2-10.2% additional premium.
"
44932,"January 12, 2005, Wednesday",Reliance to raise $300 m through ECB,Reliance Industries Ltd (RIL) may become the first Indian corporate to kick off an external commercial borrowing (ECB) programme ...
45060,"December 28, 2004, Tuesday",NIC chief-designate plans to look into Reliance Infocomm claim,"Bimalendu Chakraborty, general manager on special duty, designated to take over as the chairman and managing director of National ..."
45156,"December 15, 2004, Wednesday",Deutsche Bank signs 679cr buyer`s credit for Reliance,Deutsche Bank AG and Reliance Industries Ltd signed a $116.2 million financing deal in Frankfurt which will be used to refinance ...
45598,"October 06, 2004, Wednesday","BoI, Union Bank set to merge in April","Merged entity to be second largest bank after SBI. 
"
45620,"October 01, 2004, Friday",Current account surplus at $1.9 bn in April-June,India has posted a current account surplus of $1.90 billion for the quarter ended June 2004 as against a deficit of $637 million ...
46633,"June 02, 2004, Wednesday",$1.75 bn ECBs raised in April,"India Inc raised a total of $1.75 billion in external commercial borrowing during April 2004.
"
46812,"May 11, 2004, Tuesday",Increasing reliance on own revenue sources 'salutary',The Reserve Bank of India (RBI) today said the emerging trend towards increased reliance on states own sources of revenue ...
46972,"April 17, 2004, Saturday",Reliance Info in ATM pact with SBI,Reliance Infocomm and State Bank of India have tied up for CDMA wireless connectivity for 100 ATMs across the country. The ...
47086,"March 31, 2004, Wednesday",RBI likely to postpone April credit policy,"In the absence of a regular Budget, the Reserve Bank of India (RBI) may postpone the announcement of its slack season monetary ..."
47436,"February 16, 2004, Monday",Online I-T filings likely from April,The Reserve Bank of India (RBI) is understood to be gearing up banks for a national launch of its online income tax collection ...
47437,"February 16, 2004, Monday",Online I-T filings likely from April,The Reserve Bank of India (RBI) is understood to be gearing up banks for a national launch of its online income tax collection ...
47487,"February 11, 2004, Wednesday","Rs 3,000 crore ICICI Bank issue by April","ICICI Bank board approved plans to raise up to Rs 3,000 crore through a domestic public issue of shares by April. 
"
47543,"February 05, 2004, Thursday",RIL garners $250 million,"Reliance Industries Ltd has raised $250 million through a syndicated loan from a group of leading international banks. 
"
47653,"January 23, 2004, Friday",IBA sees banking sector balance sheet size at Rs 40 trillion by 2010,"The Indian Banks Association (IBA) has projected the big picture for the Indian banking sector. 
"
47663,"January 23, 2004, Friday",Reliance to raise $750 mn overseas,"In another bid to refinance high-cost foreign currency debt, Reliance Industries is once again accessing the overseas market. 
"
47684,"January 20, 2004, Tuesday",Munich Re set to revive talks with Reliance,"Munich Re, the reinsurance major, has decided to revive talks with the Reliance group for setting up a reinsurance company in ..."
47685,"January 20, 2004, Tuesday",Munich Re set to revive talks with Reliance,"Munich Re, the reinsurance major, has decided to revive talks with the Reliance group for setting up a reinsurance company in ..."
47730,"January 16, 2004, Friday",Munich Re set to revive talks with Reliance,"Munich Re, the reinsurance major, has decided to revive talks with the Reliance group for setting up a reinsurance company in ..."
47791,"January 10, 2004, Saturday",Dada-Dadi bonds from April 1,Dada-Dadi bonds  likely to be modelled on Granny Bonds overseas  are set to replace Varishta Pension Bima Yojana. The Varishta ...
47792,"January 10, 2004, Saturday",Dada-Dadi bonds from April 1,Dada-Dadi bonds  likely to be modelled on Granny Bonds overseas  are set to replace Varishta Pension Bima Yojana. The Varishta ...
47987,"December 18, 2003, Thursday","New India retains Rs 40,000cr Reliance account","The New India Assurance Company has retained its leadership in the renewal of the Rs 40,000-crore plus Reliance Industries (RIL) ..."
48077,"December 05, 2003, Friday",NSE debt turnover crosses Rs 10 trillion in 8 months,The aggregate debt turnover on the National Stock Exchange (NSE) crossed Rs 10 trillion mark in the first eight months of fiscal ...
48144,"November 26, 2003, Wednesday","Reliance, BSES seeking to list Rs 10,000 crore bonds","A V Birla group, PSUs, others rush to list unlisted bonds 

"
48607,"September 19, 2003, Friday",Union Bank Aims At Rs 1 Trillion Business,Union Bank Aims At Rs 1 Trillion Business
48764,"August 28, 2003, Thursday",Sterilisation First Step Towards Liquidity Management,Sterilisation First Step Towards Liquidity Management
48789,"August 26, 2003, Tuesday",Uco Bank Aims To Clock Rs 1 Trillion Business By 2007,Uco Bank Aims To Clock Rs 1 Trillion Business By 2007
49088,"July 09, 2003, Wednesday",Muggy April-May for general insurers,The general insurance industry in the country has gone through a slower growth phase in the first two months of the current ...
49302,"June 04, 2003, Wednesday",Non-Life Premiums Up 12.17% In April,Non-Life Premiums Up 12.17% In April
49620,"April 17, 2003, Thursday",Cover Cap Imperils Road Mishap Victims,Cover Cap Imperils Road Mishap Victims
49648,"April 12, 2003, Saturday",Rbi Prods Primarily Dealers To Increase Underwriting,Rbi Prods Primarily Dealers To Increase Underwriting
49705,"April 03, 2003, Thursday",Gilt Investments By Banks Surge Past Rs 1 Trillion,Gilt Investments By Banks Surge Past Rs 1 Trillion
49822,"March 12, 2003, Wednesday","Ides Of March For Bond St, Says Merrill Lynch","Ides Of March For Bond St, Says Merrill Lynch"
49928,"February 21, 2003, Friday",Motor Insurance To Be Detariffed By April 2004,Motor Insurance To Be Detariffed By April 2004
